,speaker,content,turn_number,cumulative_speaker_turn_number,word_count_points,sentence_count_points,named_entity_count_points,named_entities,bonus_word_points,bonus_word_words,base_score,E,P,L,ethos_score_explained,pathos_score_explained,logos_score_explained,epl_multiplier,total_turn_score,cumulative_speaker_base_score,cumulative_speaker_total_score,E_Expl,P_Expl,L_Expl
0,LEHRER,"Good evening from the Ford Center for the Performing Arts at the University of Mississippi in Oxford. I’m Jim Lehrer of the NewsHour on PBS, and I welcome you to the first of the 2008 presidential debates between the Republican nominee, Senator John McCain of Arizona, and the Democratic nominee, Senator Barack Obama of Illinois. The Commission on Presidential Debates is the sponsor of this event and the three other presidential and vice presidential debates coming in October. Tonight’s will primarily be about foreign policy and national security, which, by definition, includes the global financial crisis. It will be divided roughly into nine-minute segments. Direct exchanges between the candidates and moderator follow-ups are permitted after each candidate has two minutes to answer the lead question in an order determined by a coin toss. The specific subjects and questions were chosen by me. They have not been shared or cleared with anyone. The audience here in the hall has promised to remain silent, no cheers, no applause, no noise of any kind, except right now, as we welcome Senators Obama and McCain. (APPLAUSE) Let me begin with something General Eisenhower said in his 1952 presidential campaign. Quote, “We must achieve both security and solvency. In fact, the foundation of military strength is economic strength,” end quote. With that in mind, the first lead question. Gentlemen, at this very moment tonight, where do you stand on the financial recovery plan? First response to you, Senator Obama. You have two minutes.",1,1,291,16,30,"(evening, the Ford Center for the Performing Arts, the University of Mississippi, Oxford, Jim Lehrer, NewsHour, PBS, first, 2008, Republican, John McCain, Arizona, Democratic, Barack Obama, Illinois, The Commission on Presidential Debates, three, October, Tonight, nine-minute, two minutes, Obama, McCain, Eisenhower, 1952, first, this very moment tonight, First, Obama, two minutes)",132,"{'begin', 'arizona', 'which', 'determined', 'permitted', 'or', 'coming', 'into', 'very', 'a', 'between', 'you', 'is', 'on', 'his', 'it', 'crisis', 'must', 'economic', 'the', 'right', 'democratic', 'where', 'any', 'response', 'welcome', 'were', 'anyone', 'divided', 'military', 'direct', 'ford', 'mind', 'question', 'are', 'as', 'illinois', 'october', 'each', 'plan', 'roughly', 'toss', 'center', 'hall', 'here', 'general', 'global', 'achieve', 'noise', 'definition', 'by', 'policy', 'now', 'answer', 'candidate', 'chosen', 'campaign', 'sponsor', 'commission', 'audience', 'security', 'financial', 'that', 'at', 'both', 'fact', 'be', 'mississippi', 'specific', 'good', 'said', 'nominee', 'with', 'remain', 'quote', 'and', 'been', 'end', 'of', 'university', 'oxford', 'not', 'order', 'me', 'do', 'john', 'lead', 'have', 'they', 'two', 'foreign', 'about', 'three', 'senator', 'jim', 'republican', 'except', 'other', 'will', 'i', 'for', 'vice', 'silent', 'an', 'recovery', 'to', 'm', 'first', 'we', 'something', 'let', 'stand', 'in', 's', 'primarily', 'this', 'national', 'foundation', 'coin', 'no', 'after', 'presidential', 'solvency', 'kind', 'event', 'tonight', 'applause', 'moment', 'from', 'moderator', 'strength', 'evening'}",469,7.5,3.0,7.0,empty,empty,empty,1.5833333333333335,742.5833333333334,469,742.5833333333334,The speaker establishes their credibility through their position as a well-known journalist and by citing the structure of the debate and the Commission on Presidential Debates.,"There is minimal emotional appeal in the intro, with only some excitement created by the audience's applause for the candidates.",The speaker uses a well-structured format for the debate and a quote from General Eisenhower to set the focus on economic strength as a basis for the discussion.
1,OBAMA,"Well, thank you very much, Jim, and thanks to the commission and the University of Mississippi, Ole Miss, for hosting us tonight. I can’t think of a more important time for us to talk about the future of the country. You know, we are at a defining moment in our history. Our nation is involved in two wars, and we are going through the worst financial crisis since the Great Depression. And although we’ve heard a lot about Wall Street, those of you on Main Street I think have been struggling for a while, and you recognize that this could have an impact on all sectors of the economy. And you’re wondering, how’s it going to affect me? How’s it going to affect my job? How’s it going to affect my house? How’s it going to affect my retirement savings or my ability to send my children to college? So we have to move swiftly, and we have to move wisely. And I’ve put forward a series of proposals that make sure that we protect taxpayers as we engage in this important rescue effort. Number one, we’ve got to make sure that we’ve got oversight over this whole process; $700 billion, potentially, is a lot of money. Number two, we’ve got to make sure that taxpayers, when they are putting their money at risk, have the possibility of getting that money back and gains, if the market — and when the market returns. Number three, we’ve got to make sure that none of that money is going to pad CEO bank accounts or to promote golden parachutes. And, number four, we’ve got to make sure that we’re helping homeowners, because the root problem here has to do with the foreclosures that are taking place all across the country. Now, we also have to recognize that this is a final verdict on eight years of failed economic policies promoted by George Bush, supported by Senator McCain, a theory that basically says that we can shred regulations and consumer protections and give more and more to the most, and somehow prosperity will trickle down. It hasn’t worked. And I think that the fundamentals of the economy have to be measured by whether or not the middle class is getting a fair shake. That’s why I’m running for president, and that’s what I hope we’re going to be talking about tonight.",2,1,484,19,14,"(Jim, the University of Mississippi, tonight, two, the Great Depression, Main Street, $700 billion, two, Number three, number four, eight years, George Bush, McCain, tonight)",173,"{'billion', 'president', 'those', 'think', 'or', 'move', 'sure', 'very', 'a', 'hosting', 'you', 'gains', 'is', 'on', 'it', 'crisis', 'economic', 'potentially', 'the', 'money', 'bank', 'all', 'because', 'make', 'promote', 'got', 'worked', 'prosperity', 'eight', 'class', 'job', 'lot', 'helping', 'while', 'recognize', 'so', 'are', 'important', 'involved', 'going', 'as', 'getting', 'fair', 'oversight', 'nation', 'back', 'effort', 'college', 'rescue', 'worst', 'over', 'here', 'depression', 'street', 'place', 'us', 'thanks', 'history', 'wondering', 'since', 'by', 'now', 'george', 'protect', 'commission', 'forward', 'send', 'ability', 'financial', 'that', 'at', 'retirement', 'future', 'although', 'great', 'put', 't', 'problem', 'be', 'pad', 'mississippi', 'taking', 'my', 'their', 'somehow', 'middle', 'know', 'house', 'with', 'across', 'root', 'golden', 'and', 'been', 'four', 'bush', 'market', 'of', 'university', 'give', 'much', 'not', 'thank', 'process', 'wall', 'me', 'engage', 'do', 'none', 'what', 'have', 'our', 'they', 'two', 'why', 'down', 'economy', 'hope', 'about', 'affect', 'three', 'senator', 'final', 'shred', 'jim', 'if', 'could', 'one', 'most', 'well', 'will', 'i', 'for', 'series', 'wisely', 'an', 'miss', 'basically', 'talking', 'verdict', 'to', 'number', 'talk', 'trickle', 'time', 're', 'm', 'we', 'struggling', 'running', 'how', 'impact', 'in', 's', 'whole', 'this', 'theory', 'through', 'shake', 'measured', 'whether', 'country', 'ole', 'also', 'more', 'tonight', 'main', 'possibility', 'moment', 'risk', 'can', 'consumer', 'when'}",690,6.5,8.0,7.5,empty,empty,empty,1.7333333333333334,1196.0,690,1196.0,The speaker establishes credibility by thanking the host and acknowledging the importance of the debate.,"The speaker appeals to emotions by addressing the anxieties of the audience around the economy, jobs, and housing.",The speaker uses a logical approach by presenting a series of proposals to address the financial crisis and highlighting the failures of previous policies.
2,LEHRER,"Senator McCain, two minutes.",3,2,6,1,2,"(McCain, two minutes)",2,"{'two', 'senator'}",11,0.0,0.0,0.0,empty,empty,empty,1.0,11.0,480,753.5833333333334,,,
3,MCCAIN,"Well, thank you, Jim. And thanks to everybody. And I do have a sad note tonight. Senator Kennedy is in the hospital. He’s a dear and beloved friend to all of us. Our thoughts and prayers go out to the lion of the Senate. I also want to thank the University of Mississippi for hosting us tonight. And, Jim, I — I’ve been not feeling too great about a lot of things lately. So have a lot of Americans who are facing challenges. But I’m feeling a little better tonight, and I’ll tell you why. Because as we’re here tonight in this debate, we are seeing, for the first time in a long time, Republicans and Democrats together, sitting down, trying to work out a solution to this fiscal crisis that we’re in. And have no doubt about the magnitude of this crisis. And we’re not talking about failure of institutions on Wall Street. We’re talking about failures on Main Street, and people who will lose their jobs, and their credits, and their homes, if we don’t fix the greatest fiscal crisis, probably in — certainly in our time, and I’ve been around a little while. But the point is — the point is, we have finally seen Republicans and Democrats sitting down and negotiating together and coming up with a package. This package has transparency in it. It has to have accountability and oversight. It has to have options for loans to failing businesses, rather than the government taking over those loans. We have to — it has to have a package with a number of other essential elements to it. And, yes, I went back to Washington, and I met with my Republicans in the House of Representatives. And they weren’t part of the negotiations, and I understand that. And it was the House Republicans that decided that they would be part of the solution to this problem. But I want to emphasize one point to all Americans tonight. This isn’t the beginning of the end of this crisis. This is the end of the beginning, if we come out with a package that will keep these institutions stable. And we’ve got a lot of work to do. And we’ve got to create jobs. And one of the areas, of course, is to eliminate our dependence on foreign oil.",4,1,472,28,27,"(Jim, tonight, Kennedy, Senate, the University of Mississippi, tonight, Jim, Americans, tonight, tonight, first, Republicans, Democrats, Main Street, Republicans, Democrats, Washington, Republicans, the House of Representatives, House, Republicans, one, Americans, tonight, the beginning of the end, the end of the beginning, one)",149,"{'doubt', 'beginning', 'debate', 'those', 'sad', 'transparency', 'coming', 'than', 'emphasize', 'a', 'certainly', 'failure', 'hosting', 'you', 'is', 'lose', 'on', 'washington', 'solution', 'too', 'it', 'crisis', 'everybody', 'accountability', 'these', 'understand', 'the', 'friend', 'all', 'because', 'go', 'tell', 'magnitude', 'got', 'eliminate', 'hospital', 'sitting', 'but', 'senate', 'met', 'lot', 'while', 'so', 'are', 'feeling', 'failing', 'as', 'oversight', 'people', 'back', 'little', 'over', 'here', 'street', 'us', 'thanks', 'was', 'out', 'that', 'oil', 'seen', 'government', 'went', 'note', 'essential', 'great', 'together', 'better', 't', 'problem', 'be', 'mississippi', 'taking', 'my', 'seeing', 'around', 'their', 'don', 'house', 'with', 'work', 'up', 'package', 'and', 'been', 'end', 'course', 'keep', 'of', 'university', 'not', 'lion', 'thank', 'fiscal', 'dependence', 'wall', 'do', 'want', 'come', 'have', 'our', 'they', 'why', 'dear', 'down', 'foreign', 'about', 'create', 'senator', 'jim', 'who', 'if', 'one', 'he', 'well', 'fix', 'other', 'will', 'i', 'for', 'decided', 'lately', 'talking', 'to', 'm', 'first', 'long', 'time', 're', 'number', 'we', 'in', 's', 'this', 'beloved', 'trying', 'finally', 'no', 'facing', 'part', 'would', 'also', 'tonight', 'main', 'yes', 'point', 'stable', 'probably', 'rather'}",676,7.5,8.2,6.8,empty,empty,empty,1.75,1183.0,676,1183.0,"The speaker references their own experience and reputation, as well as giving a shout out to the debate host and sympathizing with Senator Kennedy.",The speaker connects Americans' fears and concerns about the fiscal crisis to their discussion of the bipartisan efforts being made to address it.,"The speech provides logical reasoning for creating a solution, by emphasizing the need for accountability, transparency, and other essential elements in the package."
4,LEHRER,"All right, let’s go back to my question. How do you all stand on the recovery plan? And talk to each other about it. We’ve got five minutes. We can negotiate a deal right here. But, I mean, are you — do you favor this plan, Senator Obama, and you, Senator McCain? Do you — are you in favor of this plan?",5,3,79,7,4,"(’s, five minutes, Obama, McCain)",40,"{'about', 'got', 'senator', 'but', 'other', 'i', 'question', 'recovery', 'my', 'are', 'to', 'plan', 'talk', 'each', 'back', 'a', 'we', 'let', 'how', 'you', 'stand', 's', 'negotiate', 'on', 'mean', 'in', 'favor', 'this', 'and', 'it', 'here', 'of', 'the', 'right', 'do', 'all', 'five', 'can', 'go', 'deal'}",130,2.5,1.5,4.0,empty,empty,empty,1.2666666666666666,164.66666666666666,610,918.25,"The speaker mentions being able to negotiate a deal, but does not invoke any strong authority or credibility.","The speaker attempts to create a sense of urgency and excitement with the idea of negotiating a deal, but the emotional appeal is limited.","The snippet contains logical elements with asking both Senators about their stance on the recovery plan, promoting a discussion between them."
5,OBAMA,"We haven’t seen the language yet. And I do think that there’s constructive work being done out there. So, for the viewers who are watching, I am optimistic about the capacity of us to come together with a plan. The question, I think, that we have to ask ourselves is, how did we get into this situation in the first place? Two years ago, I warned that, because of the subprime lending mess, because of the lax regulation, that we were potentially going to have a problem and tried to stop some of the abuses in mortgages that were taking place at the time. Last year, I wrote to the secretary of the Treasury to make sure that he understood the magnitude of this problem and to call on him to bring all the stakeholders together to try to deal with it. So — so the question, I think, that we’ve got to ask ourselves is, yes, we’ve got to solve this problem short term. And we are going to have to intervene; there’s no doubt about that. But we’re also going to have to look at, how is it that we shredded so many regulations? We did not set up a 21st-century regulatory framework to deal with these problems. And that in part has to do with an economic philosophy that says that regulation is always bad.",6,2,267,11,5,"(first, Two years ago, Last year, Treasury, 21st-century)",109,"{'stop', 'doubt', 'think', 'try', 'regulatory', 'sure', 'into', 'a', 'there', 'short', 'is', 'on', 'it', 'intervene', 'set', 'these', 'lax', 'economic', 'potentially', 'philosophy', 'the', 'because', 'all', 'make', 'framework', 'were', 'deal', 'language', 'magnitude', 'got', 'but', 'did', 'question', 'so', 'are', 'capacity', 'going', 'treasury', 'plan', 'yet', 'him', 'many', 'ourselves', 'place', 'us', 'haven', 'last', 'constructive', 'tried', 'out', 'that', 'ask', 'at', 'seen', 'am', 'regulation', 'together', 't', 'problem', 'taking', 'being', 'optimistic', 'with', 'work', 'secretary', 'up', 'and', 'look', 'of', 'watching', 'not', 'year', 'ago', 'do', 'come', 'have', 'two', 'about', 'situation', 'who', 'bad', 'understood', 'he', 'wrote', 'i', 'for', 'done', 'an', 'to', 'first', 'time', 're', 'we', 'always', 'how', 'in', 's', 'solve', 'this', 'no', 'get', 'part', 'also', 'yes', 'call', 'bring', 'mess', 'some', 'term'}",392,8.0,6.5,9.6,empty,empty,empty,1.8033333333333332,706.9066666666666,1082,1902.9066666666668,The speaker establishes credibility by citing their previous warnings and actions taken to address the issue.,The snippet appeals to the audience's emotions through the expression of optimism and the shared responsibility to solve a current problem.,"The speaker presents a strong logical argument, highlighting causes of the problem, the need for intervention, and the importance of considering a new regulatory framework."
6,LEHRER,"Are you going to vote for the plan, Senator McCain?",7,4,12,1,1,"(McCain,)",9,"{'you', 'the', 'senator', 'are', 'going', 'to', 'plan', 'vote', 'for'}",23,0.0,1.5,1.0,empty,empty,empty,1.0833333333333333,24.916666666666664,633,943.1666666666667,,"Using the senator's name personalizes the question, creating mild emotional appeal.",The question briefly references a 'plan' which creates a minimal logical aspect.
7,MCCAIN,I — I hope so. And I…,8,2,8,2,0,(),4,"{'hope', 'and', 'i', 'so'}",14,0.5,1.5,0.5,empty,empty,empty,1.0833333333333333,15.166666666666666,690,1198.1666666666667,"There is little authority, credibility, or trustworthiness in this statement.","There is mild emotion in the expression of hope, though it lacks depth.",There is no logical argument or evidence presented.
8,LEHRER,As a United States senator…,9,5,5,1,1,"(United States,)",3,"{'united', 'a', 'as'}",10,5.0,0.0,0.0,empty,empty,empty,1.1666666666666667,11.666666666666668,643,954.8333333333334,The speaker's position as a United States senator establishes credibility and authority in their argument.,,
9,MCCAIN,Sure.,10,3,2,1,0,(),1,{'sure'},4,0.5,0.0,1.0,empty,empty,empty,1.05,4.2,694,1202.3666666666666,"The use of 'Sure' shows the speaker's agreement with the statement, giving a minuscule boost in credibility.",,"The statement 'Sure' serves as an acknowledgment, showing the speaker's comprehension and logical acceptance of the point being made."
10,LEHRER,… you’re going to vote for the plan?,11,6,11,1,0,(),8,"{'you', 'the', 'going', 'to', 'plan', 'vote', 're', 'for'}",20,0.0,0.0,0.0,empty,empty,empty,1.0,20.0,663,974.8333333333334,,,
11,MCCAIN,"Sure. But — but let me — let me point out, I also warned about Fannie Mae and Freddie Mac and warned about corporate greed and excess, and CEO pay, and all that. A lot of us saw this train wreck coming. But there’s also the issue of responsibility. You’ve mentioned President Dwight David Eisenhower. President Eisenhower, on the night before the Normandy invasion, went into his room, and he wrote out two letters. One of them was a letter congratulating the great members of the military and allies that had conducted and succeeded in the greatest invasion in history, still to this day, and forever. And he wrote out another letter, and that was a letter of resignation from the United States Army for the failure of the landings at Normandy. Somehow we’ve lost that accountability. I’ve been heavily criticized because I called for the resignation of the chairman of the Securities and Exchange Commission. We’ve got to start also holding people accountable, and we’ve got to reward people who succeed. But somehow in Washington today — and I’m afraid on Wall Street — greed is rewarded, excess is rewarded, and corruption — or certainly failure to carry out our responsibility is rewarded. As president of the United States, people are going to be held accountable in my administration. And I promise you that that will happen.",12,4,269,14,15,"(Fannie Mae, Freddie Mac, Dwight David Eisenhower, Eisenhower, the night, Normandy, two, One, this day, the United States Army, Normandy., the Securities and Exchange Commission, Washington, today, the United States)",109,"{'administration', 'forever', 'president', 'or', 'coming', 'sure', 'into', 'a', 'there', 'had', 'failure', 'certainly', 'start', 'you', 'room', 'is', 'on', 'his', 'washington', 'succeed', 'accountability', 'heavily', 'saw', 'before', 'the', 'all', 'because', 'military', 'david', 'today', 'got', 'afraid', 'but', 'day', 'mae', 'lot', 'greed', 'are', 'going', 'as', 'people', 'mac', 'freddie', 'street', 'allies', 'us', 'history', 'army', 'still', 'commission', 'was', 'out', 'that', 'at', 'train', 'went', 'lost', 'great', 'another', 'them', 'exchange', 'be', 'my', 'night', 'promise', 'somehow', 'excess', 'pay', 'and', 'been', 'carry', 'of', 'me', 'wall', 'holding', 'accountable', 'our', 'two', 'corporate', 'resignation', 'about', 'happen', 'dwight', 'who', 'responsibility', 'one', 'issue', 'he', 'wrote', 'united', 'will', 'i', 'for', 'to', 'm', 'we', 'let', 'chairman', 'in', 's', 'this', 'letter', 'reward', 'also', 'invasion', 'point', 'corruption', 'from', 'wreck'}",407,6.5,3.5,7.0,empty,empty,empty,1.5666666666666667,637.6333333333333,1101,1840.0,"The speaker demonstrates credibility by mentioning their past warnings about Fannie Mae, Freddie Mac, and corporate greed, as well as referencing President Eisenhower.",The story of Eisenhower's letters and the concept of accountability may evoke a sense of duty and the need for responsibility on an emotional level.,"The speaker lays out a logical argument concerning the consequences of rewarding greed and excess, and the importance of holding people accountable in an administration."
12,LEHRER,"Do you have something directly to say, Senator Obama, to Senator McCain about what he just said?",13,7,20,1,2,"(Obama, McCain)",13,"{'about', 'you', 'senator', 'do', 'just', 'he', 'what', 'have', 'to', 'say', 'directly', 'something', 'said'}",36,0.0,0.0,0.0,empty,empty,empty,1.0,36.0,699,1010.8333333333334,,,
13,OBAMA,"Well, I think Senator McCain’s absolutely right that we need more responsibility, but we need it not just when there’s a crisis. I mean, we’ve had years in which the reigning economic ideology has been what’s good for Wall Street, but not what’s good for Main Street. And there are folks out there who’ve been struggling before this crisis took place. And that’s why it’s so important, as we solve this short-term problem, that we look at some of the underlying issues that have led to wages and incomes for ordinary Americans to go down, the — a health care system that is broken, energy policies that are not working, because, you know, 10 days ago, John said that the fundamentals of the economy are sound.",14,3,158,4,6,"(McCain, years, Main Street, Americans, 10 days ago, John)",77,"{'which', 'think', 'ideology', 'took', 'health', 'a', 'there', 'had', 'ordinary', 'you', 'is', 'just', 'it', 'crisis', 'need', 'economic', 'before', 'the', 'right', 'led', 'because', 'go', 'but', 'days', 'underlying', 'so', 'are', 'important', 'as', 'working', 'street', 'place', 'out', 'that', 'at', 'system', 'sound', 'problem', 'wages', 'good', 'know', 'said', 'broken', 'and', 'been', 'look', 'care', 'of', 'not', 'wall', 'ago', 'what', 'john', 'have', 'why', 'down', 'economy', 'absolutely', 'senator', 'who', 'responsibility', 'energy', 'well', 'i', 'for', 'to', 'we', 'struggling', 'mean', 'in', 's', 'solve', 'this', 'more', 'main', 'some', 'when'}",245,7.2,8.1,8.7,empty,empty,empty,1.8,441.0,1327,2343.9066666666668,The speaker establishes credibility by agreeing with Senator McCain while introducing perspectives that highlight the speaker's understanding of the larger economic situation.,"The mention of struggles faced by 'ordinary Americans' and the issues with healthcare, energy policies, and incomes evokes sympathy and a sense of urgency.","The argument is logically structured by addressing the short-term problem, underlying issues, and offering examples to demonstrate the overall economic situation."
14,LEHRER,Say it directly to him.,15,8,6,1,0,(),5,"{'him', 'it', 'to', 'say', 'directly'}",12,2.0,0.0,0.0,empty,empty,empty,1.0666666666666667,12.8,711,1023.6333333333333,"The statement is a direct command, which implies some level of authority.",,
15,OBAMA,I do not think that they are.,16,4,8,1,0,(),7,"{'that', 'do', 'are', 'they', 'think', 'not', 'i'}",16,0.0,0.0,0.5,empty,empty,empty,1.0166666666666666,16.266666666666666,1343,2360.173333333333,,,The statement 'I do not think that they are.' can weakly imply a logical disagreement but lacks the necessary context or supporting evidence to provide a strong rating.
16,LEHRER,Say it directly to him.,17,9,6,1,0,(),5,"{'him', 'it', 'to', 'say', 'directly'}",12,3.0,1.5,0.0,empty,empty,empty,1.15,13.799999999999999,723,1037.4333333333334,The speaker somewhat demonstrates authority by telling someone to confront another person directly.,There is a minor emotional appeal in encouraging direct communication.,
17,OBAMA,"Well, the — John, 10 days ago, you said that the fundamentals of the economy are sound. And…",18,5,22,2,1,"(10 days ago,)",12,"{'you', 'the', 'that', 'ago', 'are', 'sound', 'john', 'well', 'of', 'days', 'economy', 'said'}",37,7.5,6.0,8.0,empty,empty,empty,1.7166666666666668,63.51666666666667,1380,2423.69,The speaker gains credibility by addressing a person in the audience and citing a statement made by them.,The speaker evokes emotional response by bringing up a recent event that might have an impact on the audience.,The speaker uses a logical appeal by pointing out an inconsistency between the cited statement and the current situation.
18,MCCAIN,Are you afraid I couldn’t hear him? (LAUGHTER),19,5,13,2,0,(),8,"{'you', 'laughter', 'are', 'afraid', 'him', 'hear', 't', 'i'}",23,1.0,3.5,0.0,empty,empty,empty,1.15,26.45,1124,1866.45,"Using humor can establish a connection with the audience, but it isn't strong enough in this context.",Incorporating laughter evokes a positive emotional response from the audience.,
19,LEHRER,I’m just determined to get you all to talk to each other. I’m going to try.,20,10,22,2,0,(),13,"{'talk', 'you', 'try', 'just', 'all', 'determined', 'going', 'to', 'm', 'get', 'other', 'each', 'i'}",37,2.0,6.5,2.0,empty,empty,empty,1.35,49.95,760,1087.3833333333334,The speaker shows a bit of credibility by emphasizing their determination to facilitate conversation.,This expression of determination to create dialogue garners sympathy and generates an emotional connection.,The commitment to get people to talk to each other represents a basic logical approach to problem-solving.
20,OBAMA,"The — and I just fundamentally disagree. And unless we are holding ourselves accountable day in, day out, not just when there’s a crisis for folks who have power and influence and can hire lobbyists, but for the nurse, the teacher, the police officer, who, frankly, at the end of each month, they’ve got a little financial crisis going on. They’re having to take out extra debt just to make their mortgage payments. We haven’t been paying attention to them. And if you look at our tax policies, it’s a classic example.",21,6,117,5,1,"(the end of each month,)",67,"{'nurse', 'out', 'got', 'financial', 'at', 'who', 'day', 'but', 'if', 'extra', 'officer', 'month', 't', 'attention', 'i', 'unless', 'for', 'paying', 'them', 'classic', 'police', 'debt', 'are', 'their', 'going', 'to', 'each', 'take', 're', 'a', 'there', 'we', 'little', 'tax', 'you', 'in', 's', 'power', 'influence', 'on', 'example', 'just', 'hire', 'and', 'been', 'end', 'it', 'crisis', 'look', 'of', 'frankly', 'ourselves', 'not', 'disagree', 'the', 'haven', 'holding', 'teacher', 'fundamentally', 'accountable', 'make', 'have', 'can', 'our', 'they', 'when', 'mortgage'}",190,7.2,6.9,8.3,empty,empty,empty,1.7466666666666666,331.8666666666667,1570,2755.556666666667,The speaker establishes credibility by demonstrating concern for people from different professions.,"The financial struggles of the nurse, teacher, and police officer appeal to the audience's emotions.",The snippet uses examples to argue that tax policies neglect certain groups of people.
21,LEHRER,"So, Senator McCain, do you agree with what Senator Obama just said? And, if you don’t, tell him what you disagree with.",22,11,30,2,2,"(McCain, Obama)",16,"{'tell', 'with', 'you', 'agree', 'senator', 'do', 'so', 'just', 't', 'if', 'and', 'him', 'what', 'don', 'disagree', 'said'}",50,0.0,0.0,7.5,empty,empty,empty,1.25,62.5,810,1149.8833333333334,,,"The question directly compares the opinions and positions of both candidates on an issue, and seeks critical analysis of their differences."
22,MCCAIN,"No, I — look, we’ve got to fix the system. We’ve got fundamental problems in the system. And Main Street is paying a penalty for the excesses and greed in Washington, D.C., and in the Wall Street. So there’s no doubt that we have a long way to go. And, obviously, stricter interpretation and consolidation of the various regulatory agencies that weren’t doing their job, that has brought on this crisis. But I have a fundamental belief in the goodness and strength of the American worker. And the American worker is the most productive, the most innovative. America is still the greatest producer, exporter and importer. But we’ve got to get through these times, but I have a fundamental belief in the United States of America. And I still believe, under the right leadership, our best days are ahead of us.",23,6,173,10,7,"(Main Street, Washington, D.C., American, American, America, the United States of America)",74,"{'got', 'doubt', 'that', 'but', 'system', 'most', 'fix', 'best', 'fundamental', 't', 'job', 'united', 'paying', 'for', 'i', 'days', 'leadership', 'so', 'greed', 'regulatory', 'believe', 'interpretation', 'are', 'ahead', 'various', 'exporter', 'their', 'importer', 'to', 'long', 'brought', 'a', 'we', 'there', 'in', 'is', 's', 'consolidation', 'on', 'goodness', 'productive', 'this', 'washington', 'america', 'and', 'doing', 'through', 'worker', 'crisis', 'look', 'no', 'obviously', 'of', 'street', 'get', 'these', 'times', 'us', 'penalty', 'producer', 'under', 'the', 'wall', 'right', 'main', 'belief', 'american', 'way', 'have', 'strength', 'still', 'go', 'our', 'innovative'}",264,7.9,8.0,7.0,empty,empty,empty,1.7633333333333332,465.52,1388,2331.97,The speaker exudes credibility by acknowledging problems and showing knowledge of the subject while asserting confidence in the American worker.,The appeal to emotion is strong through invoking the image and pride of the American worker and the belief that better days lie ahead.,"The logical appeal is evident in the mention of the need for regulatory reform and the consolidation of agencies, but the specifics are not fully elaborated."
23,LEHRER,"All right, let’s go to the next lead question, which is essentially following up on this same subject. And you get two minutes to begin with, Senator McCain. And using your word “fundamental,” are there fundamental differences between your approach and Senator Obama’s approach to what you would do as president to lead this country out of the financial crisis?",24,12,73,3,4,"(’s, two minutes, McCain, Obama)",43,"{'begin', 'out', 'financial', 'senator', 'approach', 'word', 'which', 'president', 'your', 'fundamental', 'question', 'are', 'as', 'to', 'there', 'between', 'let', 'with', 'you', 's', 'is', 'on', 'this', 'up', 'and', 'crisis', 'get', 'of', 'essentially', 'would', 'country', 'the', 'right', 'do', 'next', 'all', 'following', 'subject', 'what', 'lead', 'go', 'two', 'same'}",123,5.0,2.0,7.0,empty,empty,empty,1.4666666666666668,180.4,933,1330.2833333333333,The question establishes the debater's credibility by addressing the candidates by their official titles and requesting their individual approaches.,The use of the word 'fundamental' adds a subtle emotional weight by highlighting the importance of the differences between the candidates' approaches.,"The question is logical, as it asks for a direct comparison between the candidates' plans to address the financial crisis, which is an essential aspect of the debate and a significant concern for voters."
24,MCCAIN,"Well, the first thing we have to do is get spending under control in Washington. It’s completely out of control. It’s gone — we have now presided over the largest increase in the size of government since the Great Society. We Republicans came to power to change government, and government changed us. And the — the worst symptom on this disease is what my friend, Tom Coburn, calls earmarking as a gateway drug, because it’s a gateway. It’s a gateway to out-of-control spending and corruption. And we have former members of Congress now residing in federal prison because of the evils of this earmarking and pork-barrel spending. You know, we spent $3 million to study the DNA of bears in Montana. I don’t know if that was a criminal issue or a paternal issue, but the fact is that it was $3 million of our taxpayers’ money. And it has got to be brought under control. As president of the United States, I want to assure you, I’ve got a pen. This one’s kind of old. I’ve got a pen, and I’m going to veto every single spending bill that comes across my desk. I will make them famous. You will know their names. Now, Senator Obama, you wanted to know one of the differences. He has asked for $932 million of earmark pork-barrel spending, nearly a million dollars for every day that he’s been in the United States Senate. I suggest that people go up on the Web site of Citizens Against Government Waste, and they’ll look at those projects. That kind of thing is not the way to rein in runaway spending in Washington, D.C. That’s one of the fundamental differences that Senator Obama and I have.",25,7,351,19,20,"(first, Washington, the Great Society, Republicans, Tom Coburn, Congress, $3 million, Montana, $3 million, the United States, Obama, $932 million, nearly a million dollars, every day, the United States, Senate, Citizens Against Government Waste, Washington, D.C., Obama)",123,"{'comes', 'president', 'symptom', 'those', 'society', 'or', 'drug', 'a', 'spent', 'you', 'is', 'on', 'washington', 'nearly', 'it', 'web', 'the', 'money', 'friend', 'because', 'make', 'go', 'size', 'bill', 'got', 'old', 'disease', 'but', 'day', 'senate', 'fundamental', 'million', 'as', 'going', 'brought', 'came', 'people', 'single', 'thing', 'control', 'worst', 'over', 'desk', 'spending', 'change', 'us', 'under', 'since', 'assure', 'now', 'rein', 'site', 'every', 'was', 'out', 'that', 'criminal', 'at', 'suggest', 'study', 'government', 'great', 't', 'fact', 'prison', 'be', 'them', 'my', 'paternal', 'their', 'don', 'pen', 'against', 'know', 'across', 'power', 'montana', 'up', 'and', 'been', 'look', 'of', 'not', 'do', 'former', 'want', 'what', 'way', 'have', 'our', 'they', 'veto', 'completely', 'senator', 'if', 'one', 'issue', 'he', 'gone', 'well', 'tom', 'united', 'will', 'i', 'for', 'famous', 'gateway', 'runaway', 'to', 'first', 'm', 'earmark', 'we', 'in', 's', 'this', 'increase', 'get', 'congress', 'federal', 'waste', 'kind', 'corruption'}",513,7.0,3.5,8.5,empty,empty,empty,1.6333333333333333,837.9,1901,3169.87,The speaker establishes credibility by mentioning friendship with Tom Coburn and highlighting their experience in Congress.,The humorous comment about the DNA of bears in Montana adds a slight emotional appeal that makes the message more relatable.,The speaker uses specific numbers and examples to show that out-of-control spending is a problem and offers a clear plan for addressing it.
25,LEHRER,"Senator Obama, two minutes.",26,13,6,1,2,"(Obama, two minutes)",2,"{'two', 'senator'}",11,0.0,0.0,0.0,empty,empty,empty,1.0,11.0,944,1341.2833333333333,,,
26,OBAMA,"Well, Senator McCain is absolutely right that the earmarks process has been abused, which is why I suspended any requests for my home state, whether it was for senior centers or what have you, until we cleaned it up. And he’s also right that oftentimes lobbyists and special interests are the ones that are introducing these kinds of requests, although that wasn’t the case with me. But let’s be clear: Earmarks account for $18 billion in last year’s budget. Senator McCain is proposing — and this is a fundamental difference between us — $300 billion in tax cuts to some of the wealthiest corporations and individuals in the country, $300 billion. Now, $18 billion is important; $300 billion is really important. And in his tax plan, you would have CEOs of Fortune 500 companies getting an average of $700,000 in reduced taxes, while leaving 100 million Americans out. So my attitude is, we’ve got to grow the economy from the bottom up. What I’ve called for is a tax cut for 95 percent of working families, 95 percent. And that means that the ordinary American out there who’s collecting a paycheck every day, they’ve got a little extra money to be able to buy a computer for their kid, to fill up on this gas that is killing them. And over time, that, I think, is going to be a better recipe for economic growth than the — the policies of President Bush that John McCain wants to — wants to follow.",27,7,302,10,18,"(McCain, $18 billion, last year’s, McCain, $300 billion, $300 billion, $18 billion, $300 billion, Fortune 500, 700,000, 100 million, Americans, 95 percent, 95 percent, American, every day, Bush, John McCain)",120,"{'billion', 'which', 'president', 'think', 'average', 'or', 'percent', 'special', 'than', 'a', 'there', 'able', 'between', 'tax', 'case', 'you', 'ordinary', 'is', 'computer', 'on', 'his', 'recipe', 'it', 'these', 'economic', 'the', 'oftentimes', 'right', 'money', 'difference', 'any', 'senior', 'got', 'gas', 'suspended', 'but', 'day', 'fundamental', 'while', 'so', 'are', 'important', 'account', 'getting', 'million', 'plan', 'going', 'grow', 'working', 'little', 'fortune', 'clear', 'over', 'cut', 'us', 'last', 'now', 'attitude', 'every', 'was', 'out', 'that', 'growth', 'although', 'extra', 't', 'fill', 'better', 'be', 'them', 'follow', 'my', 'state', 'their', 'home', 'buy', 'with', 'up', 'and', 'been', 'leaving', 'bush', 'killing', 'of', 'process', 'me', 'year', 'really', 'what', 'john', 'have', 'bottom', 'they', 'why', 'economy', 'absolutely', 'senator', 'budget', 'who', 'he', 'well', 'until', 'i', 'for', 'an', 'to', 'time', 'we', 'let', 'in', 's', 'this', 'reduced', 'whether', 'would', 'country', 'also', 'american', 'from', 'some'}",450,7.4,7.9,8.2,empty,empty,empty,1.7833333333333332,802.5,2020,3558.0566666666664,The speaker establishes credibility by agreeing with Senator McCain on certain points and clarifying their own position.,"The speaker uses relatable examples of how their tax plan affects working families, emphasizing the gas expense and buying a computer for their kid.","The speaker compares numerical values of earmarks and proposed tax cuts, pointing out the larger budgetary significance of their preferred economic approach."
27,LEHRER,Senator McCain?,28,14,3,1,1,"(McCain,)",1,{'senator'},6,0.0,0.0,1.0,empty,empty,empty,1.0333333333333334,6.200000000000001,950,1347.4833333333333,,,The mention of Senator McCain is an appeal to the authority associated with his title as a senator.
28,MCCAIN,"Well, again, I don’t mean to go back and forth, but he… (CROSSTALK)",29,8,20,1,1,"(CROSSTALK,)",12,"{'mean', 'but', 'don', 'and', 'again', 'well', 'to', 'go', 'back', 't', 'forth', 'i'}",34,0.0,0.0,0.0,empty,empty,empty,1.0,34.0,1935,3203.87,,,
29,LEHRER,"No, that’s fine.",30,15,7,1,0,(),4,"{'fine', 's', 'that', 'no'}",12,0.0,0.0,0.0,empty,empty,empty,1.0,12.0,962,1359.4833333333333,,,
30,MCCAIN,"Senator Obama suspended those requests for pork-barrel projects after he was running for president of the United States. He didn’t happen to see that light during the first three years as a member of the United States Senate, $932 million in requests. Maybe to Senator Obama it’s not a lot of money. But the point is that — you see, I hear this all the time. “It’s only $18 billion.” Do you know that it’s tripled in the last five years? Do you know that it’s gone completely out of control to the point where it corrupts people? It corrupts people. That’s why we have, as I said, people under federal indictment and charges. It’s a system that’s got to be cleaned up. I have fought against it my career. I have fought against it. I was called the sheriff, by the — one of the senior members of the Appropriations Committee. I didn’t win Miss Congeniality in the United States Senate. Now, Senator Obama didn’t mention that, along with his tax cuts, he is also proposing some $800 billion in new spending on new programs. Now, that’s a fundamental difference between myself and Senator Obama. I want to cut spending. I want to keep taxes low. The worst thing we could do in this economic climate is to raise people’s taxes.",31,9,278,18,15,"(Obama, the United States, the first three years, United States, Senate, $932 million, Obama, only $18 billion, the last five years, the Appropriations Committee, United States, Senate, Obama, some $800 billion, Obama)",103,"{'billion', 'president', 'those', 'a', 'sheriff', 'between', 'tax', 'you', 'is', 'on', 'his', 'it', 'economic', 'the', 'money', 'where', 'all', 'difference', 'senior', 'got', 'win', 'maybe', 'suspended', 'but', 'senate', 'fundamental', 'lot', 'light', 'fought', 'million', 'as', 'people', 'thing', 'control', 'only', 'worst', 'spending', 'myself', 'cut', 'under', 'by', 'last', 'now', 'low', 'was', 'out', 'that', 'system', 't', 'be', 'during', 'my', 'along', 'against', 'know', 'said', 'with', 'up', 'and', 'member', 'keep', 'of', 'not', 'climate', 'do', 'want', 'have', 'why', 'indictment', 'happen', 'three', 'senator', 'completely', 'could', 'one', 'he', 'gone', 'hear', 'united', 'i', 'for', 'congeniality', 'miss', 'mention', 'to', 'first', 'time', 'running', 'we', 'new', 'see', 'in', 's', 'this', 'raise', 'after', 'federal', 'also', 'committee', 'point', 'career', 'five', 'some'}",414,7.5,6.2,7.0,empty,empty,empty,1.69,699.66,2349,3903.5299999999997,The speaker establishes credibility on the issue by mentioning their own experiences and history on the matter.,The speaker evokes concern and frustration about corruption and the increasing cost of pork-barrel projects.,The speaker presents comparative figures and contrasts their approach with Senator Obama's proposals.
31,OBAMA,"I — I don’t know where John is getting his figures. Let’s just be clear. What I do is I close corporate loopholes, stop providing tax cuts to corporations that are shipping jobs overseas so that we’re giving tax breaks to companies that are investing here in the United States. I make sure that we have a health care system that allows for everyone to have basic coverage. I think those are pretty important priorities. And I pay for every dime of it. But let’s go back to the original point. John, nobody is denying that $18 billion is important. And, absolutely, we need earmark reform. And when I’m president, I will go line by line to make sure that we are not spending money unwisely. But the fact is that eliminating earmarks alone is not a recipe for how we’re going to get the middle class back on track.",32,8,179,11,4,"(John, the United States, John, $18 billion)",86,"{'stop', 'billion', 'president', 'those', 'think', 'sure', 'health', 'line', 'original', 'a', 'tax', 'is', 'on', 'just', 'his', 'recipe', 'it', 'need', 'the', 'money', 'where', 'make', 'go', 'overseas', 'but', 'class', 'so', 'are', 'important', 'getting', 'going', 'back', 'clear', 'spending', 'here', 'dime', 'by', 'shipping', 'every', 'close', 'reform', 'track', 'alone', 'that', 'everyone', 'system', 't', 'fact', 'be', 'pretty', 'middle', 'don', 'know', 'pay', 'coverage', 'providing', 'and', 'care', 'of', 'not', 'do', 'giving', 'john', 'what', 'have', 'corporate', 'absolutely', 'nobody', 'united', 'will', 'i', 'for', 'basic', 'to', 'earmark', 'm', 're', 'we', 'let', 'how', 'in', 's', 'unwisely', 'get', 'point', 'when'}",280,7.5,8.2,7.7,empty,empty,empty,1.7799999999999998,498.3999999999999,2300,4056.4566666666665,The speaker establishes credibility by mentioning prioritizing the well-being of the United States by closing corporate loopholes and providing tax breaks to companies investing in the country.,The speaker invokes emotion by emphasizing the importance of a health care system that provides basic coverage for everyone as part of the plan.,The speaker uses logical reasoning by stating that they will go over the budget line by line and admitting the importance of earmark reform for creating a better financial situation for the middle class.
32,OBAMA,"And when you look at your tax policies that are directed primarily at those who are doing well, and you are neglecting people who are really struggling right now, I think that is a continuation of the last eight years, and we can’t afford another four.",33,9,52,1,2,"(the last eight years, four)",35,"{'that', 'at', 'who', 'afford', 'eight', 'those', 'well', 'your', 'another', 'think', 't', 'i', 'are', 'people', 'a', 'struggling', 'we', 'tax', 'you', 'is', 'primarily', 'continuation', 'directed', 'and', 'doing', 'four', 'look', 'of', 'really', 'the', 'right', 'last', 'now', 'can', 'when'}",90,6.5,8.0,7.0,empty,empty,empty,1.7166666666666668,154.5,2390,4210.956666666667,The speaker establishes credibility by referencing the last eight years of policy and demonstrating knowledge of the current situation.,The concern for those struggling in the economy creates an emotional appeal to the audience.,The argument is logical as it highlights the consequences of continuing the same tax policies.
33,LEHRER,"Respond directly to him about that, to Senator Obama about that, about the — he’s made it twice now, about your tax — your policies about tax cuts.",34,16,34,1,1,"(Obama,)",16,"{'about', 'tax', 'the', 'that', 'senator', 's', 'him', 'made', 'twice', 'now', 'he', 'it', 'to', 'your', 'respond', 'directly'}",52,0.0,1.0,6.0,empty,empty,empty,1.2333333333333334,64.13333333333334,1014,1423.6166666666668,,The phrase 'respond directly to him' mildly appeals to the listener's emotions by encouraging confrontation.,The snippet uses logical reasoning by asking the speaker to address their opponent's specific claims about tax policy.
34,MCCAIN,"Well — well, let me give you an example of what Senator Obama finds objectionable, the business tax. Right now, in the United States of America, business pays the second-highest business taxes in the world, 35 percent. Ireland pays 11 percent. Now, if you’re a business person, and you can locate any place in the world, then, obviously, if you go to the country where it’s 11 percent tax versus 35 percent, you’re going to be able to create jobs, increase your business, make more investment, et cetera. I want to cut that business tax. I want to cut it so that businesses will remain in — in the United States of America and create jobs. But, again, I want to return. It’s a lot more than $18 billion in pork-barrel spending. I can tell you, it’s rife. It’s throughout. The United States Senate will take up a continuing resolution tomorrow or the next day, sometime next week, with 2,000 — 2,000 — look at them, my friends. Look at them. You’ll be appalled. And Senator Obama is a recent convert, after requesting $932 million worth of pork-barrel spending projects. So the point is, I want people to have tax cuts. I want every family to have a $5,000 refundable tax credit so they can go out and purchase their own health care. I want to double the dividend from $3,500 to $7,000 for every dependent child in America. I know that the worst thing we could possibly do is to raise taxes on anybody, and a lot of people might be interested in Senator Obama’s definition of “rich.”",35,10,333,18,23,"(Obama, the United States of America, second, 35 percent, Ireland, 11 percent, 11 percent, 35 percent, the United States of America, more than $18 billion, United States, Senate, tomorrow, the next day, next week, 2,000, 2,000, Obama, $932 million, 5,000, $3,500 to $7,000, America, Obama)",119,"{'billion', 'rife', 'week', 'or', 'percent', 'than', 'tomorrow', 'health', 'take', 'a', 'able', 'tax', 'you', 'is', 'on', 'america', 'dependent', 'it', 'rich', 'the', 'right', 'where', 'interested', 'make', 'any', 'credit', 'go', 'convert', 'tell', 'child', 'recent', 'but', 'day', 'purchase', 'senate', 'your', 'lot', 'dividend', 'so', 'world', 'going', 'million', 'own', 'people', 'objectionable', 'business', 'thing', 'worst', 'investment', 'spending', 'throughout', 'place', 'cut', 'definition', 'next', 'now', 'every', 'again', 'out', 'that', 'at', 'then', 'be', 'them', 'my', 'sometime', 'their', 'know', 'with', 'resolution', 'example', 'remain', 'up', 'and', 'return', 'look', 'care', 'of', 'give', 'me', 'anybody', 'do', 'might', 'want', 'what', 'have', 'they', 'possibly', 'worth', 'create', 'senator', 'if', 'family', 'double', 'could', 'well', 'united', 'will', 'i', 'for', 'an', 'locate', 'to', 're', 'we', 'let', 'versus', 'in', 's', 'increase', 'obviously', 'raise', 'after', 'country', 'more', 'point', 'from', 'can', 'person'}",493,7.2,4.5,8.5,empty,empty,empty,1.6733333333333333,824.9533333333334,2842,4728.483333333334,The speaker establishes credibility by referencing their knowledge of the United States Senate proceedings and specific tax rates.,"The speaker appeals to emotions by discussing the impact of tax cuts on families, job creation, and the consequences of raising taxes on people.","The speaker presents a logical argument by comparing the business tax rates of different countries and their effects on businesses, and by explaining the benefits of their proposed tax cuts."
35,LEHRER,"Senator Obama, you have a question for Senator McCain on that?",36,17,13,1,2,"(Obama, McCain)",8,"{'you', 'question', 'that', 'senator', 'on', 'have', 'a', 'for'}",24,0.5,0.0,0.5,empty,empty,empty,1.0333333333333334,24.800000000000004,1038,1448.4166666666667,The speaker slightly establishes authority by being the mediator of the debate and addressing the participants by their titles.,,"The sentence conveys a neutral tone, making a logical inquiry to proceed with the debate discussion."
36,OBAMA,"Well, let me just make a couple of points.",37,10,11,1,0,(),8,"{'let', 'me', 'just', 'make', 'couple', 'well', 'of', 'a'}",20,0.0,0.0,0.0,empty,empty,empty,1.0,20.0,2410,4230.956666666667,,,
37,LEHRER,All right.,38,18,3,1,0,(),2,"{'all', 'right'}",6,0.0,0.0,0.0,empty,empty,empty,1.0,6.0,1044,1454.4166666666667,,,
38,OBAMA,"My definition — here’s what I can tell the American people: 95 percent of you will get a tax cut. And if you make less than $250,000, less than a quarter-million dollars a year, then you will not see one dime’s worth of tax increase. Now, John mentioned the fact that business taxes on paper are high in this country, and he’s absolutely right. Here’s the problem: There are so many loopholes that have been written into the tax code, oftentimes with support of Senator McCain, that we actually see our businesses pay effectively one of the lowest tax rates in the world. And what that means, then, is that there are people out there who are working every day, who are not getting a tax cut, and you want to give them more. It’s not like you want to close the loopholes. You just want to add an additional tax cut over the loopholes. And that’s a problem. Just one last point I want to make, since Senator McCain talked about providing a $5,000 health credit. Now, what he doesn’t tell you is that he intends to, for the first time in history, tax health benefits. So you may end up getting a $5,000 tax credit. Here’s the only problem: Your employer now has to pay taxes on the health care that you’re getting from your employer. And if you end up losing your health care from your employer, you’ve got to go out on the open market and try to buy it. It is not a good deal for the American people. But it’s an example of this notion that the market can always solve everything and that the less regulation we have, the better off we’re going to be.",39,11,353,15,13,"(American, 95 percent, less than $250,000, less than a quarter-million dollars, one, John, McCain, one, McCain, 5,000, first, 5,000, American)",127,"{'off', 'paper', 'try', 'percent', 'than', 'into', 'health', 'a', 'there', 'tax', 'you', 'is', 'on', 'just', 'add', 'it', 'the', 'oftentimes', 'right', 'make', 'credit', 'deal', 'go', 'code', 'tell', 'got', 'day', 'but', 'actually', 'your', 'effectively', 'everything', 'so', 'world', 'are', 'getting', 'going', 'people', 'working', 'employer', 'business', 'only', 'support', 'over', 'here', 'many', 'cut', 'definition', 'history', 'dime', 'since', 'last', 'now', 'high', 'every', 'close', 'losing', 'out', 'that', 'then', 'regulation', 't', 'better', 'fact', 'problem', 'them', 'be', 'my', 'good', 'pay', 'buy', 'with', 'example', 'providing', 'up', 'and', 'been', 'end', 'market', 'notion', 'open', 'care', 'of', 'written', 'give', 'not', 'like', 'year', 'want', 'what', 'john', 'have', 'our', 'about', 'absolutely', 'worth', 'senator', 'who', 'if', 'one', 'he', 'additional', 'will', 'i', 'for', 'less', 'an', 'to', 'first', 'time', 're', 'we', 'always', 'see', 'in', 's', 'solve', 'this', 'increase', 'get', 'country', 'more', 'american', 'point', 'from', 'can', 'may'}",508,7.0,6.5,8.0,empty,empty,empty,1.7166666666666668,872.0666666666667,2918,5103.0233333333335,The speaker is credible and has a clear understanding of the tax policies being discussed.,The speaker evokes concern for the average American worker by arguing that they deserve a tax cut and fair treatment in comparison to businesses.,The speaker uses logical arguments and examples of loopholes in current tax policies to illustrate the issues being addressed.
39,MCCAIN,"Well, you know, let me just…",40,11,8,1,0,(),5,"{'let', 'you', 'me', 'well', 'know'}",14,1.0,1.0,1.0,empty,empty,empty,1.1,15.400000000000002,2856,4743.883333333333,The speaker gains minimal credibility by verbally acknowledging a point.,The hesitant language used may slightly resonate with listeners who can relate to uncertainty.,"There is limited logical substance in the snippet, needing more context for any substantial evaluation."
40,LEHRER,We’ve got to go to another lead question.,41,19,11,1,0,(),7,"{'question', 'got', 'lead', 'another', 'to', 'go', 'we'}",19,0.0,0.0,1.6,empty,empty,empty,1.0533333333333332,20.013333333333332,1063,1474.43,,,The statement directs that the discussion should move on to the next important topic without emotion or ethical appeal.
41,MCCAIN,"I know we have to, but this is a classic example of walking the walk and talking the talk. We had an energy bill before the United States Senate. It was festooned with Christmas tree ornaments. It had all kinds of breaks for the oil companies, I mean, billions of dollars worth. I voted against it; Senator Obama voted for it.",42,12,70,5,5,"(United States, Senate, Christmas, billions of dollars, Obama)",37,"{'was', 'worth', 'oil', 'senator', 'but', 'energy', 'senate', 'united', 'i', 'for', 'classic', 'an', 'christmas', 'talking', 'to', 'talk', 'against', 'had', 'a', 'we', 'know', 'with', 'walking', 'mean', 'is', 'tree', 'example', 'this', 'and', 'it', 'of', 'before', 'the', 'all', 'walk', 'have', 'bill'}",117,7.2,4.1,6.3,empty,empty,empty,1.5866666666666667,185.64,2973,4929.5233333333335,The speaker establishes credibility by mentioning their voting record and contrasting it with that of Senator Obama.,The phrase 'festooned with Christmas tree ornaments' evokes an emotional response by painting a picture of the Senate bill as excessive and unnecessarily loaded.,"The speaker provides a logical argument by pointing out the inclusion of unnecessary provisions and benefits for oil companies in the bill, as well as the differing votes between both politicians."
42,OBAMA,"John, you want to give oil companies another $4 billion.",43,12,13,1,2,"(John, $4 billion)",8,"{'you', 'billion', 'oil', 'want', 'john', 'to', 'another', 'give'}",24,5.0,7.5,4.5,empty,empty,empty,1.5666666666666667,37.6,2942,5140.623333333333,The speaker moderately establishes credibility by showing knowledge about the opponent's stance.,The speaker effectively appeals to the audience's emotions by highlighting an undesirable policy such as giving money to oil companies.,"The argument presents a reasonable claim, but it lacks evidence or context to fully support it."
43,MCCAIN,"You’ve got to look at our record. You’ve got to look at our records. That’s the important thing. Who fought against wasteful and earmark spending? Who has been the person who has tried to keep spending under control? Who’s the person who has believed that the best thing for America is — is to have a tax system that is fundamentally fair? And I’ve fought to simplify it, and I have proposals to simplify it. Let’s give every American a choice: two tax brackets, generous dividends, and, two — and let Americans choose whether they want the — the existing tax code or they want a new tax code. And so, again, look at the record, particularly the energy bill. But, again, Senator Obama has shifted on a number of occasions. He has voted in the United States Senate to increase taxes on people who make as low as $42,000 a year.",44,13,186,11,9,"(America, American, two, two, Americans, Obama, the United States, Senate, as low as $42,000)",72,"{'choose', 'got', 'that', 'senator', 'at', 'who', 'but', 'energy', 'senate', 'system', 'particularly', 'he', 'best', 'united', 'i', 'for', 'generous', 'or', 'so', 'wasteful', 'important', 'record', 'simplify', 'fought', 'as', 'to', 'earmark', 'fair', 'number', 'against', 'a', 'new', 'people', 'tax', 'let', 'you', 'in', 's', 'thing', 'is', 'on', 'control', 'code', 'america', 'and', 'been', 'spending', 'it', 'choice', 'look', 'keep', 'increase', 'of', 'give', 'whether', 'bill', 'under', 'year', 'the', 'american', 'want', 'make', 'fundamentally', 'every', 'again', 'have', 'our', 'they', 'two', 'low', 'person', 'tried'}",278,7.5,5.0,7.0,empty,empty,empty,1.65,458.7,3251,5388.223333333333,The speaker establishes credibility by referencing their past accomplishments and positions on key issues.,The mention of a fundamentally fair tax system appeals to the audience's sense of justice and fairness.,"The speaker uses logical arguments, such as citing specific proposals and past voting records, to support their points."
44,OBAMA,"That’s not true, John. That’s not true.",45,13,14,2,1,"(John,)",5,"{'s', 'that', 'true', 'john', 'not'}",22,0.0,5.0,6.0,empty,empty,empty,1.3666666666666667,30.066666666666666,2964,5170.69,,This statement evokes emotional reaction by denying the previous statement.,"By stating something is not true, it attempts to appeal to reason and logic."
45,MCCAIN,"And that’s just a fact. Again, you can look it up.",46,14,16,2,0,(),12,"{'you', 's', 'that', 'just', 'up', 'and', 'it', 'again', 'look', 'can', 'a', 'fact'}",30,5.5,0.0,6.5,empty,empty,empty,1.4,42.0,3281,5430.223333333333,The speaker appeals to their own credibility by stating that the information can be verified by looking it up.,,The logical aspect refers to the use of fact and the invitation for the audience to check on the reference themselves.
46,OBAMA,"Look, it’s just not true. And if we want to talk about oil company profits, under your tax plan, John — this is undeniable — oil companies would get an additional $4 billion in tax breaks. Now, look, we all would love to lower taxes on everybody. But here’s the problem: If we are giving them to oil companies, then that means that there are those who are not going to be getting them. And…",47,14,91,5,2,"(John, an additional $4 billion)",50,"{'about', 'billion', 'oil', 'that', 'who', 'but', 'if', 'company', 'then', 'lower', 'those', 'your', 'additional', 'problem', 'them', 'be', 'undeniable', 'true', 'an', 'are', 'going', 'getting', 'to', 'plan', 'talk', 'we', 'there', 'tax', 'in', 's', 'is', 'on', 'just', 'this', 'and', 'it', 'look', 'everybody', 'here', 'get', 'not', 'would', 'under', 'the', 'all', 'want', 'now', 'love', 'giving', 'john'}",148,7.5,4.5,8.0,empty,empty,empty,1.6666666666666665,246.66666666666666,3112,5417.356666666667,The speaker displays an authoritative stance by expressing their position on the issue of tax breaks for oil companies and demonstrating a common understanding that everyone wants lower taxes.,The speaker attempts to evoke an emotional response by suggesting that tax breaks for oil companies mean others will not receive them.,The logical argument is strong in emphasizing the consequences of tax plans and pointing out the $4 billion in tax breaks for oil companies.
47,MCCAIN,"With all due respect, you already gave them to the oil companies.",48,15,14,1,0,(),11,"{'with', 'you', 'respect', 'due', 'them', 'gave', 'the', 'oil', 'all', 'already', 'to'}",26,5.5,7.0,3.9,empty,empty,empty,1.5466666666666666,40.21333333333333,3307,5470.4366666666665,Respectfully addressing the opposing debater demonstrates authority and credibility.,This statement is emotionally charged as it brings up the negative feelings associated with oil companies receiving benefits.,"There is an implied logical argument being made that the subject had already awarded something to oil companies, however, without more context or supporting evidence, the argument remains weak."
48,OBAMA,"No, but, John, the fact of the matter is, is that I was opposed to those tax breaks, tried to strip them out. We’ve got an energy bill on the Senate floor right now that contains some good stuff, some stuff you want, including drilling off-shore, but you’re opposed to it because it would strip away those tax breaks that have gone to oil companies.",49,15,79,2,2,"(John, Senate)",43,"{'stuff', 'was', 'out', 'that', 'got', 'oil', 'but', 'energy', 'senate', 'those', 'gone', 'away', 'fact', 'i', 'them', 'matter', 'an', 'to', 're', 'we', 'good', 'tax', 'you', 'is', 'on', 'it', 'no', 'of', 'strip', 'drilling', 'floor', 'would', 'the', 'right', 'because', 'now', 'want', 'john', 'opposed', 'have', 'some', 'bill', 'tried'}",126,6.2,3.5,7.8,empty,empty,empty,1.5833333333333335,199.50000000000003,3238,5616.856666666667,The speaker positions themselves as an authority by mentioning their opposition to tax breaks.,Implicit appeals to fairness are made by discussing tax breaks for oil companies.,The argument presents a logical case by addressing the issue of an energy bill on the Senate floor and the reasons for opposition.
49,LEHRER,"All right. All right, speaking of things that both of you want, another lead question, and it has to do with the rescue — the financial rescue thing that we started — started asking about. And what — and the first answer is to you, Senator Obama. As president, as a result of whatever financial rescue plan comes about and the billion, $700 billion, whatever it is it’s going to cost, what are you going to have to give up, in terms of the priorities that you would bring as president of the United States, as a result of having to pay for the financial rescue plan?",50,20,124,4,4,"(first, Obama, about and the billion, $700 billion, the United States)",48,"{'about', 'financial', 'that', 'senator', 'comes', 'billion', 'president', 'another', 'both', 'united', 'for', 'question', 'are', 'going', 'as', 'to', 'first', 'plan', 'a', 'we', 'pay', 'with', 'you', 'in', 'is', 'thing', 'rescue', 'whatever', 's', 'up', 'result', 'and', 'it', 'of', 'speaking', 'give', 'cost', 'would', 'the', 'right', 'do', 'all', 'want', 'answer', 'what', 'lead', 'have', 'bring'}",180,2.0,1.0,3.0,empty,empty,empty,1.2,216.0,1243,1690.43,"The speaker is a respected moderator of the debate, but the question is poorly constructed and not directly related to their credibility.","The issue of financial rescue elicits some emotional response, but the phrasing of the question is convoluted and detracts from the emotional impact.","The question examines the potential impact of a financial rescue plan, but the lack of clarity and specificity makes it difficult to engage in a logical discussion."
50,OBAMA,"Well, there are a range of things that are probably going to have to be delayed. We don’t yet know what our tax revenues are going to be. The economy is slowing down, so it’s hard to anticipate right now what the budget is going to look like next year. But there’s no doubt that we’re not going to be able to do everything that I think needs to be done. There are some things that I think have to be done. We have to have energy independence, so I’ve put forward a plan to make sure that, in 10 years’ time, we have freed ourselves from dependence on Middle Eastern oil by increasing production at home, but most importantly by starting to invest in alternative energy, solar, wind, biodiesel, making sure that we’re developing the fuel-efficient cars of the future right here in the United States, in Ohio and Michigan, instead of Japan and South Korea. We have to fix our health care system, which is putting an enormous burden on families. Just — a report just came out that the average deductible went up 30 percent on American families. They are getting crushed, and many of them are going bankrupt as a consequence of health care. I’m meeting folks all over the country. We have to do that now, because it will actually make our businesses and our families better off. The third thing we have to do is we’ve got to make sure that we’re competing in education. We’ve got to invest in science and technology. China had a space launch and a space walk. We’ve got to make sure that our children are keeping pace in math and in science. And one of the things I think we have to do is make sure that college is affordable for every young person in America. And I also think that we’re going to have to rebuild our infrastructure, which is falling behind, our roads, our bridges, but also broadband lines that reach into rural communities. Also, making sure that we have a new electricity grid to get the alternative energy to population centers that are using them. So there are some — some things that we’ve got to do structurally to make sure that we can compete in this global economy. We can’t shortchange those things. We’ve got to eliminate programs that don’t work, and we’ve got to make sure that the programs that we do have are more efficient and cost less.",51,16,493,21,14,"(next year, 10 years, Middle Eastern, the United States, Ohio, Michigan, Japan, South Korea, 30 percent, American, third, China, one, America)",172,"{'doubt', 'starting', 'off', 'which', 'population', 'those', 'grid', 'think', 'technology', 'crushed', 'average', 'eastern', 'burden', 'percent', 'solar', 'sure', 'health', 'south', 'into', 'a', 'there', 'able', 'had', 'tax', 'is', 'on', 'just', 'america', 'making', 'it', 'the', 'right', 'all', 'because', 'make', 'eliminate', 'got', 'invest', 'falling', 'space', 'but', 'actually', 'everything', 'so', 'are', 'consequence', 'math', 'going', 'getting', 'plan', 'as', 'came', 'college', 'thing', 'yet', 'over', 'here', 'many', 'ourselves', 'global', 'launch', 'science', 'range', 'by', 'next', 'now', 'walk', 'every', 'enormous', 'hard', 'forward', 'reach', 'bankrupt', 'out', 'that', 'oil', 'rebuild', 'at', 'future', 'system', 'importantly', 'went', 'put', 'pace', 't', 'better', 'production', 'ohio', 'be', 'them', 'shortchange', 'anticipate', 'third', 'middle', 'don', 'home', 'know', 'behind', 'work', 'efficient', 'japan', 'up', 'and', 'look', 'care', 'of', 'young', 'not', 'like', 'year', 'dependence', 'china', 'do', 'freed', 'independence', 'report', 'what', 'have', 'our', 'they', 'down', 'economy', 'michigan', 'electricity', 'affordable', 'meeting', 'budget', 'wind', 'energy', 'most', 'one', 'well', 'fix', 'united', 'will', 'i', 'for', 'done', 'less', 'an', 'to', 'm', 'time', 're', 'rural', 'we', 'new', 'alternative', 'in', 's', 'infrastructure', 'this', 'increasing', 'education', 'no', 'get', 'compete', 'needs', 'cost', 'country', 'instead', 'also', 'more', 'american', 'probably', 'from', 'some', 'deductible', 'keeping', 'can', 'structurally', 'person'}",700,8.8,7.5,8.2,empty,empty,empty,1.8166666666666667,1271.6666666666667,3938,6888.5233333333335,The speaker establishes credibility by outlining a comprehensive and well-researched plan for the nation's future.,The speaker evokes empathy by addressing the financial struggles faced by American families and the need for affordable healthcare and education.,"The argument is supported by logical reasoning relating to energy independence, healthcare, education, infrastructure, and improvements in efficiency and cost reduction of programs."
51,LEHRER,"Are you — what priorities would you adjust, as president, Senator McCain, because of the — because of the financial bailout cost?",52,21,26,1,1,"(McCain,)",13,"{'cost', 'you', 'the', 'financial', 'senator', 'are', 'because', 'adjust', 'president', 'what', 'as', 'of', 'would'}",41,4.0,3.2,5.5,empty,empty,empty,1.4233333333333333,58.35666666666667,1284,1748.7866666666666,The question has moderate credibility because it is directed to a presidential candidate.,There's some emotional appeal in asking about adjusting priorities due to financial struggles.,The question contains an attempt at logical reasoning by asking how the candidate would adjust priorities due to the financial bailout.
52,MCCAIN,"Look, we, no matter what, we’ve got to cut spending. We have — as I said, we’ve let government get completely out of control. Senator Obama has the most liberal voting record in the United States Senate. It’s hard to reach across the aisle from that far to the left. The point — the point is — the point is, we need to examine every agency of government. First of all, by the way, I’d eliminate ethanol subsidies. I oppose ethanol subsidies. I think that we have to return — particularly in defense spending, which is the largest part of our appropriations — we have to do away with cost-plus contracts. We now have defense systems that the costs are completely out of control. We tried to build a little ship called the Littoral Combat Ship that was supposed to cost $140 million, ended up costing $400 million, and we still haven’t done it. So we need to have fixed-cost contracts. We need very badly to understand that defense spending is very important and vital, particularly in the new challenges we face in the world, but we have to get a lot of the cost overruns under control. I know how to do that.",53,16,241,13,8,"(Obama, United States, Senate, First, the Littoral Combat Ship, $140 million, up costing $400 million, n’t)",98,"{'which', 'particularly', 'ship', 'think', 'costing', 'very', 'a', 'is', 'it', 'need', 'ethanol', 'understand', 'the', 'all', 'ended', 'eliminate', 'got', 'defense', 'but', 'senate', 'lot', 'far', 'so', 'world', 'are', 'important', 'littoral', 'million', 'as', 'little', 'control', 'oppose', 'spending', 'cut', 'under', 'by', 'haven', 'now', 'combat', 'every', 'still', 'hard', 'tried', 'reach', 'was', 'out', 'that', 'government', 'aisle', 't', 'd', 'badly', 'matter', 'face', 'supposed', 'vital', 'voting', 'know', 'said', 'across', 'with', 'up', 'left', 'and', 'look', 'return', 'of', 'build', 'do', 'what', 'way', 'have', 'our', 'completely', 'senator', 'examine', 'most', 'away', 'united', 'i', 'done', 'record', 'to', 'first', 'we', 'new', 'let', 'how', 'in', 's', 'no', 'get', 'part', 'cost', 'liberal', 'point', 'from', 'agency'}",360,7.8,3.4,8.0,empty,empty,empty,1.6400000000000001,590.4000000000001,3667,6060.836666666667,The speaker establishes credibility by mentioning their stance on ethanol and experience with defense spending systems.,"By focusing on reducing spending and cost overruns, the speaker appeals to the audience's concern for fiscal responsibility.",The speaker uses specific examples of budget overruns to demonstrate the need for change and presents practical solutions such as fixed-cost contracts and examining every agency of government.
53,MCCAIN,"I saved the taxpayers $6.8 billion by fighting a contract that was negotiated between Boeing and DOD that was completely wrong. And we fixed it and we killed it and the people ended up in federal prison so I know how to do this because I’ve been involved these issues for many, many years. But I think that we have to examine every agency of government and find out those that are doing their job and keep them and find out those that aren’t and eliminate them and we’ll have to scrub every agency of government.",54,17,107,3,3,"($6.8 billion, Boeing, many, many years)",56,"{'was', 'billion', 'that', 'completely', 'out', 'eliminate', 'but', 'government', 'examine', 'those', 'think', 't', 'contract', 'wrong', 'find', 'i', 'for', 'job', 'prison', 'them', 'fixed', 'saved', 'so', 'are', 'their', 'involved', 'to', 'people', 'a', 'we', 'know', 'between', 'how', 'in', 'this', 'up', 'scrub', 'and', 'been', 'doing', 'it', 'keep', 'many', 'of', 'these', 'fighting', 'federal', 'the', 'by', 'do', 'because', 'every', 'ended', 'have', 'dod', 'agency'}",169,7.2,4.5,8.7,empty,empty,empty,1.68,283.92,3836,6344.756666666667,The speaker establishes credibility by mentioning their successful experience in dealing with a problematic contract.,"The emotional appeal is relatively low, but the mention of people ending up in federal prison adds a sense of urgency.",The snippet includes a logical argument for scrutinizing government agencies to identify inefficiencies and eliminate them.
54,LEHRER,But if I hear the two of you correctly neither one of you is suggesting any major changes in what you want to do as president as a result of the financial bailout? Is that what you’re saying?,55,22,42,2,1,"(two,)",28,"{'financial', 'that', 'but', 'if', 'president', 'one', 'hear', 'i', 'as', 'to', 're', 'a', 'you', 'in', 'is', 'neither', 'result', 'of', 'the', 'correctly', 'suggesting', 'do', 'saying', 'want', 'any', 'what', 'two', 'major'}",73,5.5,0.0,7.5,empty,empty,empty,1.4333333333333333,104.63333333333334,1357,1853.42,The moderator has an authoritative role and credibility as they address the candidates.,,The question demands logical reasoning from the debaters by asking whether their presidential plans will be affected by the financial bailout.
55,OBAMA,"No. As I said before, Jim, there are going to be things that end up having to be …",56,17,22,2,1,"(Jim,)",14,"{'before', 'be', 'that', 'jim', 'are', 'up', 'end', 'going', 'as', 'no', 'to', 'there', 'i', 'said'}",39,5.0,1.5,2.0,empty,empty,empty,1.2833333333333332,50.05,3977,6938.573333333334,Referring to 'Jim' indicates an attempt to connect through personal address.,The use of 'things' vaguely taps into the emotions of the listener through implied consequences.,"The snippet lacks concrete reasoning or evidence, making the logical appeal weak."
56,LEHRER,Like what?,57,23,3,1,0,(),2,"{'what', 'like'}",6,0.0,0.0,0.0,empty,empty,empty,1.0,6.0,1363,1859.42,,,
57,OBAMA,"… deferred and delayed. Well, look, I want to make sure that we are investing in energy in order to free ourselves from the dependence on foreign oil. That is a big project. That is a multi-year project.",58,18,44,4,1,"(multi-year,)",27,"{'that', 'oil', 'energy', 'well', 'big', 'i', 'project', 'are', 'free', 'sure', 'to', 'a', 'we', 'in', 'is', 'on', 'and', 'look', 'ourselves', 'order', 'dependence', 'the', 'want', 'make', 'from', 'deferred', 'foreign'}",76,8.0,6.5,6.8,empty,empty,empty,1.71,129.96,4053,7068.533333333333,The speaker presents a reasonable and responsible approach to a national issue.,The emphasis on the multi-year project invokes listeners' emotions about the need for independence.,The statement outlines a logical plan to invest in energy and reduce dependence on foreign oil.
58,LEHRER,Not willing to give that up?,59,24,7,1,0,(),6,"{'that', 'up', 'to', 'give', 'not', 'willing'}",14,2.0,5.0,1.0,empty,empty,empty,1.2666666666666666,17.733333333333334,1377,1877.1533333333334,There is some personal credibility or trust implied in the question's directness.,This simple question appeals to emotions by tapping into the audience's feelings of fear or loss.,The question's brevity does not provide any clear logical or factual basis.
59,OBAMA,"Not willing to give up the need to do it but there may be individual components that we can’t do. But John is right we have to make cuts. We right now give $15 billion every year as subsidies to private insurers under the Medicare system. Doesn’t work any better through the private insurers. They just skim off $15 billion. That was a give away and part of the reason is because lobbyists are able to shape how Medicare works. They did it on the Medicaid prescription drug bill and we have to change the culture. Tom — or John mentioned me being wildly liberal. Mostly that’s just me opposing George Bush’s wrong headed policies since I’ve been in Congress but I think it is that it is also important to recognize I worked with Tom Coburn, the most conservative, one of the most conservative Republicans who John already mentioned to set up what we call a Google for government saying we’ll list every dollar of federal spending to make sure that the taxpayer can take a look and see who, in fact, is promoting some of these spending projects that John’s been railing about.",60,19,224,9,17,"(John, $15 billion, every year, Medicare, $15 billion, Medicare, Medicaid, Tom, John, George Bush’s, Congress, Tom Coburn, one, Republicans, John, Google, John)",108,"{'billion', 'off', 'skim', 'think', 'or', 'sure', 'drug', 'take', 'a', 'there', 'able', 'taxpayer', 'is', 'on', 'just', 'it', 'set', 'need', 'these', 'the', 'right', 'because', 'make', 'any', 'bill', 'worked', 'but', 'opposing', 'did', 'wrong', 'recognize', 'wildly', 'are', 'important', 'as', 'works', 'railing', 'spending', 'change', 'prescription', 'under', 'since', 'saying', 'now', 'george', 'every', 'reason', 'was', 'that', 'government', 'system', 'conservative', 't', 'better', 'list', 'fact', 'be', 'being', 'with', 'mostly', 'work', 'up', 'and', 'been', 'bush', 'look', 'of', 'give', 'not', 'year', 'me', 'do', 'shape', 'already', 'culture', 'john', 'what', 'have', 'they', 'willing', 'about', 'who', 'most', 'one', 'tom', 'away', 'i', 'for', 'to', 'individual', 'we', 'see', 'how', 'in', 's', 'headed', 'through', 'private', 'congress', 'part', 'federal', 'also', 'dollar', 'liberal', 'call', 'can', 'some', 'may'}",358,7.9,2.5,7.4,empty,empty,empty,1.5933333333333333,570.4133333333333,4411,7638.946666666667,The speaker establishes credibility by mentioning their record on opposing George Bush's policies and working with various political figures.,"The emotional appeal is minimal, but there is a slight connection made to taxpayers' concerns about wasteful spending.","The speaker uses specific examples and facts, such as the $15 billion in subsidies to private insurers and the Google for government initiative, to support their argument."
60,LEHRER,"What I’m trying to get at this is this. Excuse me if I may, senator. Trying to get at that you all — one of you is going to be the president of the United States come January. At the — in the middle of a huge financial crisis that is yet to be resolved. And what I’m trying to get at is how this is going to affect you not in very specific — small ways but in major ways and the approach to take as to the presidency.",61,25,100,5,2,"(the United States, January)",48,"{'affect', 'financial', 'that', 'senator', 'approach', 'at', 'but', 'if', 'president', 'one', 'united', 'i', 'be', 'specific', 'resolved', 'going', 'as', 'to', 'm', 'very', 'middle', 'take', 'a', 'how', 'you', 'in', 'is', 'yet', 'this', 'and', 'trying', 'excuse', 'small', 'crisis', 'of', 'get', 'not', 'me', 'the', 'presidency', 'huge', 'all', 'what', 'come', 'ways', 'january', 'may', 'major'}",155,3.5,1.0,4.5,empty,empty,empty,1.3,201.5,1532,2078.653333333333,The speaker uses a respectful tone but lacks the strong credibility of an expert or authority figure.,The urgency created by mentioning the financial crisis evokes mild concern.,The logical inquiry focuses on the major implications of the financial crisis for the potential president's approach.
61,MCCAIN,"How about a spending freeze on everything but defense, veteran affairs and entitlement programs.",62,18,16,1,0,(),12,"{'how', 'about', 'on', 'defense', 'but', 'and', 'entitlement', 'spending', 'veteran', 'freeze', 'a', 'everything'}",29,7.2,5.2,8.1,empty,empty,empty,1.6833333333333333,48.81666666666667,3865,6393.573333333334,The speaker establishes credibility as a responsible policymaker by focusing on preserving essential government services.,The appeal to patriotism and support for veterans may resonate emotionally with voters.,The proposal uses a logical approach by specifying particular areas for a spending freeze while exempting important sectors.
62,LEHRER,Spending freeze?,63,26,3,1,0,(),2,"{'spending', 'freeze'}",6,1.5,1.5,1.5,empty,empty,empty,1.15,6.8999999999999995,1538,2085.5533333333333,"The credibility relies on the speaker's authority in financial matters, which is not clear.",The phrase 'spending freeze' can evoke emotions in those who have concerns about government spending.,"There is an implied logical argument for a spending freeze, but the statement is too vague to effectively provide a clear logical appeal."
63,MCCAIN,I think we ought to seriously consider with the exceptions of caring for our veterans national defense and several other vital issues.,64,19,23,1,0,(),18,"{'with', 'seriously', 'the', 'vital', 'defense', 'several', 'and', 'of', 'national', 'to', 'our', 'consider', 'other', 'think', 'ought', 'we', 'i', 'for'}",42,7.5,3.5,6.0,empty,empty,empty,1.5666666666666667,65.8,3907,6459.373333333333,"The speaker demonstrates Ethos by expressing concern for the well-being of the nation, its veterans, and vital issues.","The Pathos is present in the reference to caring for veterans, which can evoke emotions of empathy and patriotism.","Logos is established by pointing out the importance of addressing several vital issues, implying a logical need for thoughtful consideration."
64,LEHRER,Would you go for that?,65,27,6,1,0,(),5,"{'you', 'that', 'go', 'would', 'for'}",12,0.0,1.0,0.0,empty,empty,empty,1.0333333333333334,12.400000000000002,1550,2097.9533333333334,,"The question might mildly evoke an emotional response, as it invites the listener to consider an alternative viewpoint.",
65,OBAMA,"The problem with a spending freeze is you’re using a hatchet where you need a scalpel. There are some programs that are very important that are under funded. I went to increase early childhood education and the notion that we should freeze that when there may be, for example, this Medicare subsidy, I think, doesn’t make sense. Let me tell you another place to look for some savings. We are currently spending $10 billion a month in Iraq when they have a $79 billion surplus. It seems to me that if we’re going to be strong at home as well as strong abroad, that we have to look at bringing that war to a close.",66,20,134,6,4,"(Medicare, $10 billion, Iraq, $79 billion)",68,"{'tell', 'billion', 'that', 'iraq', 'abroad', 'at', 'if', 'went', 'well', 'another', 'think', 't', 'month', 'problem', 'sense', 'i', 'for', 'be', 'are', 'early', 'war', 'important', 'strong', 'going', 'as', 'hatchet', 'very', 'to', 'freeze', 're', 'a', 'there', 'we', 'subsidy', 'home', 'let', 'with', 'you', 'in', 'is', 'childhood', 'example', 'this', 'and', 'spending', 'education', 'increase', 'it', 'notion', 'look', 'place', 'need', 'under', 'funded', 'the', 'me', 'currently', 'scalpel', 'where', 'make', 'have', 'close', 'some', 'they', 'may', 'when', 'should', 'surplus'}",212,7.5,7.2,8.3,empty,empty,empty,1.7666666666666666,374.5333333333333,4623,8013.48,The speaker presents themselves as a reasonable and knowledgeable policy maker.,The mention of underfunded early childhood education and the Iraq war evokes sympathy and concern.,The speaker uses logical reasoning and suggests specific dollar amounts within their argument.
66,MCCAIN,"Look, we are sending $700 billion a year overseas to countries that don’t like us very much. Some of that money ends up in the hands of terrorist organizations. We have to have wind, tide, solar, natural gas, flex fuel cars and all that but we also have to have offshore drilling and we also have to have nuclear power. Senator Obama opposes both storing and reprocessing of spent nuclear fuel. You can’t get there from here and the fact is that we can create 700,000 jobs by building constructing 45 new nuclear power plants by the year 2030. Nuclear power is not only important as far as eliminating our dependence on foreign oil but it’s also responsibility as far as climate change is concerned. An issue I have been involved in for many, many years and I’m proud of the work of the work that I’ve done there along with Senator Clinton.",67,20,177,7,7,"($700 billion, Obama, 700,000, 45, the year 2030, many, many years, Clinton)",83,"{'billion', 'solar', 'fuel', 'very', 'offshore', 'a', 'there', 'spent', 'you', 'is', 'on', 'it', 'the', 'money', 'all', 'clinton', 'overseas', 'sending', 'gas', 'but', 'far', 'are', 'important', 'involved', 'as', 'only', 'tide', 'change', 'here', 'drilling', 'nuclear', 'many', 'us', 'by', 'that', 'oil', 't', 'both', 'fact', 'terrorist', 'along', 'don', 'with', 'concerned', 'power', 'work', 'up', 'and', 'been', 'look', 'of', 'much', 'not', 'building', 'like', 'climate', 'year', 'dependence', 'have', 'our', 'flex', 'foreign', 'create', 'senator', 'wind', 'responsibility', 'issue', 'i', 'for', 'done', 'an', 'to', 'm', 'we', 'new', 'in', 's', 'get', 'also', 'natural', 'from', 'can', 'some'}",274,8.2,6.0,7.9,empty,empty,empty,1.7366666666666668,475.8466666666667,4181,6935.22,The speaker establishes credibility by mentioning their work on climate change with Senator Clinton and discussing their involvement on the issue.,The appeal to emotion is expressed by referencing the funding of terrorist organizations and creating a sense of urgency for energy independence.,"The use of logical argument is evident in the mention of specific energy sources, nuclear plant construction, job creation, and the connection between energy dependence and climate change."
67,LEHRER,"Before we go to another lead question. Let me figure out a way to ask the same question in a slightly different way here. Are you — are you willing to acknowledge both of you that this financial crisis is going to affect the way you rule the country as president of the United States beyond the kinds of things that you have already — I mean, is it a major move? Is it going to have a major affect?",68,28,85,4,1,"(the United States,)",46,"{'affect', 'out', 'that', 'ask', 'figure', 'financial', 'beyond', 'president', 'another', 'both', 'united', 'i', 'question', 'move', 'are', 'going', 'as', 'to', 'different', 'a', 'we', 'rule', 'let', 'mean', 'you', 'in', 'is', 'this', 'it', 'crisis', 'here', 'slightly', 'of', 'country', 'before', 'me', 'the', 'acknowledge', 'already', 'way', 'lead', 'have', 'go', 'willing', 'major', 'same'}",136,3.5,2.0,7.0,empty,empty,empty,1.4166666666666667,192.66666666666669,1686,2290.62,"The questioner is an authoritative figure in the debate, but the phrasing of the question is unclear and repetitive.",The financial crisis mentioned might invoke an emotional response but it's not the focus of the question.,The question attempts to engage logic by asking candidates to consider the broader implications of the financial crisis on their presidency.
68,OBAMA,"There’s no doubt itâ€™s gonna affect our budgets. There is no doubt about it. Not only — Even if we get all $700 billion back, let’s assume the markets recover, we’re holding assets long enough that eventually taxpayers get it back and that happened during the Great Depression when Roosevelt purchased a whole bunch of homes, over time, home values went back up and in fact government made a profit. If we’re lucky and we do it right, that could potentially happen but in the short term there’s an outlay and we may not see that money for a while. And because of the economy’s slowing down, I think we can also expect less tax revenue so there’s no doubt that as president I’m going to have to make some tough decision. The only point I want to make is this, that in order to make those tough decisions we have to know what our values are and who we’re fighting for and what our priorities are and if we are spending $300 billion on tax cuts for people who don’t need them and weren’t even asking for them, and we are leaving out health care which is crushing on people all across the country, then I think we have made a bad decision and I want to make sure we’re not shortchanging our long term priorities.",69,21,269,6,5,"($700 billion, ’s, the Great Depression, Roosevelt, $300 billion)",117,"{'even', 'billion', 'doubt', 'which', 'president', 'those', 'think', 'decision', 'lucky', 'sure', 'health', 'short', 'there', 'a', 'gon', 'tax', 'is', 'on', 'it', 'need', 'fighting', 'potentially', 'the', 'eventually', 'right', 'money', 'all', 'because', 'make', 'bunch', 'but', 'crushing', 'while', 'so', 'are', 'assets', 'assume', 'going', 'as', 'back', 'people', 'outlay', 'only', 'made', 'over', 'spending', 'enough', 'depression', 'out', 'that', 'then', 'government', 'went', 'great', 't', 'fact', 'expect', 'them', 'during', 'don', 'home', 'know', 'across', 'up', 'and', 'leaving', 'care', 'of', 'not', 'order', 'do', 'holding', 'want', 'what', 'have', 'our', 'down', 'economy', 'about', 'affect', 'happen', 'who', 'if', 'could', 'bad', 'i', 'roosevelt', 'for', 'less', 'an', 'tough', 'to', 'm', 'long', 'na', 're', 'time', 'we', 'see', 'let', 'recover', 'in', 's', 'whole', 'this', 'revenue', 'no', 'get', 'country', 'also', 'point', 'can', 'profit', 'some', 'term', 'may', 'when'}",397,8.0,7.0,7.5,empty,empty,empty,1.75,694.75,5020,8708.23,The speaker's position as a future president establishes credibility and authority.,The mention of health care invokes empathy for those affected by the issue.,The speaker provides examples and figures to support the argument for reevaluating priorities.
69,MCCAIN,"Well, I want to make sure we’re not handing the health care system over to the federal government which is basically what would ultimately happen with Senator Obama’s health care plan. I want the families to make decisions between themselves and their doctors. Not the federal government. Look. We have to obviously cut spending. I have fought to cut spending. Senator Obama has $800 billion in new spending programs. I would suggest he start by canceling some of those new spending program that he has. We can’t I think adjust spending around to take care of the very much needed programs, including taking care of our veterans but I also want to say again a healthy economy with low taxes would not raising anyone’s taxes is probably the best recipe for eventually having our economy recover. And spending restraint has got to be a vital part of that. And the reason, one of the major reasons why we’re in the difficulties we are in today is because spending got out of control. We owe China $500 billion. And spending, I know, can be brought under control because I have fought against excessive spending my entire career. And I got plans to reduce and eliminate unnecessary and wasteful spending and if there’s anybody here who thinks there aren’t agencies of government where spending can be cut and their budgets slashed they have not spent a lot of time in Washington.",70,21,274,14,8,"(Obama, Obama, $800 billion, one, today, China, $500 billion, Washington)",115,"{'billion', 'which', 'those', 'think', 'wasteful', 'sure', 'health', 'very', 'take', 'a', 'there', 'between', 'excessive', 'spent', 'start', 'is', 'washington', 'healthy', 'recipe', 'the', 'eventually', 'where', 'because', 'make', 'anyone', 'today', 'eliminate', 'got', 'but', 'lot', 'are', 'adjust', 'fought', 'plan', 'brought', 'control', 'over', 'spending', 'here', 'cut', 'under', 'by', 'again', 'reason', 'say', 'low', 'major', 'out', 'that', 'suggest', 'slashed', 'government', 'system', 't', 'be', 'taking', 'my', 'around', 'their', 'raising', 'against', 'unnecessary', 'vital', 'know', 'with', 'themselves', 'entire', 'and', 'look', 'care', 'of', 'reduce', 'much', 'not', 'china', 'program', 'anybody', 'want', 'what', 'have', 'our', 'they', 'why', 'economy', 'restraint', 'happen', 'senator', 'who', 'if', 'one', 'he', 'well', 'ultimately', 'best', 'i', 'for', 'basically', 'to', 'time', 're', 'we', 'new', 'owe', 'recover', 'in', 's', 'obviously', 'federal', 'would', 'part', 'also', 'career', 'probably', 'can', 'some'}",411,6.7,5.5,7.4,empty,empty,empty,1.6533333333333333,679.52,4592,7614.74,The speaker establishes credibility by mentioning their past experiences fighting against excessive spending and asserting their knowledge of the government.,The speaker appeals to the emotions of the audience by focusing on the importance of families having control over their healthcare decisions and mentioning the need to take care of veterans.,"Logical arguments are made by comparing Senator Obama's healthcare plan to their own, discussing the need to cut spending while prioritizing necessary programs, and outlining the consequences of excessive spending."
70,OBAMA,"I just want to make this point, Jim. John, it’s been your president who you said you agreed with 90 percent of the time who presided over this increase in spending. This orgy of spending and enormous deficits you voted for almost all of his budgets. So to stand here and after eight years and say that you’re going to lead on controlling spending and, you know, balancing our tax cuts so that they help middle class families when over the last eight years that hasn’t happened I think just is, you know, kind of hard to swallow.",71,22,114,4,5,"(Jim, John, 90 percent, eight years, the last eight years)",61,"{'that', 'jim', 'who', 'president', 'eight', 'your', 'think', 't', 'class', 'i', 'for', 'so', 'percent', 'balancing', 'they', 'going', 'to', 'middle', 'time', 're', 'know', 'said', 'agreed', 'with', 'you', 'in', 's', 'stand', 'on', 'tax', 'is', 'just', 'this', 'his', 'and', 'been', 'over', 'spending', 'it', 'increase', 'here', 'of', 'after', 'kind', 'the', 'almost', 'all', 'want', 'make', 'point', 'orgy', 'last', 'swallow', 'john', 'lead', 'enormous', 'our', 'say', 'help', 'when', 'hard'}",184,7.5,5.5,8.5,empty,empty,empty,1.7166666666666668,315.8666666666667,5204,9024.096666666666,The speaker establishes credibility by providing factual information about the opponent's voting history.,"The mention of 'hard to swallow' evokes some emotional response, but the overall statement is not primarily emotional.",The argument uses logical reasoning by connecting the past actions to the current promises and the likelihood of their fulfillment.
71,LEHRER,Quick response to Senator Obama.,72,29,6,1,1,"(Obama,)",4,"{'response', 'quick', 'to', 'senator'}",12,0.0,0.0,0.0,empty,empty,empty,1.0,12.0,1698,2302.62,,,
72,MCCAIN,"It’s well-known that I have not been elected Miss Congeniality in the United States Senate nor with the administration. I have opposed the president on spending, on climate change, on torture of prisoner, on – on Guantanamo Bay. On a — on the way that the Iraq War was conducted. I have a long record and the American people know me very well and that is independent and a maverick of the Senate and I’m happy to say that I’ve got a partner that’s a good maverick along with me now.",73,22,106,4,6,"(United States, Senate, Guantanamo Bay, the Iraq War, American, Senate)",52,"{'was', 'independent', 'iraq', 'that', 'got', 'administration', 'president', 'torture', 'senate', 'well', 'partner', 'maverick', 'united', 'i', 'bay', 'congeniality', 'miss', 'war', 'prisoner', 'record', 'along', 'to', 'very', 'm', 'long', 'people', 'nor', 'a', 'know', 'good', 'with', 'in', 's', 'is', 'on', 'and', 'been', 'spending', 'it', 'change', 'of', 'happy', 'not', 'climate', 'the', 'me', 'american', 'now', 'opposed', 'way', 'have', 'say'}",168,7.5,3.5,6.0,empty,empty,empty,1.5666666666666667,263.2,4760,7877.94,The speaker establishes their credibility by listing specific instances and issues where they showed their independence in the Senate.,"The reference to being 'a maverick' creates an emotional appeal of being an independent, non-conformist politician.",The speaker provides a logical argument by discussing their consistent record on various issues to prove their point.
73,LEHRER,"All right. Let’s go another subject. Lead question, two minutes to you, senator McCain. Much has been said about the lessons of Vietnam. What do you see as the lessons of Iraq?",74,30,41,5,4,"(two minutes, McCain, Vietnam, Iraq)",24,"{'about', 'iraq', 'senator', 'another', 'question', 'as', 'to', 'said', 'let', 'see', 'you', 's', 'been', 'of', 'much', 'the', 'right', 'do', 'all', 'subject', 'what', 'lead', 'go', 'two'}",74,0.0,0.0,2.5,empty,empty,empty,1.0833333333333333,80.16666666666666,1772,2382.786666666667,,,The question prompts the candidate to make a logical comparison between two historical events.
74,MCCAIN,"I think the lessons of Iraq are very clear that you cannot have a failed strategy that will then cause you to nearly lose a conflict. Our initial military success, we went in to Baghdad and everybody celebrated. And then the war was very badly mishandled. I went to Iraq in 2003 and came back and said, we’ve got to change this strategy. This strategy requires additional troops, it requires a fundamental change in strategy and I fought for it. And finally, we came up with a great general and a strategy that has succeeded. This strategy has succeeded. And we are winning in Iraq. And we will come home with victory and with honor. And that withdrawal is the result of every counterinsurgency that succeeds.",75,23,143,10,5,"(Iraq, Baghdad, Iraq, 2003, Iraq)",60,"{'was', 'winning', 'iraq', 'that', 'strategy', 'got', 'then', 'went', 'initial', 'great', 'honor', 'celebrated', 'think', 'additional', 'fundamental', 'will', 'i', 'for', 'badly', 'are', 'war', 'cause', 'fought', 'conflict', 'to', 'very', 'came', 'a', 'we', 'back', 'home', 'said', 'with', 'you', 'in', 'lose', 'is', 'clear', 'this', 'up', 'result', 'and', 'nearly', 'it', 'change', 'everybody', 'finally', 'general', 'of', 'victory', 'not', 'the', 'success', 'every', 'come', 'have', 'can', 'our', 'withdrawal', 'military'}",218,6.5,6.0,7.0,empty,empty,empty,1.65,359.7,4978,8237.64,"The speaker draws upon their credibility and personal experience visiting Iraq in 2003, advocating for a change in strategy.",Phrases like 'with victory and with honor' and 'we are winning' appeal to emotions of pride and patriotism of the audience.,"The logical progression of discussing the initial strategy, its failure, and the need for change demonstrates a clear argument."
75,MCCAIN,"And I want to tell you that now that we will succeed and our troops will come home, and not in defeat, that we will see a stable ally in the region and a fledgling democracy. The consequences of defeat would have been increased Iranian influence. It would have been increase in sectarian violence. It would have been a wider war, which the United States of America might have had to come back. So there was a lot at stake there. And thanks to this great general, David Petraeus, and the troops who serve under him, they have succeeded. And we are winning in Iraq, and we will come home. And we will come home as we have when we have won other wars and not in defeat.",76,24,143,8,4,"(Iranian, the United States of America, David Petraeus, Iraq)",65,"{'tell', 'region', 'was', 'david', 'that', 'winning', 'iraq', 'at', 'fledgling', 'who', 'which', 'great', 'ally', 'other', 'serve', 'united', 'will', 'i', 'lot', 'so', 'are', 'war', 'as', 'to', 'back', 'a', 'home', 'we', 'had', 'see', 'there', 'you', 'in', 'won', 'influence', 'defeat', 'this', 'violence', 'and', 'succeed', 'been', 'america', 'him', 'it', 'increase', 'general', 'of', 'not', 'would', 'sectarian', 'thanks', 'under', 'the', 'democracy', 'might', 'want', 'now', 'stable', 'come', 'have', 'our', 'stake', 'they', 'iranian', 'when'}",220,7.5,7.0,6.5,empty,empty,empty,1.7,374.0,5198,8611.64,The speaker establishes credibility by referencing General David Petraeus and the successful efforts of U.S. troops.,The speaker appeals to emotions by discussing the troops returning home in victory and the potential for stability in the region.,"The speaker uses logic to outline the consequences of defeat, emphasizing the necessity of victory for the sake of national security and stability in the region."
76,LEHRER,"Two minutes, how you see the lessons of Iraq, Senator Obama.",77,31,14,1,3,"(Two minutes, Iraq, Obama)",8,"{'how', 'you', 'the', 'iraq', 'senator', 'of', 'two', 'see'}",26,0.0,0.0,0.0,empty,empty,empty,1.0,26.0,1798,2408.786666666667,,,
77,OBAMA,"Well, this is an area where Senator McCain and I have a fundamental difference because I think the first question is whether we should have gone into the war in the first place. Now six years ago, I stood up and opposed this war at a time when it was politically risky to do so because I said that not only did we not know how much it was going to cost, what our exit strategy might be, how it would affect our relationships around the world, and whether our intelligence was sound, but also because we hadn’t finished the job in Afghanistan. We hadn’t caught bin Laden. We hadn’t put al Qaeda to rest, and as a consequence, I thought that it was going to be a distraction. Now Senator McCain and President Bush had a very different judgment. And I wish I had been wrong for the sake of the country and they had been right, but that’s not the case. We’ve spent over $600 billion so far, soon to be $1 trillion. We have lost over 4,000 lives. We have seen 30,000 wounded, and most importantly, from a strategic national security perspective, al Qaeda is resurgent, stronger now than at any time since 2001. We took our eye off the ball. And not to mention that we are still spending $10 billion a month, when they have a $79 billion surplus, at a time when we are in great distress here at home, and we just talked about the fact that our budget is way overstretched and we are borrowing money from overseas to try to finance just some of the basic functions of our government. So I think the lesson to be drawn is that we should never hesitate to use military force, and I will not, as president, in order to keep the American people safe. But we have to use our military wisely. And we did not use our military wisely in Iraq.",78,23,377,14,19,"(McCain, first, first, six years ago, Afghanistan, bin Laden, al Qaeda, McCain, Bush, over $600 billion, $1 trillion, over 4,000, 30,000, al Qaeda, 2001, $10 billion, $79 billion, American, Iraq)",158,"{'judgment', 'billion', 'off', 'president', 'strategic', 'drawn', 'think', 'finished', 'try', 'than', 'took', 'wish', 'into', 'very', 'force', 'laden', 'a', 'had', 'spent', 'ball', 'case', 'is', 'just', 'it', 'finance', 'the', 'right', 'money', 'where', 'because', 'difference', 'any', 'risky', 'al', 'distraction', 'sake', 'borrowing', 'overseas', 'military', 'strategy', 'wounded', 'perspective', 'soon', 'but', 'fundamental', 'did', 'job', 'wrong', 'far', 'question', 'so', 'world', 'are', 'war', 'consequence', 'going', 'as', 'people', 'only', 'over', 'spending', 'here', 'place', 'exit', 'since', 'now', 'still', 'six', 'use', 'surplus', 'resurgent', 'was', 'security', 'that', 'at', 'seen', 'government', 'area', 'sound', 'lost', 'put', 'importantly', 'rest', 'great', 't', 'fact', 'be', 'around', 'different', 'home', 'know', 'said', 'hesitate', 'up', 'trillion', 'and', 'bin', 'been', 'bush', 'keep', 'of', 'much', 'not', 'order', 'ago', 'do', 'might', 'what', 'way', 'have', 'our', 'eye', 'they', 'should', 'about', 'affect', 'iraq', 'senator', 'never', 'budget', 'stood', 'politically', 'most', 'gone', 'well', 'thought', 'month', 'safe', 'will', 'i', 'for', 'basic', 'wisely', 'an', 'mention', 'to', 'first', 'time', 'lesson', 'we', 'how', 'distress', 'in', 's', 'this', 'intelligence', 'national', 'whether', 'cost', 'would', 'country', 'also', 'caught', 'american', 'opposed', 'from', 'some', 'when'}",568,8.5,7.2,8.8,empty,empty,empty,1.8166666666666667,1031.8666666666666,5772,10055.963333333333,The speaker builds credibility by reminding listeners that they were critical of the war's initiation when it was difficult to do so.,"Strong emotional appeal is created through the mention of lives lost, wounded soldiers, and economic distress at home.","The speaker presents a logical argument by referencing specific costs, consequences, and statistics related to the war."
78,LEHRER,"Do you agree with that, the lesson of Iraq?",79,32,11,1,1,"(Iraq,)",9,"{'with', 'you', 'the', 'agree', 'that', 'iraq', 'do', 'of', 'lesson'}",22,4.0,2.5,2.0,empty,empty,empty,1.2833333333333332,28.23333333333333,1820,2437.02,"The question provides little information about the speaker's credibility, but it does indicate that they are engaging in a dialogue.","It elicits a slight emotional response, assuming a shared experience or perspective on the Iraq situation.","Limited logic is provided, as the question only refers to an unspecified 'lesson of Iraq' and asks for agreement."
79,MCCAIN,"The next president of the United States is not going to have to address the issue as to whether we went into Iraq or not. The next president of the United States is going to have to decide how we leave, when we leave, and what we leave behind. That’s the decision of the next president of the United States. Senator Obama said the surge could not work, said it would increase sectarian violence, said it was doomed to failure. Recently on a television program, he said it exceed our wildest expectations. But yet, after conceding that, he still says that he would oppose the surge if he had to decide that again today. Incredibly, incredibly Senator Obama didn’t go to Iraq for 900 days and never asked for a meeting with General Petraeus.",80,25,153,7,11,"(the United States, Iraq, the United States, the United States, Obama, today, Obama, n’t, Iraq, 900 days, General Petraeus)",67,"{'was', 'today', 'iraq', 'that', 'leave', 'senator', 'surge', 'never', 'meeting', 'but', 'if', 'president', 'could', 'went', 'issue', 'he', 'incredibly', 'days', 'decision', 't', 'decide', 'united', 'for', 'or', 'recently', 'going', 'as', 'to', 'into', 'a', 'we', 'failure', 'had', 'said', 'how', 'with', 'behind', 'is', 's', 'work', 'on', 'yet', 'oppose', 'violence', 'and', 'television', 'it', 'increase', 'general', 'of', 'not', 'after', 'whether', 'would', 'sectarian', 'the', 'program', 'next', 'exceed', 'address', 'what', 'again', 'have', 'our', 'still', 'go', 'when'}",238,7.5,3.5,8.0,empty,empty,empty,1.6333333333333333,388.73333333333335,5436,9000.373333333333,The speaker presents authoritative information by referencing Senator Obama's opinions and General Petraeus.,The mention of increasing sectarian violence evokes a limited emotional response by invoking fear or concern about the consequences of the surge in Iraq.,The speaker uses logical reasoning by discussing the future president's responsibilities in Iraq and comparing Senator Obama's past statements with his current ones.
80,LEHRER,"Well, let’s go at some of these things…",81,33,11,1,1,"(’s,)",8,"{'let', 's', 'at', 'of', 'well', 'some', 'go', 'these'}",21,2.0,0.0,0.0,empty,empty,empty,1.0666666666666667,22.4,1841,2459.42,"The phrase establishes some authority and willingness to address issues (although weakly), but lacks emotional appeal and logical argumentation.",,
81,MCCAIN,"Senator Obama is the chairperson of a committee that oversights NATO that’s in Afghanistan. To this day, he has never had a hearing.",82,26,28,2,4,"(Obama, NATO, Afghanistan, this day)",16,"{'the', 'is', 'senator', 'committee', 'that', 's', 'in', 'this', 'day', 'never', 'he', 'hearing', 'to', 'of', 'had', 'a'}",50,7.5,0.0,8.5,empty,empty,empty,1.5333333333333332,76.66666666666666,5486,9077.04,The speaker establishes credibility by knowing Senator Obama's status and committee chair role.,,"This snippet offers factual information about Senator Obama's committee chair role and lack of hearings, establishing logical reasoning."
82,LEHRER,What about that point?,83,34,5,1,0,(),4,"{'about', 'what', 'that', 'point'}",10,2.0,0.0,3.0,empty,empty,empty,1.1666666666666667,11.666666666666668,1851,2471.0866666666666,"The speaker is engaging in an informal conversation by referring to a point, but there's no clear authority or credibility.",,The phrase 'What about' invites logical discussion by addressing an alternative or counter-argument.
83,MCCAIN,"I mean, it’s remarkable.",84,27,8,1,0,(),5,"{'mean', 's', 'it', 'remarkable', 'i'}",14,0.0,0.0,0.0,empty,empty,empty,1.0,14.0,5500,9091.04,,,
84,LEHRER,All right. What about that point?,85,35,8,2,0,(),6,"{'about', 'that', 'right', 'all', 'point', 'what'}",16,1.0,1.0,3.0,empty,empty,empty,1.1666666666666667,18.666666666666668,1867,2489.7533333333336,Low score as there's minimal display of credibility from the speaker.,Low score as the statement barely evokes any emotional appeal.,"Some logical inquiry is present in asking about a point, but the specific context or argument is unclear."
85,OBAMA,Which point? He raised a whole bunch of them.,86,24,11,2,0,(),9,"{'them', 'whole', 'which', 'point', 'raised', 'he', 'of', 'a', 'bunch'}",22,0.0,0.0,2.0,empty,empty,empty,1.0666666666666667,23.466666666666665,5794,10079.43,,,The sentence acknowledges multiple points made by an individual but does not provide any specific information or evidence.
86,LEHRER,"I know, OK, let’s go to the latter point and we’ll back up. The point about your not having been…",87,36,27,2,1,"(’s,)",17,"{'let', 'about', 'the', 's', 'ok', 'latter', 'up', 'point', 'and', 'to', 'your', 'go', 'back', 'not', 'we', 'know', 'i'}",47,1.0,0.0,2.0,empty,empty,empty,1.1,51.7,1914,2541.4533333333334,"The use of 'I know' suggests some level of credibility or knowledge, but it is weak due to informal language and lack of elaboration.",,"The speaker is attempting to logically order their arguments by addressing the latter point first and then going back, but the lack of context or evidence provided limits the effectiveness of the argument."
87,OBAMA,"Look, I’m very proud of my vice presidential selection, Joe Biden, who is the chairman of the Senate Foreign Relations Committee, and as he explains, and as John well knows, the issues of Afghanistan, the issues of Iraq, critical issues like that, don’t go through my subcommittee because they’re done as a committee as a whole. But that’s Senate inside baseball. But let’s get back to the core issue here. Senator McCain is absolutely right that the violence has been reduced as a consequence of the extraordinary sacrifice of our troops and our military families. They have done a brilliant job, and General Petraeus has done a brilliant job. But understand, that was a tactic designed to contain the damage of the previous four years of mismanagement of this war. And so John likes — John, you like to pretend like the war started in 2007. You talk about the surge. The war started in 2003, and at the time when the war started, you said it was going to be quick and easy. You said we knew where the weapons of mass destruction were. You were wrong. You said that we were going to be greeted as liberators. You were wrong. You said that there was no history of violence between Shia and Sunni. And you were wrong. And so my question is… (CROSSTALK)",88,25,266,16,16,"(Joe Biden, the Senate Foreign Relations Committee, John, Afghanistan, Iraq, Senate, McCain, General Petraeus, the previous four years, John, John, 2007, 2003, Shia, Sunni, CROSSTALK)",103,"{'designed', 'brilliant', 'sacrifice', 'very', 'a', 'there', 'between', 'you', 'is', 'it', 'understand', 'the', 'right', 'pretend', 'where', 'because', 'were', 'go', 'military', 'sunni', 'but', 'senate', 'job', 'wrong', 'mass', 'question', 'so', 'damage', 'war', 'consequence', 'going', 'as', 'back', 'subcommittee', 'here', 'general', 'history', 'was', 'selection', 'that', 'at', 'knew', 'extraordinary', 't', 'be', 'contain', 'my', 'don', 'said', 'critical', 'mismanagement', 'core', 'and', 'violence', 'been', 'four', 'look', 'of', 'destruction', 'like', 'easy', 'john', 'have', 'our', 'they', 'foreign', 'previous', 'about', 'absolutely', 'iraq', 'surge', 'senator', 'who', 'baseball', 'he', 'issue', 'well', 'i', 'joe', 'done', 'vice', 'to', 'm', 'talk', 'time', 're', 'quick', 'we', 'let', 'chairman', 'inside', 'in', 's', 'whole', 'this', 'through', 'reduced', 'no', 'get', 'presidential', 'committee', 'tactic', 'when'}",401,7.5,4.5,8.0,empty,empty,empty,1.6666666666666665,668.3333333333333,6195,10747.763333333332,"The speaker establishes credibility through his vice presidential selection, referencing Senate experience, and acknowledging the opposing side's valid points.",The speaker uses moderate emotional appeal by mentioning the sacrifice of military families and the previous mismanagement of the war.,"The speaker presents a logical argument by focusing on historical context, pointing out the opponent's previous statements, and using facts to showcase error in the opponent's claims."
88,LEHRER,Senator Obama…,89,37,2,1,1,"(Obama,)",1,{'senator'},5,0.0,0.0,0.0,empty,empty,empty,1.0,5.0,1919,2546.4533333333334,,,
89,OBAMA,"… of judgment, of whether or not — of whether or not — if the question is who is best-equipped as the next president to make good decisions about how we use our military, how we make sure that we are prepared and ready for the next conflict, then I think we can take a look at our judgment.",90,26,63,1,0,(),38,"{'about', 'judgment', 'that', 'at', 'who', 'if', 'president', 'then', 'think', 'i', 'for', 'or', 'question', 'are', 'sure', 'prepared', 'as', 'to', 'conflict', 'take', 'a', 'we', 'good', 'how', 'is', 'and', 'look', 'of', 'not', 'whether', 'ready', 'the', 'next', 'make', 'our', 'can', 'use', 'military'}",102,6.5,4.0,5.5,empty,empty,empty,1.5333333333333332,156.39999999999998,6297,10904.163333333334,The speaker is using their authority to assert their ability to judge who is best-equipped to handle military decisions.,The speaker appeals to the audience's sense of security by discussing military preparedness.,The logical structure is connecting the concept of good judgment with the decision-making process for military preparedness.
90,LEHRER,I have got a lot on the plate here…,91,38,9,1,0,(),8,"{'the', 'got', 'on', 'plate', 'have', 'a', 'i', 'lot'}",18,3.0,3.0,0.0,empty,empty,empty,1.2,21.599999999999998,1937,2568.0533333333333,The speaker establishes a connection by acknowledging their responsibility.,The phrase 'a lot on the plate' evokes empathy for the speaker's situation.,
91,MCCAIN,"I’m afraid Senator Obama doesn’t understand the difference between a tactic and a strategy. But the important — I’d like to tell you, two Fourths of July ago I was in Baghdad. General Petraeus invited Senator Lindsey Graham and me to attend a ceremony where 688 brave young Americans, whose enlistment had expired, were reenlisting to stay and fight for Iraqi freedom and American freedom. I was honored to be there. I was honored to speak to those troops. And you know, afterwards, we spent a lot of time with them. And you know what they said to us? They said, let us win. They said, let us win. We don’t want our kids coming back here. And this strategy, and this general, they are winning. Senator Obama refuses to acknowledge that we are winning in Iraq.",92,28,166,12,13,"(Obama, n’t, two, July ago, Baghdad, General Petraeus, Lindsey Graham, 688, Americans, Iraqi, American, Obama, Iraq)",76,"{'tell', 'was', 'winning', 'iraq', 'strategy', 'senator', 'win', 'brave', 'that', 'afraid', 'but', 'iraqi', 'attend', 'fight', 'those', 't', 'd', 'i', 'for', 'lot', 'graham', 'be', 'lindsey', 'them', 'july', 'ceremony', 'are', 'important', 'coming', 'to', 'm', 'freedom', 'time', 'don', 'a', 'had', 'there', 'between', 'know', 'we', 'spent', 'you', 'in', 'afterwards', 'with', 'said', 'let', 'this', 'and', 'stay', 'here', 'general', 'of', 'back', 'young', 'speak', 'like', 'understand', 'us', 'enlistment', 'the', 'tactic', 'ago', 'me', 'acknowledge', 'where', 'american', 'difference', 'whose', 'want', 'kids', 'what', 'were', 'our', 'they', 'two'}",267,7.5,6.0,4.0,empty,empty,empty,1.5833333333333335,422.75000000000006,5767,9513.79,"The speaker uses their personal experience, mentioning their visit to Baghdad and conversation with the troops to establish their credibility.",The repetition of 'let us win' and mentioning the desire of troops to not have their children return to Iraq evokes an emotional response.,The argument is mostly comprised of anecdotal evidence but mentions the concept of winning in Iraq as an objective fact.
92,OBAMA,That’s not true.,93,27,6,1,0,(),4,"{'not', 's', 'that', 'true'}",11,1.0,0.0,4.0,empty,empty,empty,1.1666666666666667,12.833333333333334,6308,10916.996666666666,"The speaker challenges the credibility of the opposing argument, but without providing any supporting evidence or establishing their own expertise.",,"The statement indirectly uses logic by dismissing a claim as false, but it doesn't provide any specific argument or evidence for the dismissal."
93,MCCAIN,They just passed an electoral…,94,29,5,1,0,(),3,"{'an', 'just', 'they'}",9,7.8,2.1,4.5,empty,empty,empty,1.48,13.32,5776,9527.11,"The speaker establishes credibility by addressing a recent event, indicating knowledge in the subject.",Limited emotional appeal is present in the snippet as there is no direct connection to personal or emotional experiences.,The mention of a specific event (passing of an electoral act) serves as a moderate attempt to use logical reasoning.
94,OBAMA,That’s not true.,95,28,6,1,0,(),4,"{'not', 's', 'that', 'true'}",11,1.5,0.6,1.9,empty,empty,empty,1.1333333333333333,12.466666666666667,6319,10929.463333333333,"The speaker attempts to establish credibility by directly refuting a point, but lacks elaboration.","Minimal emotional appeal exists as audiences may appreciate a direct response, but the shortness of the statement limits impact.",The logical aspect is weak due to the lack of evidence or reasons provided to support the claim.
95,MCCAIN,"An election law just in the last few days. There is social, economic progress, and a strategy, a strategy of going into an area, clearing and holding, and the people of the country then become allied with you. They inform on the bad guys. And peace comes to the country, and prosperity. That’s what’s happening in Iraq, and it wasn’t a tactic.",96,30,80,5,2,"(the last few days, Iraq)",46,"{'iraq', 'strategy', 'comes', 'that', 'then', 'peace', 'few', 'bad', 'area', 'prosperity', 'clearing', 'days', 't', 'an', 'going', 'into', 'to', 'social', 'people', 'a', 'there', 'become', 'with', 'you', 'in', 'is', 'inform', 'on', 's', 'just', 'and', 'election', 'allied', 'it', 'of', 'law', 'economic', 'country', 'progress', 'the', 'tactic', 'happening', 'holding', 'last', 'what', 'they'}",133,5.0,2.0,6.0,empty,empty,empty,1.4333333333333333,190.63333333333333,5909,9717.743333333334,The speaker shows their expertise on the subject by discussing a specific strategy and its results.,"Although not strongly emotional, the mention of progress, peace, and prosperity taps into voters' hopes.",The speaker presents logical steps in the explained strategy and relates it to a positive outcome.
96,LEHRER,Let me see…,97,39,3,1,0,(),2,"{'let', 'me'}",6,0.0,0.0,0.0,empty,empty,empty,1.0,6.0,1943,2574.0533333333333,,,
97,OBAMA,"Jim, Jim, this is a big…",98,29,8,1,2,"(Jim, Jim)",4,"{'this', 'jim', 'a', 'is'}",15,0.0,0.0,0.0,empty,empty,empty,1.0,15.0,6334,10944.463333333333,,,
98,MCCAIN,"It was a strategy. And that same strategy will be employed in Afghanistan by this great general. And Senator Obama, who after promising not to vote to cut off funds for the troops, did the incredible thing of voting to cut off the funds for the troops in Iraq and Afghanistan.",99,31,56,3,4,"(Afghanistan, Obama, Iraq, Afghanistan)",33,"{'was', 'iraq', 'strategy', 'that', 'senator', 'who', 'off', 'great', 'vote', 'did', 'will', 'for', 'be', 'to', 'a', 'voting', 'in', 'thing', 'this', 'and', 'it', 'promising', 'general', 'of', 'cut', 'after', 'not', 'the', 'by', 'incredible', 'same', 'employed', 'funds'}",96,6.5,4.0,7.0,empty,empty,empty,1.5833333333333335,152.0,6005,9869.743333333334,The speaker establishes credibility by citing the strategy of a great general and the voting record of their opponent.,Emotion is evoked by mentioning the potential danger faced by troops in Iraq and Afghanistan due to funding cuts.,A logical argument is made by highlighting the opponent's inconsistency between their promises and actions.
99,OBAMA,"Jim, there are a whole bunch of things we have got to answer. First of all, let’s talk about this troop funding issue because John always brings this up. Senator McCain cut — Senator McCain opposed funding for troops in legislation that had a timetable, because he didn’t believe in a timetable. I opposed funding a mission that had no timetable, and was open- ended, giving a blank check to George Bush. We had a difference on the timetable. We didn’t have a difference on whether or not we were going to be funding troops. We had a legitimate difference, and I absolutely understand the difference between tactics and strategy. And the strategic question that the president has to ask is not whether or not we are employing a particular approach in the country once we have made the decision to be there. The question is, was this wise? We have seen Afghanistan worsen, deteriorate. We need more troops there. We need more resources there. Senator McCain, in the rush to go into Iraq, said, you know what? We’ve been successful in Afghanistan. There is nobody who can pose a threat to us there. This is a time when bin Laden was still out, and now they’ve reconstituted themselves. Secretary of Defense Robert Gates himself acknowledges the war on terrorism started in Afghanistan and it needs to end there. But we can’t do it if we are not willing to give Iraq back its country. Now, what I’ve said is we should end this war responsibly. We should do it in phases. But in 16 months we should be able to reduce our combat troops, put — provide some relief to military families and our troops and bolster our efforts in Afghanistan so that we can capture and kill bin Laden and crush al Qaeda. And right now, the commanders in Afghanistan, as well as Admiral Mullen, have acknowledged that we don’t have enough troops to deal with Afghanistan because we still have more troops in Iraq than we did before the surge.",100,30,398,22,23,"(Jim, First, ’s, John, McCain, McCain, George Bush, Afghanistan, McCain, Iraq, Afghanistan, bin Laden, Robert Gates, Afghanistan, Iraq, 16 months, Afghanistan, bin Laden, al Qaeda, Afghanistan, Mullen, Afghanistan, Iraq)",152,"{'legislation', 'president', 'bolster', 'strategic', 'decision', 'or', 'pose', 'than', 'into', 'laden', 'a', 'there', 'had', 'between', 'worsen', 'able', 'you', 'is', 'on', 'it', 'need', 'understand', 'robert', 'before', 'the', 'right', 'all', 'because', 'difference', 'capture', 'al', 'ended', 'were', 'deal', 'go', 'bunch', 'military', 'himself', 'got', 'strategy', 'defense', 'but', 'responsibly', 'did', 'timetable', 'tactics', 'question', 'so', 'are', 'believe', 'troop', 'war', 'going', 'rush', 'as', 'back', 'made', 'wise', 'enough', 'cut', 'us', 'deteriorate', 'now', 'george', 'combat', 'answer', 'still', 'phases', 'was', 'out', 'that', 'ask', 'approach', 'successful', 'seen', 'put', 'acknowledged', 't', 'be', 'once', 'particular', 'terrorism', 'don', 'provide', 'kill', 'know', 'said', 'with', 'themselves', 'secretary', 'up', 'and', 'been', 'bin', 'end', 'bush', 'blank', 'relief', 'of', 'reduce', 'give', 'not', 'do', 'giving', 'john', 'what', 'have', 'our', 'they', 'willing', 'should', 'about', 'absolutely', 'iraq', 'surge', 'senator', 'crush', 'jim', 'who', 'if', 'issue', 'he', 'nobody', 'well', 'admiral', 'i', 'for', 'to', 'first', 'talk', 'time', 'we', 'always', 'threat', 'let', 'legitimate', 'in', 's', 'whole', 'this', 'no', 'whether', 'needs', 'check', 'country', 'more', 'opposed', 'can', 'its', 'some', 'mission', 'when'}",595,8.0,6.0,8.2,empty,empty,empty,1.74,1035.3,6929,11979.763333333332,The speaker establishes credibility by mentioning specific examples of Senator McCain's decisions on troop funding and by demonstrating knowledge of the different military tactics and strategy.,The speaker appeals to emotion by referencing the need to provide relief to military families and the need to capture and kill bin Laden.,The speaker effectively uses logical arguments regarding the strategic necessity to focus on Afghanistan and references the opinions of military commanders and the Secretary of Defense as evidence.
100,MCCAIN,Admiral Mullen suggests that Senator Obama’s plan is dangerous for America.,101,32,14,1,3,"(Mullen, Obama, America)",9,"{'s', 'that', 'senator', 'is', 'america', 'dangerous', 'plan', 'admiral', 'for'}",27,7.5,4.0,6.0,empty,empty,empty,1.5833333333333335,42.75000000000001,6032,9912.493333333334,Referencing the authority of Admiral Mullen adds credibility to the statement.,The use of the word 'dangerous' is an emotive appeal to the audience's fear for safety.,The statement is a logical argument based on the cited expert's opinion.
101,OBAMA,That’s not the case.,102,31,7,1,0,(),5,"{'case', 'the', 's', 'that', 'not'}",13,0.0,0.0,0.0,empty,empty,empty,1.0,13.0,6942,11992.763333333332,,,
102,MCCAIN,That’s what …,103,33,5,1,0,(),3,"{'what', 's', 'that'}",9,0.0,0.0,0.0,empty,empty,empty,1.0,9.0,6041,9921.493333333334,,,
103,OBAMA,What he said was a precipitous…,104,32,6,1,0,(),5,"{'was', 'he', 'what', 'a', 'said'}",12,0.0,0.0,0.0,empty,empty,empty,1.0,12.0,6954,12004.763333333332,,,
104,MCCAIN,That’s what Admiral Mullen said.,105,34,8,1,1,"(Mullen,)",5,"{'s', 'that', 'what', 'admiral', 'said'}",15,7.0,0.0,0.0,empty,empty,empty,1.2333333333333334,18.5,6056,9939.993333333334,"Mentioning Admiral Mullen, an authority figure, strengthens the credibility of the speaker.",,
105,OBAMA,… withdrawal would be dangerous. He did not say that. That’s not true.,106,33,18,3,0,(),11,"{'be', 'that', 's', 'true', 'dangerous', 'he', 'withdrawal', 'say', 'did', 'not', 'would'}",32,6.5,3.2,7.8,empty,empty,empty,1.5833333333333335,50.66666666666667,6986,12055.43,The speaker is using their authority to present a correction and clarification.,"There is a hint of emotional appeal, as the speaker implies that the audience is being misled.",The statement addresses a logical discrepancy by presenting an accurate representation of what was said.
106,MCCAIN,"And also General Petraeus said the same thing. Osama bin Laden and General Petraeus have one thing in common that I know of, they both said that Iraq is the central battleground. Now General Petraeus has praised the successes, but he said those successes are fragile and if we set a specific date for withdrawal — and by the way, Senator Obama’s original plan, they would have been out last spring before the surge ever had a chance to succeed. And I’m — I’m — understand why Senator Obama was surprised and said that the surge succeeded beyond his wildest expectations.",107,35,115,4,9,"(General Petraeus, Osama bin Laden, General Petraeus, one, Iraq, General Petraeus, Obama, last spring, Obama)",61,"{'was', 'iraq', 'that', 'senator', 'out', 'surge', 'beyond', 'but', 'fragile', 'if', 'spring', 'one', 'he', 'battleground', 'those', 'both', 'i', 'for', 'ever', 'chance', 'central', 'are', 'date', 'specific', 'plan', 'to', 'm', 'common', 'laden', 'original', 'a', 'we', 'know', 'had', 'said', 'in', 'is', 'thing', 's', 'his', 'and', 'bin', 'been', 'succeed', 'general', 'of', 'set', 'would', 'understand', 'also', 'the', 'by', 'before', 'last', 'now', 'way', 'have', 'withdrawal', 'they', 'why', 'same'}",189,4.5,3.9,6.0,empty,empty,empty,1.48,279.71999999999997,6245,10219.713333333333,The speaker gains credibility through referencing General Petraeus and his evaluations of the situation.,"A slight emotional appeal is used when discussing both Osama bin Laden's and General Petraeus's agreement on Iraq's importance as a battleground, inciting a sense of fear and urgency.","The argument is made logically by pointing out Senator Obama's previous stance in contrast to the success of the surge, thereby undermining his judgment."
107,MCCAIN,"It didn’t exceed beyond mine, because I know that that’s a strategy that has worked and can succeed. But if we snatch defeat from the jaws of victory and adopt Senator Obama’s plan, then we will have a wider war and it will make things more complicated throughout the region, including in Afghanistan.",108,36,64,2,2,"(Obama, Afghanistan)",38,"{'region', 'that', 'strategy', 'worked', 'senator', 'beyond', 'but', 'if', 'adopt', 'then', 'mine', 't', 'will', 'i', 'snatch', 'war', 'plan', 'a', 'we', 'know', 'in', 's', 'defeat', 'and', 'succeed', 'it', 'victory', 'of', 'throughout', 'the', 'more', 'exceed', 'because', 'make', 'complicated', 'from', 'can', 'have'}",106,5.5,7.0,6.5,empty,empty,empty,1.6333333333333333,173.13333333333333,6351,10392.846666666666,The speaker shows credibility as they express a knowledge of strategies and their outcomes.,The warning of 'snatching defeat from the jaws of victory' invokes a sense of imminent danger and potential loss.,The argument presents a reasoned comparison between the effectiveness of two plans and their potential impacts on the region.
108,LEHRER,"Afghanistan, lead — a new — a new lead question. Now, having resolved Iraq, we’ll move to Afghanistan. (LAUGHTER) And it goes to you, Senator Obama, and it’s a — it picks up on a point that’s already been made. Do you think more troops — more U.S. troops should be sent to Afghanistan, how many, and when?",109,40,77,4,6,"(Afghanistan, Iraq, Afghanistan, Obama, U.S., Afghanistan)",33,"{'iraq', 'that', 'senator', 'sent', 'think', 'be', 'question', 'move', 'resolved', 'to', 'a', 'we', 'new', 'laughter', 'how', 'you', 's', 'on', 'up', 'made', 'and', 'goes', 'been', 'it', 'many', 'more', 'do', 'now', 'point', 'already', 'lead', 'when', 'should'}",120,1.9,0.6,2.1,empty,empty,empty,1.1533333333333333,138.4,2063,2712.4533333333334,"The speaker refers to their position as a Senator, establishing some credibility.",The mention of resolving issues in Iraq may evoke some emotional response.,"A logical question is asked about sending more troops to Afghanistan, along with specific details requested."
109,OBAMA,"Yes, I think we need more troops. I’ve been saying that for over a year now. And I think that we have to do it as quickly as possible, because it’s been acknowledged by the commanders on the ground the situation is getting worse, not better. We had the highest fatalities among U.S. troops this past year than at any time since 2002. And we are seeing a major offensive taking place — Al Qaida and Taliban crossing the border and attacking our troops in a brazen fashion. They are feeling emboldened. And we cannot separate Afghanistan from Iraq, because what our commanders have said is we don’t have the troops right now to deal with Afghanistan. So I would send two to three additional brigades to Afghanistan. Now, keep in mind that we have four times the number of troops in Iraq, where nobody had anything to do with 9/11 before we went in, where, in fact, there was no Al Qaida before we went in, but we have four times more troops there than we do in Afghanistan. And that is a strategic mistake, because every intelligence agency will acknowledge that Al Qaida is the greatest threat against the United States and that Secretary of Defense Gates acknowledged the central front — that the place where we have to deal with these folks is going to be in Afghanistan and in Pakistan. So here’s what we have to do comprehensively, though. It’s not just more troops. We have to press the Afghan government to make certain that they are actually working for their people. And I’ve said this to President Karzai. Number two, we’ve got to deal with a growing poppy trade that has exploded over the last several years. Number three, we’ve got to deal with Pakistan, because Al Qaida and the Taliban have safe havens in Pakistan, across the border in the northwest regions, and although, you know, under George Bush, with the support of Senator McCain, we’ve been giving them $10 billion over the last seven years, they have not done what needs to be done to get rid of those safe havens. And until we do, Americans here at home are not going to be safe.",110,34,432,17,36,"(over a year, U.S., this past year, 2002, Al Qaida, Taliban, Afghanistan, Iraq, Afghanistan, two to three, Afghanistan, four, Iraq, 9/11, Al Qaida, four, Afghanistan, Al Qaida, the United States, Defense Gates, Afghanistan, Pakistan, Afghan, Karzai, Number two, the last several years, Number three, Pakistan, Al Qaida, Taliban, Pakistan, George Bush, McCain, $10 billion, the last seven years, Americans)",153,"{'billion', 'president', 'strategic', 'those', 'think', 'than', 'rid', 'a', 'had', 'there', 'past', 'you', 'is', 'on', 'just', 'it', 'times', 'need', 'these', 'before', 'the', 'right', 'where', 'because', 'make', 'any', 'al', 'deal', 'offensive', 'got', 'defense', 'but', 'actually', 'ground', 'mind', 'possible', 'so', 'are', 'feeling', 'getting', 'as', 'going', 'working', 'people', 'certain', 'over', 'poppy', 'support', 'here', 'place', 'under', 'since', 'by', 'saying', 'last', 'now', 'george', 'every', 'mistake', 'major', 'send', 'press', 'was', 'that', 'front', 'at', 'although', 'government', 'crossing', 'went', 'afghan', 'fashion', 'acknowledged', 'better', 't', 'fact', 'highest', 'northwest', 'seven', 'be', 'them', 'taking', 'several', 'seeing', 'their', 'don', 'against', 'home', 'know', 'said', 'with', 'across', 'quickly', 'secretary', 'and', 'been', 'four', 'growing', 'bush', 'keep', 'of', 'not', 'year', 'do', 'acknowledge', 'giving', 'brazen', 'what', 'have', 'our', 'they', 'two', 'three', 'border', 'iraq', 'senator', 'situation', 'worse', 'nobody', 'additional', 'until', 'united', 'will', 'i', 'for', 'anything', 'safe', 'done', 'central', 'to', 'number', 'exploded', 'time', 'trade', 'we', 'threat', 'in', 's', 'this', 'intelligence', 'no', 'separate', 'get', 'among', 'would', 'needs', 'more', 'yes', 'comprehensively', 'from', 'can', 'though', 'agency'}",638,7.5,6.0,9.0,empty,empty,empty,1.75,1116.5,7624,13171.93,The speaker demonstrates credibility by referencing conversations with President Karzai and knowledge of military strategy.,The speaker appeals to the audience's emotions by discussing the increase in US troop fatalities and the threat to Americans' safety.,"The speaker uses logical reasoning by outlining specific strategies and steps to tackle the problem, presenting a comprehensive plan."
110,LEHRER,"Afghanistan, Senator McCain?",111,41,5,1,2,"(Afghanistan, McCain)",1,{'senator'},9,0.0,0.0,0.0,empty,empty,empty,1.0,9.0,2072,2721.4533333333334,,,
111,MCCAIN,"First of all, I won’t repeat the mistake that I regret enormously, and that is, after we were able to help the Afghan freedom fighters and drive the Russians out of Afghanistan, we basically washed our hands of the region. And the result over time was the Taliban, Al Qaida, and a lot of the difficulties we are facing today. So we can’t ignore those lessons of history. Now, on this issue of aiding Pakistan, if you’re going to aim a gun at somebody, George Shultz, our great secretary of state, told me once, you’d better be prepared to pull the trigger. I’m not prepared at this time to cut off aid to Pakistan. So I’m not prepared to threaten it, as Senator Obama apparently wants to do, as he has said that he would announce military strikes into Pakistan. We’ve got to get the support of the people of — of Pakistan. He said that he would launch military strikes into Pakistan. Now, you don’t do that. You don’t say that out loud. If you have to do things, you have to do things, and you work with the Pakistani government. Now, the new president of Pakistan, Kardari (sic), has got his hands full. And this area on the border has not been governed since the days of Alexander the Great. I’ve been to Waziristan. I can see how tough that terrain is. It’s ruled by a handful of tribes. And, yes, Senator Obama calls for more troops, but what he doesn’t understand, it’s got to be a new strategy, the same strategy that he condemned in Iraq. It’s going to have to be employed in Afghanistan. And we’re going to have to help the Pakistanis go into these areas and obtain the allegiance of the people. And it’s going to be tough. They’ve intermarried with Al Qaida and the Taliban. And it’s going to be tough. But we have to get the cooperation of the people in those areas. And the Pakistanis are going to have to understand that that bombing in the Marriott Hotel in Islamabad was a signal from the terrorists that they don’t want that government to cooperate with us in combating the Taliban and jihadist elements. So we’ve got a lot of work to do in Afghanistan. But I’m confident, now that General Petraeus is in the new position of command, that we will employ a strategy which not only means additional troops — and, by the way, there have been 20,000 additional troops, from 32,000 to 53,000, and there needs to be more. So it’s not just the addition of troops that matters. It’s a strategy that will succeed. And Pakistan is a very important element in this. And I know how to work with them. And I guarantee you I would not publicly state that I’m going to attack them.",112,37,590,31,38,"(First, Afghan, Russians, Afghanistan, Taliban, Al Qaida, today, Pakistan, George Shultz, state, Pakistan, Obama, Pakistan, Pakistan, Pakistan, Pakistani, Pakistan, Kardari, the days, Alexander the Great, Waziristan, Obama, Iraq, Afghanistan, Pakistanis, Al Qaida, Taliban, Pakistanis, the Marriott Hotel, Islamabad, Taliban, jihadist, Afghanistan, General Petraeus, 20,000, 32,000, 53,000, Pakistan)",161,"{'trigger', 'off', 'which', 'president', 'those', 'position', 'addition', 'announce', 'into', 'very', 'freedom', 'loud', 'able', 'a', 'terrain', 'there', 'you', 'won', 'is', 'on', 'aim', 'alexander', 'just', 'his', 'succeed', 'repeat', 'it', 'these', 'understand', 'the', 'all', 'al', 'were', 'hotel', 'go', 'military', 'today', 'got', 'strategy', 'but', 'pull', 'days', 'apparently', 'lot', 'so', 'are', 'important', 'going', 'as', 'enormously', 'people', 'attack', 'only', 'result', 'over', 'somebody', 'told', 'support', 'condemned', 'general', 'cut', 'launch', 'us', 'history', 'since', 'by', 'now', 'george', 'mistake', 'say', 'handful', 'obtain', 'was', 'out', 'that', 'at', 'drive', 'government', 'area', 'afghan', 'pakistani', 'great', 't', 'd', 'better', 'be', 'once', 'them', 'regret', 'state', 'prepared', 'don', 'command', 'know', 'said', 'ignore', 'with', 'element', 'work', 'secretary', 'and', 'been', 'of', 'not', 'me', 'do', 'aid', 'want', 'what', 'way', 'have', 'our', 'same', 'they', 'guarantee', 'region', 'border', 'iraq', 'senator', 'if', 'issue', 'he', 'employ', 'threaten', 'full', 'publicly', 'additional', 'allegiance', 'will', 'i', 'for', 'tough', 'basically', 'sic', 'to', 'first', 'm', 'signal', 'time', 're', 'we', 'new', 'see', 'how', 'in', 's', 'this', 'gun', 'get', 'facing', 'after', 'would', 'needs', 'washed', 'more', 'confident', 'yes', 'from', 'can', 'help', 'employed'}",820,6.5,4.5,7.0,empty,empty,empty,1.6,1312.0,7171,11704.846666666666,"The speaker establishes credibility by mentioning their experience, conversations with George Shultz, and personal visits to Waziristan.",The mention of the Marriott Hotel bombing and the difficulties faced in Afghanistan and Pakistan evoke some emotional response.,"The speaker provides logical explanations for his views on Pakistan, the importance of a new strategy, and working with its government."
112,OBAMA,"Nobody talked about attacking Pakistan. Here’s what I said. And if John wants to disagree with this, he can let me know, that, if the United States has Al Qaida, bin Laden, top-level lieutenants in our sights, and Pakistan is unable or unwilling to act, then we should take them out. Now, I think that’s the right strategy; I think that’s the right policy. And, John, I — you’re absolutely right that presidents have to be prudent in what they say. But, you know, coming from you, who, you know, in the past has threatened extinction for North Korea and, you know, sung songs about bombing Iran, I don’t know, you know, how credible that is. I think this is the right strategy. Now, Senator McCain is also right that it’s difficult. This is not an easy situation. You’ve got cross-border attacks against U.S. troops. And we’ve got a choice. We could allow our troops to just be on the defensive and absorb those blows again and again and again, if Pakistan is unwilling to cooperate, or we have to start making some decisions. And the problem, John, with the strategy that’s been pursued was that, for 10 years, we coddled Musharraf, we alienated the Pakistani population, because we were anti-democratic. We had a 20th-century mindset that basically said, “Well, you know, he may be a dictator, but he’s our dictator.” And as a consequence, we lost legitimacy in Pakistan. We spent $10 billion. And in the meantime, they weren’t going after Al Qaida, and they are more powerful now than at any time since we began the war in Afghanistan. That’s going to change when I’m president of the United States.",113,35,365,17,22,"(Pakistan, John, the United States, Al Qaida, bin Laden, Pakistan, John, North Korea, Iran, McCain, U.S., Pakistan, John, 10 years, Musharraf, Pakistani, 20th-century, Pakistan, $10 billion, Al Qaida, Afghanistan, the United States)",122,"{'billion', 'population', 'president', 'those', 'think', 'extinction', 'or', 'north', 'coming', 'than', 'credible', 'take', 'laden', 'a', 'had', 'defensive', 'spent', 'unwilling', 'you', 'past', 'is', 'start', 'on', 'dictator', 'just', 'making', 'it', 'difficult', 'allow', 'the', 'right', 'because', 'any', 'absorb', 'al', 'were', 'strategy', 'got', 'but', 'are', 'war', 'consequence', 'going', 'as', 'iran', 'change', 'here', 'powerful', 'since', 'policy', 'now', 'sung', 'again', 'say', 'was', 'out', 'that', 'at', 'then', 'lost', 'pakistani', 't', 'problem', 'them', 'be', 'prudent', 'don', 'against', 'know', 'said', 'with', 'and', 'bin', 'been', 'choice', 'of', 'not', 'disagree', 'me', 'legitimacy', 'easy', 'what', 'john', 'have', 'our', 'they', 'should', 'about', 'absolutely', 'senator', 'situation', 'who', 'if', 'could', 'nobody', 'he', 'well', 'united', 'i', 'for', 'an', 'basically', 'to', 'm', 'time', 're', 'we', 'let', 'how', 'in', 's', 'this', 'unable', 'act', 'after', 'also', 'more', 'from', 'can', 'some', 'may', 'when'}",526,7.8,6.5,8.1,empty,empty,empty,1.7466666666666666,918.7466666666667,8150,14090.676666666666,The speaker establishes ethos by confidently presenting their strategy and acknowledging the concerns of their opponent.,The use of phrases such as 'our troops' and discussing the consequences of strategy choices invoke feelings of national loyalty and concern for the safety of the nation.,"The speaker provides a logical analysis of the current situation in Pakistan, the problems with past strategies, and lays out their plan for future actions."
113,MCCAIN,"I — I don’t think that Senator Obama understands that there was a failed state in Pakistan when Musharraf came to power. Everybody who was around then, and had been there, and knew about it knew that it was a failed state. But let me tell you, you know, this business about bombing Iran and all that, let me tell you my record. Back in 1983, when I was a brand-new United States congressman, the one — the person I admired the most and still admire the most, Ronald Reagan, wanted to send Marines into Lebanon. And I saw that, and I saw the situation, and I stood up, and I voted against that, because I was afraid that they couldn’t make peace in a place where 300 or 400 or several hundred Marines would make a difference. Tragically, I was right: Nearly 300 Marines lost their lives in the bombing of the barracks. And then we had Somalia — then we had the first Gulf War. I supported — I supported that. I supported us going into Bosnia, when a number of my own party and colleagues was against that operation in Bosnia. That was the right thing to do, to stop genocide and to preserve what was necessary inside of Europe. I supported what we did in Kosovo. I supported it because ethnic cleansing and genocide was taking place there. And I have a record — and Somalia, I opposed that we should turn — turn the force in Somalia from a peacekeeping force into a peacemaking force, which they were not capable of. So I have a record. I have a record of being involved in these national security issues, which involve the highest responsibility and the toughest decisions that any president can make, and that is to send our young men and women into harm’s way. And I’ll tell you, I had a town hall meeting in Wolfeboro, New Hampshire, and a woman stood up and she said, “Senator McCain, I want you to do me the honor of wearing a bracelet with my son’s name on it.” He was 22 years old and he was killed in combat outside of Baghdad, Matthew Stanley, before Christmas last year. This was last August, a year ago. And I said, “I will — I will wear his bracelet with honor.” And this was August, a year ago. And then she said, “But, Senator McCain, I want you to do everything — promise me one thing, that you’ll do everything in your power to make sure that my son’s death was not in vain.” That means that that mission succeeds, just like those young people who re-enlisted in Baghdad, just like the mother I met at the airport the other day whose son was killed. And they all say to me that we don’t want defeat. I know what thatâ€™s like when an army is defeated.",114,38,567,21,39,"(Obama, Pakistan, Musharraf, Iran, 1983, United States, Ronald Reagan, Marines, Lebanon, 300, 400, several hundred, Marines, Nearly 300, Somalia, first, Gulf War, Bosnia, Bosnia, Europe, Kosovo, Somalia, Somalia, Wolfeboro, New Hampshire, McCain, 22 years old, Baghdad, Matthew Stanley, Christmas last year, last August, a year ago, August, a year ago, McCain, one, Baghdad, the other day, thatâ€)",177,"{'stop', 'august', 'which', 'president', 'necessary', 'those', 'think', 'hundred', 'or', 'christmas', 'sure', 'into', 'force', 'peacemaking', 'a', 'there', 'had', 'you', 'is', 'on', 'just', 'his', 'name', 'nearly', 'it', 'men', 'everybody', 'these', 'saw', 'before', 'the', 'right', 'where', 'all', 'because', 'make', 'difference', 'any', 'wearing', 'were', 'involve', 'tell', 'old', 'afraid', 'but', 'day', 'ronald', 'your', 'she', 'met', 'did', 'everything', 'gulf', 'son', 'so', 'harm', 'war', 'admire', 'going', 'own', 'involved', 'came', 'back', 'people', 'iran', 'business', 'thing', 'defeat', 'ethnic', 'hall', 'place', 'wear', 'us', 'army', 'last', 'whose', 'combat', 'still', 'say', 'send', 'was', 'security', 'that', 'genocide', 'at', 'knew', 'then', 'peace', 'cleansing', 'lost', 'preserve', 'operation', 'honor', 't', 'highest', 'taking', 'my', 'several', 'being', 'state', 'around', 'promise', 'their', 'against', 'don', 'know', 'hampshire', 'said', 'with', 'stanley', 'power', 'up', 'airport', 'and', 'been', 'matthew', 'of', 'congressman', 'young', 'not', 'like', 'year', 'me', 'ago', 'do', 'party', 'want', 'what', 'way', 'have', 'capable', 'our', 'they', 'death', 'should', 'about', 'woman', 'senator', 'meeting', 'situation', 'who', 'responsibility', 'when', 'stood', 'one', 'most', 'he', 'town', 'other', 'united', 'will', 'i', 'an', 'tragically', 'record', 'to', 'first', 'number', 'admired', 'we', 'new', 'let', 'inside', 'in', 's', 'this', 'national', 'would', 'outside', 'opposed', 'mother', 'from', 'can', 'turn', 'mission', 'person', 'bracelet'}",804,6.5,7.5,4.0,empty,empty,empty,1.6,1286.4,7975,12991.246666666666,The speaker establishes credibility by referencing their extensive experience and voting record on national security issues.,The use of personal anecdotes and stories about people affected by war evokes emotion and sympathy from the audience.,The speaker presents some historical context and examples to support their stance but lacks a clear logical structure in the argument.
114,MCCAIN,"A war that I was in, where we had an Army, that it wasn’t through any fault of their own, but they were defeated. And I know how hard it is for that — for an Army and a military to recover from that. And it did and we will win this one and we won’t come home in defeat and dishonor and probably have to go back if we fail.",115,39,81,3,2,"(Army, Army)",48,"{'was', 'that', 'win', 'fail', 'but', 'if', 'one', 'go', 't', 'did', 'will', 'i', 'for', 'an', 'fault', 'war', 'their', 'own', 'to', 'dishonor', 'had', 'a', 'we', 'know', 'home', 'how', 'recover', 'back', 'in', 'is', 'won', 'this', 'defeat', 'and', 'through', 'it', 'of', 'army', 'where', 'any', 'come', 'were', 'from', 'probably', 'they', 'have', 'hard', 'military'}",134,7.5,6.8,2.5,empty,empty,empty,1.56,209.04000000000002,8109,13200.286666666667,The speaker's personal experience in a war establishes credibility and authority.,"The emotional appeal lies in the mention of defeat, dishonor, and the hard recovery process for military personnel.","There is limited logical appeal in this snippet; however, the consequence of 'having to go back if we fail' does present a practical concern."
115,OBAMA,"Jim, let me just make a point. I’ve got a bracelet, too, from Sergeant – from the mother of Sergeant Ryan David Jopeck (ph), given to me in green bay. She asked me, can you please make sure another mother is not going through what I’m going through. No U.S. soldier ever dies in vain because they’re carrying out the missions of their commander in chief. And we honor all the service that they’ve provided. Our troops have performed brilliantly. The question is for the next president, are we making good judgments about how to keep America safe precisely because sending our military into battle is such an enormous step. And the point that I originally made is that we took our eye off Afghanistan, we took our eye off the folks who perpetrated 9/11, they are still sending out videotapes and Senator McCain, nobody is talking about defeat in Iraq, but I have to say we are having enormous problems in Afghanistan because of that decision. And it is not true you have consistently been concerned about what happened in Afghanistan. At one point, while you were focused on Iraq, you said well, we can “muddle through” Afghanistan. You don’t muddle through the central front on terror and you don’t muddle through going after bin Laden. You don’t muddle through stamping out the Taliban. I think that is something we have to take seriously. And when I’m president, I will.",116,36,289,14,17,"(Jim, Sergeant Ryan, David Jopeck, green bay, U.S., America, Afghanistan, 9/11, McCain, Iraq, Afghanistan, Afghanistan, one, Iraq, Afghanistan, bin Laden, Taliban)",120,"{'off', 'president', 'consistently', 'please', 'decision', 'think', 'stamping', 'green', 'ever', 'true', 'battle', 'took', 'sure', 'into', 'take', 'laden', 'given', 'a', 'you', 'is', 'on', 'just', 'america', 'making', 'too', 'it', 'the', 'sergeant', 'because', 'all', 'make', 'brilliantly', 'were', 'military', 'sending', 'david', 'precisely', 'got', 'but', 'she', 'provided', 'terror', 'question', 'bay', 'while', 'are', 'step', 'going', 'carrying', 'defeat', 'made', 'next', 'still', 'enormous', 'say', 'out', 'that', 'front', 'at', 'muddle', 'another', 'honor', 't', 'commander', 'their', 'don', 'good', 'said', 'concerned', 'service', 'and', 'been', 'bin', 'keep', 'of', 'not', 'me', 'such', 'what', 'have', 'our', 'eye', 'they', 'vain', 'about', 'iraq', 'senator', 'jim', 'who', 'one', 'nobody', 'well', 'soldier', 'safe', 'will', 'i', 'for', 'central', 'an', 'talking', 'to', 'm', 're', 'we', 'something', 'let', 'how', 'in', 'through', 'no', 'after', 'originally', 'point', 'mother', 'from', 'can', 'chief', 'seriously', 'when', 'bracelet'}",440,7.5,7.0,8.0,empty,empty,empty,1.75,770.0,8590,14860.676666666666,The speaker establishes credibility by mentioning that they have a bracelet from the mother of a soldier and by discussing their role as president.,The speaker uses the story of the soldier's mother and her plea to evoke emotions and emphasize the importance of making good judgments for America's safety.,"The speaker provides a logical argument by highlighting the consequences of prior decisions, focusing on troops and their missions, and the need to prioritize the central front on terror."
116,LEHRER,New …,117,42,2,1,0,(),1,{'new'},4,3.5,2.0,2.5,empty,empty,empty,1.2666666666666666,5.066666666666666,2076,2726.52,"The snippet emphasizes the word 'new', which implies change and progress, but lacks a clear speaker or subject.","The term 'new' can evoke emotions of hope and excitement, but the snippet lacks context to fully appeal to the audience's emotions.","Without any context or reference, it is difficult to assess the logical argument the snippet is trying to make."
117,MCCAIN,"You might think that with that kind of concern that Senator Obama would have gone to Afghanistan, particularly given his responsibilities as a subcommittee chairman. By the way, when I’m subcommittee chairman, we take up the issues under my subcommittee. But the important thing is — the important thing is I visited Afghanistan and I traveled to Waziristan and I traveled to these places and I know what our security requirements are. I know what our needs are. So the point is that we will prevail in Afghanistan, but we need the new strategy and we need it to succeed. But the important thing is, if we suffer defeat in Iraq, which General Petraeus predicts we will, if we adopted Senator Obama’s set date for withdrawal, then that will have a calamitous effect in Afghanistan and American national security interests in the region. Senator Obama doesn’t seem to understand there is a connected between the two.",118,40,177,7,12,"(Obama, Afghanistan, Afghanistan, Waziristan, Afghanistan, Iraq, General Petraeus, Obama, Afghanistan, American, Obama, two)",79,"{'effect', 'which', 'particularly', 'think', 'concern', 'take', 'a', 'given', 'there', 'between', 'you', 'is', 'his', 'succeed', 'it', 'set', 'these', 'need', 'understand', 'the', 'withdrawal', 'strategy', 'but', 'so', 'are', 'important', 'as', 'subcommittee', 'connected', 'thing', 'defeat', 'general', 'under', 'by', 'security', 'that', 'then', 't', 'my', 'date', 'calamitous', 'adopted', 'know', 'with', 'up', 'and', 'traveled', 'of', 'seem', 'might', 'way', 'what', 'have', 'our', 'two', 'region', 'iraq', 'senator', 'if', 'gone', 'suffer', 'will', 'i', 'prevail', 'for', 'to', 'm', 'we', 'new', 'chairman', 'in', 's', 'national', 'would', 'needs', 'kind', 'american', 'point', 'when'}",275,7.8,6.5,8.0,empty,empty,empty,1.7433333333333334,479.4166666666667,8384,13679.703333333333,The speaker appeals to their authority and experience by referencing their visits to Afghanistan and work as a subcommittee chairman.,"Use of language like 'calamitous effect' evokes a sense of fear and danger, thus appealing to the audience's emotions.",The speaker uses logical analysis by connecting the potential outcomes of withdrawing from Iraq to the situation in Afghanistan and American national security interests.
118,LEHRER,"I have some good news and bad news for the two of you. You all are even on time, which is remarkable, considering we’ve been going at it …",119,43,34,2,1,"(two,)",26,"{'even', 'at', 'which', 'bad', 'i', 'for', 'are', 'going', 'time', 'good', 'we', 'you', 'is', 'on', 'and', 'been', 'it', 'of', 'news', 'the', 'all', 'considering', 'have', 'some', 'remarkable', 'two'}",63,5.5,2.5,4.8,empty,empty,empty,1.4266666666666667,89.88000000000001,2139,2816.4,The speaker establishes credibility by demonstrating their role in managing the debate.,The mention of 'good news and bad news' creates mild curiosity in the audience.,Providing statistics on timekeeping offers logical insight into the debate's organization.
119,OBAMA,"A testimony to you, Jim.",120,37,7,1,1,"(Jim,)",5,"{'you', 'jim', 'testimony', 'to', 'a'}",14,1.5,0.0,0.0,empty,empty,empty,1.05,14.700000000000001,8604,14875.376666666667,The use of a personal name establishes the speaker's connection to the individual.,,
120,LEHRER,"I don’t know about that. But the bad news is all my little five minute things have run over, so, anyhow, we’ll adjust as we get there. But the amount of time is even. New lead question. And it goes two minutes to you, Senator McCain, what is your reading on the threat from Iran right now to the security of the United States?",121,44,78,5,4,"(two minutes, McCain, Iran, the United States)",51,"{'about', 'even', 'security', 'that', 'senator', 'but', 'bad', 'your', 't', 'united', 'i', 'question', 'so', 'my', 'amount', 'adjust', 'reading', 'as', 'to', 'time', 'don', 'we', 'little', 'know', 'there', 'new', 'threat', 'you', 'iran', 'is', 'on', 'and', 'over', 'run', 'goes', 'minute', 'it', 'get', 'of', 'news', 'the', 'right', 'all', 'anyhow', 'now', 'what', 'lead', 'have', 'five', 'from', 'two'}",138,1.5,0.0,6.0,empty,empty,empty,1.25,172.5,2277,2988.9,"The speaker acknowledges their five minute things have run over, showing a modest self-awareness and responsibility.",,"The speaker asks a direct and relevant question about the threat from Iran to the US security, showing a focus on facts and logical reasoning."
121,MCCAIN,"My reading of the threat from Iran is that if Iran acquires nuclear weapons, it is an existential threat to the State of Israel and it is a threat to other countries in the region because the other countries in the region will feel compelling requirement to acquire nuclear weapons as well. Now we cannot allow a second Holocaust. Let’s just make that very clear. What I have proposed for a long time, and I’ve had conversation with foreign leaders about forming a league of democracies, let’s be clear and let’s have some straight talk. The Russians are preventing significant action in the United Nations Security Council. I have proposed a league of democracies, a group of people – a group of countries that share common interests, common values, common ideals, they also control a lot of the world’s economic power. We could impose significant meaningful, painful sanctions on the Iranians that I think could have a beneficial effect. The Iranians have a lousy government, so therefore their economy is lousy, even though they have significant oil revenues. So I am convinced that together, we can, with the French, with the British, with the Germans and other countries, democracies around the world, we can affect Iranian behavior. But have no doubt, but have no doubt that the Iranians continue on the path to the acquisition of a nuclear weapon as we speak tonight. And it is a threat not only in this region but around the world. What I’d also like to point out the Iranians are putting the most lethal IEDs into Iraq which are killing young Americans, there are special groups in Iran coming into Iraq and are being trained in Iran. There is the Republican Guard in Iran, which Senator Kyl had an amendment in order to declare them a sponsor of terror. Senator Obama said that would be provocative. So this is a serious threat. This is a serious threat to security in the world, and I believe we can act and we can act with our friends and allies and reduce that threat as quickly as possible, but have no doubt about the ultimate result of them acquiring nuclear weapons.",122,41,415,16,24,"(Iran, Iran, the State of Israel, second, Russians, the United Nations Security Council, Iranians, Iranians, French, British, Germans, Iranian, Iranians, tonight, Iranians, Iraq, Americans, Iran, Iraq, Iran, the Republican Guard, Iran, Kyl, Obama)",153,"{'effect', 'even', 'doubt', 'which', 'think', 'group', 'acquisition', 'kyl', 'compelling', 'special', 'israel', 'coming', 'into', 'very', 'common', 'action', 'a', 'had', 'there', 'is', 'on', 'acquire', 'just', 'guard', 'it', 'lethal', 'allow', 'impose', 'economic', 'the', 'because', 'make', 'iranian', 'share', 'painful', 'but', 'lot', 'requirement', 'terror', 'possible', 'so', 'world', 'are', 'believe', 'as', 'people', 'meaningful', 'iran', 'british', 'control', 'clear', 'only', 'second', 'result', 'beneficial', 'nuclear', 'allies', 'significant', 'now', 'trained', 'sponsor', 'provocative', 'security', 'that', 'oil', 'out', 'government', 'am', 'together', 'd', 'be', 'them', 'my', 'being', 'state', 'around', 'amendment', 'reading', 'their', 'french', 'holocaust', 'league', 'said', 'with', 'continue', 'power', 'quickly', 'and', 'killing', 'ultimate', 'of', 'reduce', 'young', 'serious', 'not', 'like', 'order', 'feel', 'behavior', 'what', 'have', 'our', 'they', 'therefore', 'foreign', 'economy', 'region', 'about', 'affect', 'iraq', 'senator', 'republican', 'if', 'could', 'most', 'well', 'other', 'united', 'will', 'i', 'for', 'an', 'existential', 'weapon', 'lousy', 'to', 'talk', 'long', 'time', 'we', 'threat', 'let', 'in', 's', 'conversation', 'convinced', 'this', 'forming', 'no', 'act', 'path', 'speak', 'would', 'declare', 'also', 'tonight', 'point', 'from', 'can', 'some', 'though', 'straight', 'council'}",608,7.5,4.0,8.0,empty,empty,empty,1.65,1003.1999999999999,8992,14682.903333333334,"The speaker demonstrates their experience and authority by mentioning conversations with foreign leaders and sharing clear, specific policy recommendations.",The statement 'we cannot allow a second Holocaust' evokes empathy and a sense of moral responsibility towards the issue.,"The speaker offers logical arguments for why Iran's nuclear capability is a threat and outlines a potential solution, including countries to collaborate with and the possibility of imposing meaningful sanctions."
122,LEHRER,"Two minutes on Iran, Senator Obama.",123,45,8,1,3,"(Two minutes, Iran, Obama)",4,"{'two', 'iran', 'senator', 'on'}",16,0.0,0.0,0.0,empty,empty,empty,1.0,16.0,2293,3004.9,,,
123,OBAMA,"Well, let me just correct something very quickly. I believe the Republican Guard of Iran is a terrorist organization. I’ve consistently said so. What Senator McCain refers to is a measure in the Senate that would try to broaden the mandate inside of Iraq. To deal with Iran. And ironically, the single thing that has strengthened Iran over the last several years has been the war in Iraq. Iraq was Iran’s mortal enemy. That was cleared away. And what we’ve seen over the last several years is Iran’s influence grow. They have funded Hezbollah, they have funded Hamas, they have gone from zero centrifuges to 4,000 centrifuges to develop a nuclear weapon. So obviously, our policy over the last eight years has not worked. Senator McCain is absolutely right, we cannot tolerate a nuclear Iran. It would be a game changer. Not only would it threaten Israel, a country that is our stalwart ally, but it would also create an environment in which you could set off an arms race in this Middle East. Now here’s what we need to do. We do need tougher sanctions. I do not agree with Senator McCain that we’re going to be able to execute the kind of sanctions we need without some cooperation with countries like Russia and China that are, I think Senator McCain would agree, not democracies, but have extensive trade with Iran but potentially have an interest in making sure Iran doesn’t have a nuclear weapon. But we are also going to have to, I believe, engage in tough direct diplomacy with Iran and this is a major difference I have with Senator McCain, this notion that by not talking to people we are punishing them has not worked. It has not worked in Iran, it has not worked in North Korea. In each instance, our efforts at isolation have actually accelerated their efforts to get nuclear weapons. That will change when I’m president of the United States.",124,38,382,21,34,"(the Republican Guard, Iran, McCain, Senate, Iraq, Iran, Iran, the last several years, Iraq, Iraq, Iran, the last several years, Iran, Hezbollah, Hamas, zero, 4,000, the last eight years, McCain, Iran, Israel, this Middle East, McCain, Russia, China, McCain, Iran, Iran, n’t, Iran, McCain, Iran, North Korea, the United States)",149,"{'measure', 'which', 'off', 'consistently', 'president', 'game', 'ally', 'think', 'north', 'try', 'israel', 'sure', 'very', 'extensive', 'a', 'able', 'organization', 'you', 'tolerate', 'is', 'just', 'guard', 'making', 'it', 'zero', 'set', 'need', 'mortal', 'potentially', 'funded', 'the', 'execute', 'right', 'difference', 'russia', 'deal', 'interest', 'worked', 'but', 'direct', 'senate', 'eight', 'actually', 'so', 'changer', 'believe', 'are', 'war', 'going', 'grow', 'each', 'isolation', 'people', 'single', 'iran', 'thing', 'influence', 'only', 'broaden', 'over', 'east', 'change', 'here', 'nuclear', 'agree', 'by', 'policy', 'last', 'now', 'enemy', 'stalwart', 'major', 'was', 'that', 'at', 'seen', 'mandate', 't', 'be', 'without', 'them', 'several', 'terrorist', 'their', 'middle', 'said', 'with', 'ironically', 'quickly', 'and', 'been', 'arms', 'environment', 'notion', 'of', 'not', 'accelerated', 'like', 'china', 'me', 'engage', 'do', 'develop', 'what', 'have', 'our', 'they', 'diplomacy', 'absolutely', 'iraq', 'create', 'senator', 'republican', 'could', 'gone', 'well', 'threaten', 'away', 'united', 'will', 'i', 'an', 'tough', 'weapon', 'talking', 'to', 'm', 're', 'trade', 'we', 'something', 'let', 'inside', 'in', 's', 'this', 'obviously', 'get', 'would', 'race', 'kind', 'country', 'also', 'correct', 'from', 'can', 'some', 'instance', 'when'}",586,7.5,6.6,8.8,empty,empty,empty,1.7633333333333332,1033.3133333333333,9190,15908.69,The speaker establishes credibility by mentioning their consistent stance on the Iranian Republican Guard and showcasing their knowledge on Iran's activities.,The speaker appeals to emotional concerns by discussing the threat of a nuclear Iran to Israel and the potential for an arms race in the Middle East.,"The speaker provides a logical argument by drawing connections between Iraq, Iran, North Korea, and the failures of the current policy, as well as proposing potential solutions like tougher sanctions and cooperation with other countries."
124,LEHRER,"Senator, what about talking?",125,46,6,1,0,(),4,"{'about', 'what', 'senator', 'talking'}",11,0.0,1.5,0.0,empty,empty,empty,1.05,11.55,2304,3016.4500000000003,,The question involves a vague emotional appeal by mentioning the importance of communication.,
125,MCCAIN,"Senator Obama twice said in debates he would sit down with Ahmadinejad, Chavez and Raul Castro without precondition. Without precondition. Here is Ahmadinenene (ph), Ahmadinejad, who is, Ahmadinejad, who is now in New York, talking about the extermination of the State of Israel, of wiping Israel off the map, and we’re going to sit down, without precondition, across the table, to legitimize and give a propaganda platform to a person that is espousing the extermination of the state of Israel, and therefore then giving them more credence in the world arena and therefore saying, they’ve probably been doing the right thing, because you will sit down across the table from them and that will legitimize their illegal behavior. The point is that throughout history, whether it be Ronald Reagan, who wouldn’t sit down with Brezhnev, Andropov or Chernenko until Gorbachev was ready with glasnost and perestroika. Or whether it be Nixon’s trip to China, which was preceded by Henry Kissinger, many times before he went. Look, I’ll sit down with anybody, but there’s got to be pre-conditions. Those pre-conditions would apply that we wouldn’t legitimize with a face to face meeting, a person like Ahmadinejad. Now, Senator Obama said, without preconditions.",126,42,249,8,21,"(Obama, Ahmadinejad, Chavez, Raul Castro, Ahmadinenene, Ahmadinejad, Ahmadinejad, New York, the State of Israel, Israel, Israel, Ronald Reagan, Brezhnev, Andropov, Chernenko, Gorbachev, Nixon, China, Henry Kissinger, Ahmadinejad, Obama)",96,"{'off', 'which', 'those', 'or', 'apply', 'israel', 'a', 'there', 'extermination', 'you', 'is', 'york', 'doing', 'it', 'times', 'trip', 'arena', 'before', 'the', 'right', 'because', 'got', 'but', 'sit', 'ronald', 'world', 'going', 'credence', 'thing', 'here', 'throughout', 'many', 'ready', 'history', 'by', 'saying', 'now', 'propaganda', 'henry', 'was', 'that', 'illegal', 'twice', 'then', 'went', 't', 'without', 'them', 'be', 'state', 'their', 'face', 'legitimize', 'said', 'with', 'across', 'and', 'been', 'look', 'of', 'give', 'like', 'china', 'anybody', 'giving', 'behavior', 'they', 'therefore', 'down', 'about', 'senator', 'meeting', 'who', 'he', 'until', 'will', 'i', 'map', 'talking', 'to', 'table', 're', 'new', 'we', 'in', 's', 'precondition', 'would', 'whether', 'more', 'point', 'platform', 'probably', 'from', 'person', 'raul'}",374,8.5,7.2,7.5,empty,empty,empty,1.7733333333333334,663.2266666666667,9366,15346.130000000001,"The speaker establishes credibility by citing historical examples involving prominent leaders like Reagan and Nixon, showing an understanding of past diplomatic efforts.","The speaker appeals to the audience's emotions by highlighting the potential dangers of legitimizing a leader who advocates for the extermination of the State of Israel, which could evoke fear and concern.",The speaker uses logical argumentation by pointing out the consequences of legitimizing Ahmadinejad as a leader and the importance of preconditions in diplomatic talks.
126,OBAMA,"So let’s talk about this. First of all, Ahmadinejad is not the most powerful person in Iran. So he may not be the right person to talk to. But I reserve the right, as president of the United States to meet with anybody at a time and place of my choosing if I think it’s going to keep America safe. And I’m glad that Senator McCain brought up the history, the bipartisan history of us engaging in direct diplomacy.",127,39,93,5,7,"(’s, First, Ahmadinejad, Iran, the United States, America, McCain)",57,"{'about', 'that', 'senator', 'at', 'but', 'if', 'president', 'direct', 'most', 'he', 'think', 'united', 'safe', 'i', 'be', 'so', 'my', 'engaging', 'going', 'as', 'to', 'first', 'talk', 'm', 'time', 'brought', 'a', 'let', 'iran', 'with', 'in', 's', 'is', 'meet', 'bipartisan', 'this', 'up', 'america', 'and', 'glad', 'it', 'keep', 'of', 'place', 'not', 'powerful', 'us', 'history', 'the', 'reserve', 'right', 'anybody', 'choosing', 'all', 'may', 'person', 'diplomacy'}",162,8.5,4.5,7.0,empty,empty,empty,1.6666666666666665,270.0,9352,16178.69,The speaker establishes credibility by showing a deep understanding of the political landscape and positions themselves as a knowledgeable and capable leader.,The speaker appeals to the audience's need for safety and security by suggesting their approach can help keep America safe.,The speaker provides a logical argument that the president should have the right to meet with any leader if it is in the best interest of the country and offers historical precedent as supporting evidence.
127,OBAMA,"Senator McCain mentioned Henry Kissinger, who’s one of his advisers, who, along with five recent secretaries of state, just said that we should meet with Iran — guess what — without precondition. This is one of your own advisers. Now, understand what this means “without preconditions.” It doesn’t mean that you invite them over for tea one day. What it means is that we don’t do what we’ve been doing, which is to say, “Until you agree to do exactly what we say, we won’t have direct contacts with you.” There’s a difference between preconditions and preparation. Of course we’ve got to do preparations, starting with low-level diplomatic talks, and it may not work, because Iran is a rogue regime. But I will point out that I was called naive when I suggested that we need to look at exploring contacts with Iran. And you know what? President Bush recently sent a senior ambassador, Bill Burns, to participate in talks with the Europeans around the issue of nuclear weapons. Again, it may not work, but if it doesn’t work, then we have strengthened our ability to form alliances to impose the tough sanctions that Senator McCain just mentioned. And when we haven’t done it, as in North Korea — let me just take one more example — in North Korea, we cut off talks. They’re a member of the axis of evil. We can’t deal with them. And you know what happened? They went — they quadrupled their nuclear capacity. They tested a nuke. They tested missiles. They pulled out of the nonproliferation agreement. And they sent nuclear secrets, potentially, to countries like Syria. When we re-engaged — because, again, the Bush administration reversed course on this — then we have at least made some progress, although right now, because of the problems in North Korea, we are seeing it on shaky ground. And — and I just — so I just have to make this general point that the Bush administration, some of Senator McCain’s own advisers all think this is important, and Senator McCain appears resistant. He even said the other day that he would not meet potentially with the prime minister of Spain, because he — you know, he wasn’t sure whether they were aligned with us. I mean, Spain? Spain is a NATO ally.",128,40,471,23,25,"(McCain, Henry Kissinger, five, Iran, one, Iran, Iran, Bush, Bill Burns, Europeans, McCain, North Korea, one, North Korea, Syria, Bush, North Korea, Bush, McCain, McCain, the other day, Spain, Spain, Spain, NATO)",159,"{'even', 'participate', 'nuke', 'administration', 'naive', 'starting', 'off', 'which', 'president', 'ally', 'think', 'north', 'tea', 'sure', 'take', 'a', 'there', 'shaky', 'between', 'you', 'won', 'is', 'on', 'just', 'his', 'doing', 'it', 'minister', 'need', 'diplomatic', 'understand', 'impose', 'potentially', 'progress', 'the', 'invite', 'right', 'because', 'difference', 'make', 'all', 'senior', 'were', 'deal', 'bill', 'regime', 'got', 'recent', 'day', 'but', 'direct', 'form', 'ground', 'your', 'so', 'are', 'recently', 'important', 'capacity', 'own', 'as', 'resistant', 'iran', 'made', 'over', 'guess', 'general', 'nuclear', 'cut', 'evil', 'us', 'agree', 'haven', 'now', 'henry', 'again', 'say', 'ability', 'was', 'out', 'that', 'at', 'then', 'least', 'although', 'went', 'tested', 't', 'without', 'them', 'state', 'around', 'seeing', 'along', 'their', 'don', 'preparation', 'rogue', 'know', 'said', 'with', 'meet', 'work', 'example', 'ambassador', 'and', 'been', 'member', 'course', 'bush', 'agreement', 'look', 'of', 'not', 'like', 'me', 'do', 'what', 'have', 'our', 'they', 'should', 'axis', 'senator', 'sent', 'who', 'if', 'one', 'issue', 'he', 'other', 'until', 'will', 'i', 'for', 'prime', 'done', 'reversed', 'exploring', 'tough', 'exactly', 'to', 're', 'we', 'let', 'mean', 'in', 's', 'precondition', 'this', 'would', 'whether', 'more', 'point', 'five', 'can', 'some', 'may', 'when'}",678,7.5,8.0,8.5,empty,empty,empty,1.8,1220.4,10030,17399.09,The speaker emphasizes their credibility by addressing past actions and foreign policy stances as well as referencing the opinions of trusted advisers.,The speaker appeals to emotion by mentioning the consequences of failed foreign policies and the potential danger of not engaging in diplomacy.,"The speaker uses logical reasoning by presenting examples and contrasting the outcomes of different foreign policy approaches, making a case for engaging in diplomacy without preconditions."
128,MCCAIN,Of course.,129,43,3,1,0,(),2,"{'course', 'of'}",6,0.0,0.0,0.0,empty,empty,empty,1.0,6.0,9372,15352.130000000001,,,
129,OBAMA,"If we can’t meet with our friends, I don’t know how we’re going to lead the world in terms of dealing with critical issues like terrorism.",130,41,34,1,0,(),23,"{'if', 't', 'i', 'world', 'going', 'terrorism', 'to', 're', 'don', 'we', 'know', 'how', 'with', 'critical', 'in', 'meet', 'of', 'like', 'the', 'lead', 'dealing', 'can', 'our'}",58,6.0,7.5,4.5,empty,empty,empty,1.6,92.80000000000001,10088,17491.89,The speaker implies an understanding of the importance of international relations and its impact on dealing with terrorism.,The use of 'I don't know' creates an emotional appeal by expressing uncertainty and invoking concerns about global safety and security.,"The snippet draws a somewhat logical connection between meeting with friends (collaborative efforts) and dealing with terrorism, but lacks further elaboration or specifics."
130,MCCAIN,"I’m not going to set the White House visitors schedule before I’m president of the United States. I don’t even have a seal yet. Look, Dr. Kissinger did not say that he would approve of face-to- face meetings between the president of the United States and the president — and Ahmadinejad. He did not say that.",131,44,67,4,5,"(White House, the United States, Kissinger, the United States, Ahmadinejad)",31,"{'even', 'that', 'president', 'he', 't', 'did', 'united', 'i', 'approve', 'going', 'to', 'm', 'face', 'don', 'a', 'between', 'house', 'yet', 'and', 'seal', 'white', 'look', 'of', 'set', 'not', 'schedule', 'would', 'before', 'the', 'have', 'say'}",107,7.1,1.3,6.8,empty,empty,empty,1.5066666666666666,161.21333333333334,9479,15513.343333333334,"The speaker refers to their potential future presidency, showing credibility in political matters.",There is a slight attempt at humor but minimal emotional appeal.,The speaker uses facts and logic to argue against scheduling meetings before taking office and referring to Dr. Kissinger's stance.
131,OBAMA,Of course not.,132,42,4,1,0,(),3,"{'course', 'not', 'of'}",8,0.0,0.0,0.0,empty,empty,empty,1.0,8.0,10096,17499.89,,,
132,MCCAIN,"He said that there could be secretary-level and lower level meetings. I’ve always encouraged them. The Iranians have met with Ambassador Crocker in Baghdad. What Senator Obama doesn’t seem to understand that if without precondition you sit down across the table from someone who has called Israel a “stinking corpse,” and wants to destroy that country and wipe it off the map, you legitimize those comments. This is dangerous. It isn’t just naive; it’s dangerous. And so we just have a fundamental difference of opinion. As far as North Korea is concerned, our secretary of state, Madeleine Albright, went to North Korea. By the way, North Korea, most repressive and brutal regime probably on Earth. The average South Korean is three inches taller than the average North Korean, a huge gulag. We don’t know what the status of the dear leader’s health is today, but we know this, that the North Koreans have broken every agreement that they’ve entered into. And we ought to go back to a little bit of Ronald Reagan’s “trust, but verify,” and certainly not sit down across the table from — without precondition, as Senator Obama said he did twice, I mean, it’s just dangerous.",133,45,250,12,17,"(Iranians, Crocker, Baghdad, Obama, Israel, North Korea, Madeleine Albright, North Korea, North Korea, Earth, South Korean, three inches, North Korean, today, the North Koreans, Ronald Reagan’s, Obama)",111,"{'naive', 'off', 'taller', 'status', 'those', 'average', 'north', 'bit', 'albright', 'stinking', 'than', 'israel', 'health', 'south', 'leader', 'into', 'brutal', 'a', 'there', 'certainly', 'you', 'is', 'on', 'earth', 'just', 'it', 'understand', 'the', 'difference', 'someone', 'go', 'ought', 'regime', 'today', 'but', 'sit', 'ronald', 'met', 'fundamental', 'did', 'far', 'so', 'corpse', 'as', 'back', 'little', 'dangerous', 'destroy', 'by', 'repressive', 'every', 'wipe', 'that', 'twice', 'went', 'lower', 't', 'be', 'them', 'crocker', 'without', 'state', 'korean', 'legitimize', 'don', 'know', 'said', 'with', 'across', 'concerned', 'broken', 'ambassador', 'secretary', 'and', 'verify', 'agreement', 'of', 'seem', 'not', 'what', 'way', 'have', 'our', 'they', 'dear', 'down', 'three', 'senator', 'who', 'if', 'could', 'most', 'he', 'opinion', 'i', 'map', 'to', 'table', 'level', 'always', 'we', 'mean', 'in', 's', 'precondition', 'this', 'country', 'huge', 'from', 'probably', 'trust'}",390,6.5,5.5,7.0,empty,empty,empty,1.6333333333333333,637.0,9869,16150.343333333334,"Referencing meetings, diplomatic events, and previous administrations provides credibility to the speaker's argument.",Mentions of dangerous situations and threats to Israel create an emotional appeal to safety.,The sequential presentation of examples of failed diplomatic efforts and consequences of unverified agreements supports the speaker's argument against unconditional meetings.
133,OBAMA,"Look, I mean, Senator McCain keeps on using this example that suddenly the president would just meet with somebody without doing any preparation, without having low-level talks. Nobody’s been talking about that, and Senator McCain knows it. This is a mischaracterization of my position. When we talk about preconditions — and Henry Kissinger did say we should have contacts without preconditions — the idea is that we do not expect to solve every problem before we initiate talks. And, you know, the Bush administration has come to recognize that it hasn’t worked, this notion that we are simply silent when it comes to our enemies. And the notion that we would sit with Ahmadinejad and not say anything while he’s spewing his nonsense and his vile comments is ridiculous. Nobody is even talking about that.",134,43,155,7,5,"(McCain, McCain, Henry Kissinger, Bush, Ahmadinejad)",75,"{'about', 'even', 'that', 'senator', 'administration', 'worked', 'comes', 'sit', 'president', 'nobody', 'he', 'did', 't', 'problem', 'initiate', 'i', 'anything', 'idea', 'without', 'expect', 'while', 'suddenly', 'position', 'my', 'recognize', 'are', 'silent', 'ridiculous', 'talking', 'to', 'talk', 'spewing', 'mischaracterization', 'preparation', 'a', 'we', 'know', 'mean', 'with', 'you', 's', 'meet', 'on', 'is', 'example', 'solve', 'this', 'just', 'simply', 'doing', 'somebody', 'been', 'and', 'bush', 'it', 'his', 'look', 'notion', 'of', 'not', 'would', 'before', 'the', 'do', 'nonsense', 'any', 'vile', 'every', 'henry', 'come', 'have', 'our', 'say', 'when', 'should'}",242,7.1,6.5,8.2,empty,empty,empty,1.7266666666666666,417.8533333333333,10338,17917.743333333332,The speaker establishes credibility by referencing Senator McCain and Henry Kissinger as well as discussing the Bush administration's actions.,The speaker uses strong language like 'nonsense' and 'vile comments' to evoke emotion and emphasize their disagreement with the idea they are arguing against.,The logical argument is centered around clarifying their position and provides reasoning on the value of contacts without preconditions.
134,MCCAIN,"So let me get this right. We sit down with Ahmadinejad, and he says, “We’re going to wipe Israel off the face of the Earth,” and we say, “No, you’re not”? Oh, please.",135,46,50,3,3,"(Ahmadinejad, Israel, Earth)",28,"{'off', 'sit', 'he', 'please', 'so', 'israel', 'going', 'to', 'face', 're', 'we', 'let', 'with', 'you', 'earth', 'this', 'and', 'no', 'get', 'of', 'not', 'me', 'the', 'right', 'oh', 'say', 'wipe', 'down'}",84,6.5,7.2,3.9,empty,empty,empty,1.5866666666666664,133.27999999999997,9953,16283.623333333333,The speaker uses their authority to discredit the idea of negotiating with Ahmadinejad.,"Using sarcasm, the speaker evokes an emotional response against the scenario presented.","The simple hypothetical conversation, while limited, conveys a logical argument against negotiating with Ahmadinejad."
135,OBAMA,"No, let me tell… (CROSSTALK)",136,44,8,1,1,"(CROSSTALK,)",3,"{'let', 'me', 'no'}",13,0.0,0.0,0.0,empty,empty,empty,1.0,13.0,10351,17930.743333333332,,,
136,MCCAIN,"By the way, my friend, Dr. Kissinger, who’s been my friend for 35 years, would be interested to hear this conversation and Senator Obama’s depiction of his — of his positions on the issue. I’ve known him for 35 years.",137,47,52,2,4,"(Kissinger, 35 years, Obama, 35 years)",26,"{'senator', 'who', 'issue', 'hear', 'depiction', 'for', 'i', 'be', 'my', 'to', 's', 'conversation', 'on', 'this', 'his', 'him', 'and', 'been', 'of', 'would', 'the', 'by', 'friend', 'interested', 'known', 'way'}",84,7.5,3.2,2.5,empty,empty,empty,1.44,120.96,10037,16404.583333333332,"Invoking the name and friendship with Dr. Kissinger, a well-known figure, builds credibility.","The speaker is trying to appeal to the audience by mentioning a personal friendship spanning 35 years, which generates some emotional connection.",There is some logical connection to the argument as the speaker is presenting a counterpoint based on Dr. Kissinger's perspective.
137,OBAMA,We will take a look.,138,45,6,1,0,(),5,"{'look', 'take', 'a', 'we', 'will'}",12,0.0,0.0,0.0,empty,empty,empty,1.0,12.0,10363,17942.743333333332,,,
138,MCCAIN,And I guarantee you he would not — he would not say that presidential top level.,139,48,17,1,0,(),12,"{'you', 'i', 'that', 'and', 'he', 'say', 'level', 'not', 'presidential', 'would', 'guarantee', 'top'}",30,1.5,3.0,2.0,empty,empty,empty,1.2166666666666668,36.5,10067,16441.083333333332,The speaker does not provide any relevant credentials establishing their authority or credibility.,"The use of 'I guarantee you' can evoke feelings of trust and assurance, but it's not a strong appeal to emotions","It's unclear who 'he' refers to or what the 'presidential top level' is, making the logical argument weak."
139,OBAMA,Nobody’s talking about that.,140,46,7,1,0,(),5,"{'about', 'that', 's', 'talking', 'nobody'}",13,0.0,3.5,1.0,empty,empty,empty,1.15,14.95,10376,17957.693333333333,,"This statement uses the feeling of frustration, as if something important has been overlooked.",The statement has a slight logical appeal by suggesting something has not been discussed
140,MCCAIN,"Of course he encourages and other people encourage contacts, and negotiations, and all other things. We do that all the time.",141,49,25,2,0,(),13,"{'encourage', 'that', 'the', 'do', 'all', 'and', 'course', 'he', 'of', 'other', 'time', 'people', 'we'}",40,4.5,2.0,5.0,empty,empty,empty,1.3833333333333333,55.33333333333333,10107,16496.416666666668,The speaker seems reasonable but lacks strong credibility.,The statement has minimal emotional appeal.,"Logically, the speaker presents a somewhat common practice but needs more elaboration."
141,LEHRER,We’re going to go to a new… (CROSSTALK),142,47,12,1,1,"(CROSSTALK,)",6,"{'going', 'to', 'go', 're', 'a', 'we'}",20,0.0,0.0,0.0,empty,empty,empty,1.0,20.0,2324,3036.4500000000003,,,
142,MCCAIN,And Senator Obama is parsing words when he says precondition means preparation.,143,50,13,1,1,"(Obama,)",7,"{'is', 'senator', 'precondition', 'and', 'he', 'preparation', 'when'}",22,1.5,0.0,6.2,empty,empty,empty,1.2566666666666666,27.646666666666665,10129,16524.063333333335,The speaker is given minimal authority through the use of a formal title 'Senator Obama'.,,"The statement points out a linguistic disagreement or clarity issue, but doesn't provide strong evidence or detailed argument."
143,OBAMA,I am not parsing words.,144,47,6,1,0,(),3,"{'am', 'not', 'i'}",10,2.5,0.0,0.0,empty,empty,empty,1.0833333333333333,10.833333333333332,10386,17968.526666666665,This statement only slightly establishes the speaker's credibility by asserting that they are direct and straightforward in their language.,,
144,MCCAIN,"He’s parsing words, my friends.",145,51,9,1,0,(),3,"{'he', 's', 'my'}",13,3.5,7.2,1.5,empty,empty,empty,1.4066666666666667,18.28666666666667,10142,16542.35,"The speaker is attempting to establish a sense of camaraderie with 'my friends,' which slightly increases the ethos appeal.",Using 'parsing words' generates a strong emotional response by implying that the opponent is being evasive or manipulative.,"A low logos score is given because while 'parsing words' might indicate a logical fallacy, the statement itself doesn't offer a specific argument."
145,OBAMA,"I’m using the same words that your advisers use. Please, go ahead.",146,48,17,2,0,(),10,"{'the', 'that', 'ahead', 'please', 'your', 'm', 'same', 'go', 'use', 'i'}",29,4.0,0.0,3.0,empty,empty,empty,1.2333333333333334,35.766666666666666,10415,18004.293333333335,The speaker attempts to establish credibility by aligning their language with the audience's advisers.,,The speaker is using a logical appeal by referencing the authoritative words of advisers.
146,LEHRER,"New lead question. Russia, goes to you, two minutes, Senator Obama. How do you see the relationship with Russia? Do you see them as a competitor? Do you see them as an enemy? Do you see them as a potential partner?",147,48,50,6,4,"(Russia, two minutes, Obama, Russia)",23,"{'senator', 'partner', 'relationship', 'them', 'question', 'competitor', 'an', 'as', 'to', 'a', 'new', 'see', 'how', 'with', 'you', 'potential', 'goes', 'the', 'do', 'russia', 'lead', 'two', 'enemy'}",83,0.0,0.0,7.5,empty,empty,empty,1.25,103.75,2407,3140.2000000000003,,,"The question seeks a logical analysis of the US relationship with Russia, considering different potential standpoints."
147,OBAMA,"Well, I think that, given what’s happened over the last several weeks and months, our entire Russian approach has to be evaluated, because a resurgent and very aggressive Russia is a threat to the peace and stability of the region. Their actions in Georgia were unacceptable. They were unwarranted. And at this point, it is absolutely critical for the next president to make clear that we have to follow through on our six-party — or the six-point cease-fire. They have to remove themselves from South Ossetia and Abkhazia. It is absolutely important that we have a unified alliance and that we explain to the Russians that you cannot be a 21st-century superpower, or power, and act like a 20th-century dictatorship. And we also have to affirm all the fledgling democracies in that region, you know, the Estonians, the Lithuanians, the Latvians, the Poles, the Czechs, that we are, in fact, going to be supportive and in solidarity with them in their efforts. They are members of NATO. And to countries like Georgia and the Ukraine, I think we have to insist that they are free to join NATO if they meet the requirements, and they should have a membership action plan immediately to start bringing them in. Now, we also can’t return to a Cold War posture with respect to Russia. It’s important that we recognize there are going to be some areas of common interest. One is nuclear proliferation. They have not only 15,000 nuclear warheads, but they’ve got enough to make another 40,000, and some of those loose nukes could fall into the hands of Al Qaida. This is an area where I’ve led on in the Senate, working with a Republican ranking member of the Senate Foreign Relations Committee, Dick Lugar, to deal with the proliferation of loose nuclear weapons. That’s an area where we’re going to have to work with Russia. But we have to have a president who is clear that you don’t deal with Russia based on staring into his eyes and seeing his soul. You deal with Russia based on, what are your — what are the national security interests of the United States of America? And we have to recognize that the way they’ve been behaving lately demands a sharp response from the international community and our allies.",148,49,448,18,35,"(the last several weeks, months, Russian, Russia, Georgia, six, six, South Ossetia, Abkhazia, Russians, 21st-century, 20th-century, Estonians, Lithuanians, Latvians, Poles, Czechs, NATO, Georgia, Ukraine, NATO, a Cold War, Russia, One, only 15,000, 40,000, Al Qaida, Senate, Republican, the Senate Foreign Relations Committee, Dick Lugar, Russia, Russia, Russia, the United States of America)",153,"{'president', 'those', 'think', 'community', 'or', 'supportive', 'immediately', 'dictatorship', 'free', 'soul', 'into', 'very', 'south', 'common', 'action', 'given', 'a', 'there', 'start', 'you', 'is', 'on', 'his', 'remove', 'america', 'it', 'loose', 'based', 'sharp', 'insist', 'the', 'led', 'where', 'because', 'all', 'make', 'russia', 'solidarity', 'al', 'were', 'dick', 'deal', 'superpower', 'response', 'staring', 'unwarranted', 'interest', 'got', 'but', 'unified', 'senate', 'your', 'cold', 'unacceptable', 'georgia', 'recognize', 'are', 'proliferation', 'war', 'important', 'going', 'plan', 'working', 'clear', 'only', 'explain', 'over', 'enough', 'affirm', 'nuclear', 'fall', 'allies', 'posture', 'next', 'last', 'now', 'join', 'resurgent', 'russian', 'that', 'security', 'approach', 'at', 'fledgling', 'peace', 'area', 'another', 't', 'fact', 'be', 'stability', 'follow', 'them', 'membership', 'several', 'seeing', 'their', 'don', 'know', 'with', 'critical', 'themselves', 'power', 'meet', 'work', 'entire', 'and', 'been', 'member', 'return', 'of', 'not', 'like', 'aggressive', 'what', 'way', 'have', 'our', 'they', 'foreign', 'should', 'region', 'absolutely', 'who', 'republican', 'if', 'could', 'one', 'international', 'well', 'alliance', 'united', 'i', 'for', 'lately', 'an', 'to', 're', 'we', 'threat', 'in', 's', 'this', 'national', 'through', 'act', 'respect', 'also', 'committee', 'point', 'from', 'can', 'some'}",654,8.2,6.2,8.6,empty,empty,empty,1.7666666666666666,1155.3999999999999,11069,19159.693333333333,"The speaker establishes credibility by mentioning past accomplishments in the Senate, such as working with Dick Lugar on nuclear proliferation.","The statement evokes the concern for peace and stability of the region, as well as the commitment to support fledgling democracies.","The speaker presents a logical argument by suggesting concrete steps to deal with Russian aggression and potential areas of cooperation, while prioritizing national security interests."
148,LEHRER,"Two minutes on Russia, Senator McCain.",149,49,8,1,3,"(Two minutes, Russia, McCain)",4,"{'two', 'russia', 'senator', 'on'}",16,0.0,0.0,0.0,empty,empty,empty,1.0,16.0,2423,3156.2000000000003,,,
149,MCCAIN,"Well, I was interested in Senator Obama’s reaction to the Russian aggression against Georgia. His first statement was, “Both sides ought to show restraint.” Again, a little bit of naivete there. He doesn’t understand that Russia committed serious aggression against Georgia. And Russia has now become a nation fueled by petro-dollars that is basically a KGB apparatchik-run government. I looked into Mr. Putin’s eyes, and I saw three letters, a “K,” a “G,” and a “B.” And their aggression in Georgia is not acceptable behavior. I don’t believe we’re going to go back to the Cold War. I am sure that that will not happen. But I do believe that we need to bolster our friends and allies. And that wasn’t just about a problem between Georgia and Russia. It had everything to do with energy. There’s a pipeline that runs from the Caspian through Georgia through Turkey. And, of course, we know that the Russians control other sources of energy into Europe, which they have used from time to time. It’s not accidental that the presidents of Latvia, Estonia, Lithuania, Poland, and Ukraine flew to Georgia, flew to Tbilisi, where I have spent significant amount of time with a great young president, Misha Saakashvili.",150,52,259,13,28,"(Obama, Russian, Georgia, first, Russia, Georgia, Russia, petro-dollars, KGB, Putin, three, Georgia, the Cold War, Georgia, Russia, Caspian, Georgia, Turkey, Russians, Europe, Latvia, Estonia, Lithuania, Poland, Ukraine, Georgia, Tbilisi, Misha Saakashvili)",102,"{'which', 'president', 'bolster', 'bit', 'amount', 'sure', 'into', 'acceptable', 'had', 'a', 'there', 'between', 'spent', 'is', 'aggression', 'just', 'his', 'g', 'it', 'show', 'need', 'understand', 'saw', 'the', 'sides', 'where', 'interested', 'russia', 'k', 'go', 'ought', 'reaction', 'but', 'cold', 'everything', 'georgia', 'flew', 'believe', 'war', 'going', 'become', 'nation', 'back', 'little', 'control', 'pipeline', 'allies', 'significant', 'by', 'now', 'again', 'was', 'russian', 'that', 'government', 'am', 'great', 't', 'both', 'problem', 'their', 'against', 'don', 'used', 'know', 'with', 'and', 'course', 'of', 'serious', 'young', 'not', 'do', 'behavior', 'statement', 'have', 'our', 'they', 'about', 'three', 'happen', 'senator', 'energy', 'he', 'well', 'other', 'will', 'i', 'turkey', 'basically', 'to', 'first', 'time', 're', 'naivete', 'we', 'in', 's', 'through', 'accidental', 'from', 'caspian'}",402,7.5,6.0,8.0,empty,empty,empty,1.7166666666666668,690.1,10544,17232.45,"The speaker references their own experience with foreign leaders and relationships, establishing credibility and expertise on the topic.",The mention of a young president and the apparent naivete of Senator Obama evoke an emotional response from the audience.,"The speaker provides logical explanations of Russia's actions, their connection to energy resources, and the involvement of other European nations."
150,MCCAIN,"And they showed solidarity with them, but, also, they are very concerned about the Russian threats to regain their status of the old Russian to regain their status of the old Russian empire. Now, I think the Russians ought to understand that we will support — we, the United States — will support the inclusion of Georgia and Ukraine in the natural process, inclusion into NATO. We also ought to make it very clear that the Russians are in violation of their cease-fire agreement. They have stationed additional troops in Abkhazia and South Ossetia. By the way, I went there once, and we went inside and drove in, and there was a huge poster. And this is — this is Georgian territory. And there was a huge poster of Vladimir Putin, and it said, “Vladimir Putin, our president.” It was very clear, the Russian intentions towards Georgia. They were just waiting to seize the opportunity. So, this is a very difficult situation. We want to work with the Russians. But we also have every right to expect the Russians to behave in a fashion and keeping with a — with a — with a country who respects international boundaries and the norms of international behavior. And watch Ukraine. This whole thing has got a lot to do with Ukraine, Crimea, the base of the Russian fleet in Sevastopol. And the breakdown of the political process in Ukraine between Tymoshenko and Yushchenko is a very serious problem. So watch Ukraine, and let’s make sure that we — that the Ukrainians understand that we are their friend and ally.",151,53,303,15,28,"(Russian, Russian, Russian, Russians, the United States, Georgia, Ukraine, NATO, Russians, Abkhazia, South Ossetia, Georgian, Vladimir Putin, Vladimir Putin, Russian, Georgia, Russians, Russians, Ukraine, Ukraine, Crimea, Russian, Sevastopol, Ukraine, Tymoshenko, Yushchenko, Ukraine, Ukrainians)",102,"{'status', 'empire', 'ally', 'think', 'watch', 'sure', 'into', 'very', 'south', 'waiting', 'a', 'there', 'between', 'is', 'just', 'it', 'difficult', 'understand', 'drove', 'the', 'right', 'friend', 'make', 'sevastopol', 'solidarity', 'were', 'towards', 'regain', 'ought', 'political', 'got', 'old', 'but', 'georgian', 'lot', 'georgia', 'so', 'are', 'behave', 'thing', 'clear', 'support', 'by', 'now', 'every', 'was', 'russian', 'that', 'opportunity', 'went', 'fashion', 'poster', 'violation', 'problem', 'them', 'once', 'expect', 'breakdown', 'territory', 'their', 'said', 'with', 'concerned', 'work', 'and', 'agreement', 'inclusion', 'of', 'serious', 'process', 'do', 'want', 'behavior', 'way', 'have', 'our', 'they', 'about', 'situation', 'who', 'international', 'additional', 'united', 'will', 'i', 'seize', 'to', 'we', 'let', 'inside', 'in', 's', 'whole', 'this', 'vladimir', 'base', 'country', 'also', 'huge', 'natural', 'keeping', 'fleet'}",448,8.0,3.0,8.5,empty,empty,empty,1.65,739.1999999999999,10992,17971.65,The speaker's credibility comes from their personal experience with the situation and their position as an informed individual in relation to foreign policy.,There is a minimal emotional appeal in the speaker's concern for the situation.,"The argument is well-structured and logical, providing specific examples and analysis of Russia's actions and intentions."
151,LEHRER,You see any — do you have a major difference with what he just said?,152,50,16,1,0,(),13,"{'with', 'you', 'do', 'just', 'difference', 'any', 'he', 'what', 'have', 'said', 'a', 'major', 'see'}",30,1.0,1.0,6.5,empty,empty,empty,1.2833333333333332,38.5,2453,3194.7000000000003,The speaker is indirectly using their authority as a moderator or judge.,The question is engaging to the audience's emotions by asking about differences in opinions.,"The statement is fundamentally a logical question, asking if the listener has a contrasting perspective."
152,OBAMA,"No, actually, I think Senator McCain and I agree for the most part on these issues. Obviously, I disagree with this notion that somehow we did not forcefully object to Russians going into Georgia. I immediately said that this was illegal and objectionable. And, absolutely, I wanted a cessation of the violence, because it put an enormous strain on Georgia, and that’s why I was the first to say that we have to rebuild the Georgian economy and called for a billion dollars that has now gone in to help them rebuild. Because part of Russia’s intentions here was to weaken the economy to the point where President Saakashvili was so weakened that he might be replaced by somebody that Putin favored more. Two points I think are important to think about when it comes to Russia. Number one is we have to have foresight and anticipate some of these problems. So back in April, I warned the administration that you had Russian peacekeepers in Georgian territory. That made no sense whatsoever. And what we needed to do was replace them with international peacekeepers and a special envoy to resolve the crisis before it boiled over. That wasn’t done. But had it been done, it’s possible we could have avoided the issue. The second point I want to make is — is the issue of energy. Russia is in part resurgent and Putin is feeling powerful because of petro-dollars, as Senator McCain mentioned. That means that we, as one of the biggest consumers of oil — 25 percent of the world’s oil — have to have an energy strategy not just to deal with Russia, but to deal with many of the rogue states we’ve talked about, Iran, Venezuela. And that means, yes, increasing domestic production and off-shore drilling, but we only have 3 percent of the world’s oil supplies and we use 25 percent of the world’s oil. So we can’t simply drill our way out of the problem. What we’re going to have to do is to approach it through alternative energy, like solar, and wind, and biodiesel, and, yes, nuclear energy, clean-coal technology. And, you know, I’ve got a plan for us to make a significant investment over the next 10 years to do that. And I have to say, Senator McCain and I, I think agree on the importance of energy, but Senator McCain mentioned earlier the importance of looking at a record. Over 26 years, Senator McCain voted 23 times against alternative energy, like solar, and wind, and biodiesel. And so we — we — we’ve got to walk the walk and not just talk the talk when it comes to energy independence, because this is probably going to be just as vital for our economy and the pain that people are feeling at the pump — and, you know, winter’s coming and home heating oil — as it is our national security and the issue of climate change that’s so important.",153,50,583,22,32,"(McCain, Russians, Georgia, Georgia, first, Georgian, a billion dollars, Russia, Saakashvili, Putin, Two, Russia, April, Russian, Georgian, second, Russia, Putin, McCain, 25 percent, Russia, Iran, Venezuela, 3 percent, 25 percent, the next 10 years, McCain, McCain, 26 years, McCain, 23, winter)",183,"{'billion', 'comes', 'administration', 'president', 'drill', 'envoy', 'think', 'technology', 'immediately', 'percent', 'special', 'solar', 'coming', 'strain', 'into', 'a', 'had', 'you', 'is', 'on', 'replace', 'just', 'it', 'crisis', 'times', 'these', 'before', 'the', 'april', 'where', 'because', 'make', 'russia', 'deal', 'biggest', 'strategy', 'got', 'but', 'heating', 'actually', 'georgian', 'did', 'georgia', 'possible', 'so', 'world', 'are', 'feeling', 'weaken', 'important', 'going', 'as', 'plan', 'back', 'people', 'iran', 'objectionable', 'only', 'made', 'second', 'somebody', 'over', 'investment', 'change', 'here', 'many', 'drilling', 'nuclear', 'powerful', 'us', 'significant', 'agree', 'by', 'next', 'domestic', 'now', 'walk', 'enormous', 'say', 'use', 'resurgent', 'was', 'rebuild', 'that', 'russian', 'oil', 'out', 'illegal', 'approach', 'at', 'security', 'put', 'whatsoever', 't', 'problem', 'production', 'them', 'be', 'territory', 'anticipate', 'pain', 'favored', 'somehow', 'against', 'home', 'foresight', 'rogue', 'know', 'said', 'vital', 'with', 'violence', 'and', 'been', 'pump', 'notion', 'of', 'boiled', 'not', 'disagree', 'like', 'climate', 'might', 'do', 'want', 'independence', 'object', 'what', 'have', 'our', 'way', 'two', 'why', 'economy', 'about', 'absolutely', 'senator', 'wind', 'energy', 'could', 'most', 'he', 'one', 'gone', 'international', 'issue', 'winter', 'cessation', 'sense', 'i', 'for', 'done', 'an', 'record', 'to', 'first', 'number', 'forcefully', 'talk', 're', 'we', 'alternative', 'in', 's', 'simply', 'this', 'national', 'through', 'increasing', 'no', 'obviously', 'part', 'more', 'looking', 'yes', 'point', 'importance', 'probably', 'can', 'some', 'help', 'when', 'resolve'}",820,7.5,6.0,8.0,empty,empty,empty,1.7166666666666668,1407.6666666666667,11889,20567.36,The speaker establishes credibility by mentioning his past actions on the topic and acknowledging points of agreement with Senator McCain.,The speaker appeals to the audience's emotions by mentioning the pain people feel at the pump and the upcoming winter season.,"The speaker provides logical arguments regarding the need for alternative energy strategies, supported by statistics on oil supplies and consumption."
153,LEHRER,We’ve got time for one more lead question segment. We’re way out of… (CROSSTALK),154,51,21,2,2,"(one, CROSSTALK)",12,"{'re', 'question', 'got', 'more', 'out', 'one', 'way', 'lead', 'time', 'segment', 'we', 'for'}",37,0.0,0.0,0.0,empty,empty,empty,1.0,37.0,2490,3231.7000000000003,,,
154,LEHRER,Quick response and then… (CROSSTALK),155,52,7,1,1,"(CROSSTALK,)",3,"{'response', 'quick', 'and'}",12,0.0,0.0,0.0,empty,empty,empty,1.0,12.0,2502,3243.7000000000003,,,
155,MCCAIN,"No one from Arizona is against solar. And Senator Obama says he’s for nuclear, but he’s against reprocessing and he’s against storing. So…",156,54,32,3,2,"(Arizona, Obama)",14,"{'is', 'senator', 's', 'arizona', 'but', 'and', 'solar', 'one', 'he', 'from', 'no', 'nuclear', 'against', 'for'}",51,5.0,7.0,4.5,empty,empty,empty,1.55,79.05,11043,18050.7,The speaker establishes credibility by referencing specific facts related to Arizona and Senator Obama.,The use of the phrase 'no one from Arizona is against solar' appeals to the audience's emotions by emphasizing unity.,"The logical argument is weakened by the lack of clear connections between the points about nuclear reprocessing and storage, as well as the incomplete context."
156,OBAMA,"That’s just not true, John. John, I’m sorry, but that’s not true.",157,51,23,2,2,"(John, John)",10,"{'s', 'that', 'true', 'just', 'but', 'sorry', 'john', 'm', 'not', 'i'}",37,3.5,2.0,1.0,empty,empty,empty,1.2166666666666668,45.01666666666667,11926,20612.376666666667,"The speaker addresses the person by name, showing familiarity and confidence.",The apology may evoke sympathy or understanding from the audience.,There is a lack of evidence and reasoning provided to support the claim.
157,MCCAIN,"… it’s hard to get there from here. And off-shore drilling is also something that is very important and it is a bridge. And we know that, if we drill off-shore and exploit a lot of these reserves, it will help, at temporarily, relieve our energy requirements. And it will have, I think, an important effect on the price of a barrel of oil.",158,55,76,4,0,(),43,"{'effect', 'that', 'oil', 'at', 'if', 'energy', 'drill', 'think', 'will', 'i', 'lot', 'an', 'bridge', 'exploit', 'important', 'relieve', 'price', 'to', 'very', 'a', 'we', 'something', 'there', 'know', 's', 'is', 'on', 'temporarily', 'barrel', 'and', 'it', 'here', 'get', 'drilling', 'of', 'these', 'also', 'the', 'from', 'our', 'have', 'help', 'hard'}",123,7.5,2.5,6.7,empty,empty,empty,1.5566666666666666,191.47,11166,18242.170000000002,The speaker establishes credibility by presenting a well-reasoned argument for off-shore drilling and its impact on energy requirements.,The limited emotional appeal comes from the mention of temporarily relieving energy requirements.,The logical argument is based on the explanation of how off-shore drilling can help with energy needs and influence the price of a barrel of oil.
158,OBAMA,"I just have to respond very quickly, just to correct — just to correct the record.",159,52,18,1,0,(),10,"{'correct', 'the', 'quickly', 'just', 'record', 'have', 'to', 'very', 'respond', 'i'}",29,1.0,0.0,2.0,empty,empty,empty,1.1,31.900000000000002,11955,20644.276666666665,The speaker demonstrates a low level of credibility by merely stating their intent to correct the record without providing any relevant context.,,The snippet has a low level of logical appeal as the speaker mentions their intent to correct the record but provides no evidence or logical argument.
159,MCCAIN,"So I want to say that, with the Nunn-Lugar thing…",160,56,11,1,0,(),8,"{'with', 'the', 'that', 'so', 'want', 'to', 'say', 'i'}",20,4.0,1.0,3.0,empty,empty,empty,1.2666666666666666,25.333333333333332,11186,18267.503333333334,"The speaker mentions 'Nunn-Lugar' which may appeal to the credibility of the policy, but not their own.",The vague use of 'thing' weakens the emotional appeal.,The snippet gives a reference to a specific policy but lacks logical reasoning.
160,LEHRER,"Excuse me, Senator.",161,53,5,1,0,(),3,"{'excuse', 'me', 'senator'}",9,2.5,0.0,0.0,empty,empty,empty,1.0833333333333333,9.75,2511,3253.4500000000003,The speaker’s respectful address of 'Senator' demonstrates a minimal level of ethos by acknowledging their position.,,
161,OBAMA,John?,162,53,2,1,1,"(John,)",1,{'john'},5,0.0,0.0,0.0,empty,empty,empty,1.0,5.0,11960,20649.276666666665,,,
162,MCCAIN,… I supported Nunn-Lugar back in the early 1990s when a lot of my colleagues didn’t. That was the key legislation at the time and put us on the road to eliminating this issue of nuclear waste and the nuclear fuel that has to be taken care of.,163,57,52,2,3,"(Nunn-Lugar, the early 1990s, n’t)",31,"{'was', 'that', 'at', 'legislation', 'issue', 'put', 'taken', 't', 'i', 'lot', 'be', 'my', 'early', 'key', 'fuel', 'to', 'time', 'back', 'a', 'road', 'in', 'on', 'this', 'and', 'care', 'of', 'nuclear', 'waste', 'us', 'the', 'when'}",88,7.5,2.5,8.0,empty,empty,empty,1.6,140.8,11274,18408.303333333333,The speaker establishes credibility by mentioning their support for a key legislation in the past and acknowledging opposition.,"There is minimal emotional appeal in the snippet, as it primarily focuses on the speaker's past actions.",The speaker uses logical reasoning to highlight the importance of addressing nuclear waste and nuclear fuel issues.
163,OBAMA,"I — I just have to correct the record here. I have never said that I object to nuclear waste. What I’ve said is that we have to store it safely. And, Senator McCain, he says — he talks about Arizona.",164,54,49,4,2,"(McCain, Arizona)",25,"{'about', 'that', 'never', 'senator', 'arizona', 'he', 'i', 'store', 'record', 'to', 'we', 'said', 'is', 'just', 'and', 'it', 'here', 'nuclear', 'waste', 'correct', 'the', 'object', 'what', 'have', 'safely'}",80,4.5,1.0,7.0,empty,empty,empty,1.4166666666666667,113.33333333333334,12040,20762.61,"The speaker establishes credibility by correcting their stance on nuclear waste, but does not elaborate on their expertise or principles.","There is minimal emotional appeal in this snippet, as it only briefly mentions the issue of nuclear waste storage safety.",The logical aspect of this argument is in the clarification of the speaker's true position and reference to an opposing viewpoint.
164,LEHRER,All right.,165,54,3,1,0,(),2,"{'all', 'right'}",6,0.0,0.0,0.0,empty,empty,empty,1.0,6.0,2517,3259.4500000000003,,,
165,OBAMA,"I’ve got to make this point, Jim.",166,55,11,1,1,"(Jim,)",7,"{'got', 'this', 'jim', 'make', 'point', 'to', 'i'}",20,1.5,1.0,0.0,empty,empty,empty,1.0833333333333333,21.666666666666664,12060,20784.276666666665,The speaker lightly appeals to their credibility by asserting their need to make a point.,There is a minimal emotional appeal as the speaker's urgency could potentially connect to the audience.,
166,LEHRER,OK.,167,55,2,1,0,(),1,{'ok'},4,0.0,0.0,0.0,empty,empty,empty,1.0,4.0,2521,3263.4500000000003,,,
167,OBAMA,He objects…,168,56,2,1,0,(),1,{'he'},4,0.0,0.0,0.0,empty,empty,empty,1.0,4.0,12064,20788.276666666665,,,
168,MCCAIN,I have voted for alternate fuel all of my time…,169,58,10,1,0,(),8,"{'my', 'all', 'fuel', 'have', 'of', 'alternate', 'i', 'for'}",19,6.5,2.5,5.0,empty,empty,empty,1.4666666666666668,27.866666666666667,11293,18436.170000000002,The speaker establishes credibility by mentioning their past voting record.,There is limited emotional appeal with regard to the topic of alternative fuels.,The statement provides a logical reason for their position on alternate fuels.
169,OBAMA,He — he — he objects… (CROSSTALK),170,57,9,1,1,"(CROSSTALK,)",1,{'he'},12,0.0,0.0,0.0,empty,empty,empty,1.0,12.0,12076,20800.276666666665,,,
170,LEHRER,"One at a time, please.",171,56,7,1,1,"(One,)",5,"{'at', 'one', 'please', 'time', 'a'}",14,0.0,0.0,0.0,empty,empty,empty,1.0,14.0,2535,3277.4500000000003,,,
171,OBAMA,He objected…,172,58,2,1,0,(),1,{'he'},4,0.0,0.0,0.0,empty,empty,empty,1.0,4.0,12080,20804.276666666665,,,
172,LEHRER,One at a time.,173,57,5,1,1,"(One,)",4,"{'one', 'time', 'a', 'at'}",11,0.0,0.0,0.0,empty,empty,empty,1.0,11.0,2546,3288.4500000000003,,,
173,MCCAIN,No one can be opposed to alternate energy.,174,59,9,1,0,(),8,"{'be', 'energy', 'one', 'opposed', 'can', 'no', 'to', 'alternate'}",18,0.0,3.5,1.0,empty,empty,empty,1.15,20.7,11311,18456.87,,The statement appeals to a desire for consensus and shared values around alternative energy.,The claim is a generalization without supporting evidence or logical reasoning.
174,OBAMA,"All right, fair enough. Let’s move on. You’ve got one more energy — you’ve got one more question.",175,59,28,3,2,"(one, one)",14,"{'let', 'you', 'question', 's', 'right', 'on', 'got', 'move', 'more', 'all', 'energy', 'one', 'enough', 'fair'}",47,1.0,0.0,1.0,empty,empty,empty,1.0666666666666667,50.13333333333333,12127,20854.41,"The speaker conveys a sense of fairness, but it's not a strong appeal to their own authority.",,"Acknowledging the existence of another question offers a logical transition, yet it doesn't include reasoning for any arguments."
175,LEHRER,"This is the last — last lead question. You have two minutes each. And the question is this, beginning with you, Senator McCain. What do you think the likelihood is that there would be another 9/11-type attack on the continental United States?",176,58,48,4,4,"(two minutes, McCain, 9/11, United States)",27,"{'that', 'senator', 'beginning', 'another', 'think', 'united', 'likelihood', 'be', 'question', 'continental', 'each', 'there', 'with', 'you', 'is', 'attack', 'on', 'this', 'and', 'would', 'the', 'do', 'last', 'what', 'lead', 'have', 'two'}",83,5.0,2.5,6.0,empty,empty,empty,1.45,120.35,2629,3408.8,The moderator establishes their authority by controlling the timing and direction of the debate.,The mention of another 9/11-type attack evokes an emotional response.,The question is phrased in a way that requires a logical prediction of future events.
176,MCCAIN,"I think it’s much less than it was the day after 9/11. I think it — that we have a safer nation, but we are a long way from safe. And I want to tell you that one of the things I’m most proud of, among others, because I have worked across the aisle. I have a long record on that, on a long series of reforms. But after 9/11, Senator Joe Lieberman and I decided that we needed a commission, and that was a commission to investigate 9/11, and find out what happened, and fix it. And we were — we were opposed by the administration, another area where I differed with this administration. And we were stymied until the families of 9/11 came, and they descended on Washington, and we got that legislation passed. And there were a series of recommendations, as I recall, more than 40. And I’m happy to say that we’ve gotten written into law most of those reforms recommended by that commission. I’m proud of that work, again, bipartisan, reaching across the aisle, working together, Democrat and Republican alike. So we have a long way to go in our intelligence services. We have to do a better job in human intelligence. And we’ve got to — to make sure that we have people who are trained interrogators so that we don’t ever torture a prisoner ever again. We have to make sure that our technological and intelligence capabilities are better. We have to work more closely with our allies. I know our allies, and I can work much more closely with them. But I can tell you that I think America is safer today than it was on 9/11. But that doesn’t mean that we don’t have a long way to go. And I’d like to remind you, also, as a result of those recommendations, we’ve probably had the largest reorganization of government since we established the Defense Department. And I think that those men and women in those agencies are doing a great job. But we still have a long way to go before we can declare America safe, and that means doing a better job along our borders, as well.",177,60,435,21,13,"(the day after, 9/11, Joe Lieberman, 9/11, 9/11, Washington, more than 40, Democrat, Republican, America, today, the Defense Department, America)",133,"{'administration', 'legislation', 'those', 'think', 'gotten', 'ever', 'technological', 'than', 'prisoner', 'sure', 'into', 'a', 'there', 'had', 'you', 'is', 'on', 'investigate', 'washington', 'america', 'doing', 'men', 'it', 'closely', 'before', 'the', 'where', 'because', 'make', 'were', 'go', 'tell', 'today', 'got', 'worked', 'defense', 'day', 'but', 'job', 'so', 'are', 'as', 'nation', 'came', 'working', 'people', 'result', 'remind', 'allies', 'recall', 'since', 'by', 'trained', 'again', 'still', 'say', 'commission', 'was', 'out', 'that', 'reorganization', 'government', 'area', 'great', 'aisle', 'another', 'together', 'better', 'human', 't', 'd', 'them', 'along', 'don', 'know', 'across', 'with', 'work', 'bipartisan', 'and', 'of', 'written', 'much', 'happy', 'like', 'do', 'want', 'way', 'what', 'have', 'our', 'they', 'department', 'senator', 'alike', 'who', 'republican', 'torture', 'one', 'most', 'well', 'fix', 'until', 'safe', 'find', 'i', 'joe', 'decided', 'series', 'democrat', 'less', 'record', 'to', 'm', 'long', 'we', 'reaching', 'mean', 'in', 's', 'this', 'intelligence', 'among', 'after', 'law', 'declare', 'also', 'more', 'opposed', 'from', 'can', 'probably', 'established'}",602,7.5,6.7,7.9,empty,empty,empty,1.7366666666666668,1045.4733333333334,11913,19502.343333333334,"The speaker establishes credibility by mentioning their experience working across party lines and specific actions, such as collaboration with Senator Joe Lieberman and the support of 9/11 families.","The speaker invokes the audience's emotions by mentioning the 9/11 tragedy, the families' involvement to get legislation passed, and their desire to ensure America's safety.","The speaker provides logical arguments by referencing reforms made after the 9/11 commission report, highlighting the need for improved intelligence services, and outlining specific steps like better interrogators and working with allies."
177,LEHRER,"Two minutes, Senator Obama.",178,59,6,1,2,"(Two minutes, Obama)",2,"{'two', 'senator'}",11,0.0,0.0,0.0,empty,empty,empty,1.0,11.0,2640,3419.8,,,
178,OBAMA,"Well, first of all, I think that we are safer in some ways. Obviously, we’ve poured billions of dollars into airport security. We have done some work in terms of securing potential targets, but we still have a long way to go. We’ve got to make sure that we’re hardening our chemical sites. We haven’t done enough in terms of transit; we haven’t done enough in terms of ports. And the biggest threat that we face right now is not a nuclear missile coming over the skies. It’s in a suitcase. This is why the issue of nuclear proliferation is so important. It is the — the biggest threat to the United States is a terrorist getting their hands on nuclear weapons. And we — we are spending billions of dollars on missile defense. And I actually believe that we need missile defense, because of Iran and North Korea and the potential for them to obtain or to launch nuclear weapons, but I also believe that, when we are only spending a few hundred million dollars on nuclear proliferation, then we’re making a mistake. The other thing that we have to focus on, though, is Al Qaida. They are now operating in 60 countries. We can’t simply be focused on Iraq. We have to go to the root cause, and that is in Afghanistan and Pakistan. That’s going to be critical. We are going to need more cooperation with our allies. And one last point I want to make. It is important for us to understand that the way we are perceived in the world is going to make a difference, in terms of our capacity to get cooperation and root out terrorism. And one of the things that I intend to do as president is to restore America’s standing in the world. We are less respected now than we were eight years ago or even four years ago.",179,60,373,21,18,"(first, billions of dollars, n’t, the United States, billions of dollars, Iran, North Korea, a few hundred million dollars, Al Qaida, 60, Iraq, Afghanistan, Pakistan, one, one, America, eight years ago, four years ago)",132,"{'even', 'president', 'think', 'hundred', 'north', 'or', 'coming', 'than', 'sure', 'into', 'a', 'is', 'on', 'america', 'making', 'it', 'need', 'understand', 'the', 'right', 'all', 'because', 'make', 'difference', 'al', 'ways', 'were', 'go', 'biggest', 'got', 'defense', 'but', 'actually', 'eight', 'standing', 'so', 'world', 'are', 'believe', 'proliferation', 'important', 'capacity', 'getting', 'million', 'going', 'as', 'restore', 'skies', 'iran', 'thing', 'only', 'over', 'spending', 'enough', 'nuclear', 'allies', 'launch', 'us', 'haven', 'last', 'now', 'still', 'mistake', 'obtain', 'security', 'that', 'out', 'then', 't', 'transit', 'them', 'be', 'terrorist', 'suitcase', 'their', 'operating', 'terrorism', 'face', 'with', 'critical', 'potential', 'work', 'root', 'airport', 'and', 'four', 'chemical', 'of', 'not', 'ago', 'do', 'want', 'focus', 'way', 'have', 'our', 'they', 'why', 'iraq', 'intend', 'few', 'one', 'issue', 'well', 'other', 'united', 'i', 'for', 'done', 'less', 'cause', 'to', 'first', 'long', 're', 'we', 'threat', 'in', 's', 'simply', 'this', 'obviously', 'get', 'missile', 'also', 'more', 'point', 'hardening', 'can', 'some', 'though', 'when'}",544,7.5,6.5,8.0,empty,empty,empty,1.7333333333333334,942.9333333333334,12671,21797.343333333334,The speaker demonstrates credibility and authority by mentioning specific security measures and threats.,The fear of a terrorist attack involving nuclear weapons evokes strong emotions in the audience.,The speaker uses logical reasoning when discussing the importance of properly allocating funds for missile defense and nuclear proliferation.
179,OBAMA,"And this is the greatest country on Earth. But because of some of the mistakes that have been made — and I give Senator McCain great credit on the torture issue, for having identified that as something that undermines our long-term security — because of those things, we, I think, are going to have a lot of work to do in the next administration to restore that sense that America is that shining beacon on a hill.",180,61,83,2,3,"(Earth, McCain, America)",46,"{'security', 'that', 'senator', 'administration', 'but', 'torture', 'issue', 'great', 'those', 'think', 'sense', 'i', 'for', 'lot', 'are', 'hill', 'going', 'as', 'to', 'restore', 'shining', 'beacon', 'a', 'we', 'something', 'in', 'is', 'on', 'work', 'earth', 'this', 'made', 'america', 'and', 'been', 'of', 'give', 'country', 'the', 'do', 'next', 'because', 'have', 'credit', 'some', 'our'}",134,7.5,7.0,6.5,empty,empty,empty,1.7,227.79999999999998,12805,22025.143333333333,"The speaker acknowledges Senator McCain's contributions, establishing credibility for both themselves and their opponent.","The imagery of 'shining beacon on a hill' evokes a sense of pride and patriotism, appealing to the audience's emotions.","The speaker identifies mistakes made and refers to the need to restore America's image, which provides a logical structure and argument."
180,LEHRER,Do you agree there’s much to be done in a new administration to restore… (CROSSTALK),181,60,19,1,1,"(CROSSTALK,)",13,"{'you', 'be', 's', 'agree', 'done', 'do', 'in', 'administration', 'new', 'to', 'much', 'a', 'there'}",34,0.0,0.0,0.0,empty,empty,empty,1.0,34.0,2674,3453.8,,,
181,MCCAIN,"But in the case of missile defense, Senator Obama said it had to be, quote, “proven.” That wasn’t proven when Ronald Reagan said we would do SDI, which is missile defense. And it was major — a major factor in bringing about the end of the Cold War. We seem to come full circle again. Senator Obama still doesn’t quite understand — or doesn’t get it — that if we fail in Iraq, it encourages Al Qaida. They would establish a base in Iraq. The consequences of defeat, which would result from his plan of withdrawal and according to date certain, regardless of conditions, according to our military leaders, according to every expert, would lead to defeat — possible defeat, loss of all the fragile sacrifice that we’ve made of American blood and treasure, which grieves us all. All of that would be lost if we followed Senator Obama’s plan to have specific dates with withdrawal, regardless of conditions on the ground. And General Petraeus says we have had great success, but it’s very fragile. And we can’t do what Senator Obama wants to do. That is the central issue of our time. And I think Americans will judge very seriously as to whether that’s the right path or the wrong path and who should be the next president of the United States.",182,61,266,11,13,"(Obama, Ronald Reagan, the Cold War, Obama, Iraq, Al Qaida, Iraq, American, Obama, General Petraeus, Obama, Americans, the United States)",106,"{'which', 'president', 'expert', 'circle', 'think', 'or', 'sacrifice', 'judge', 'very', 'had', 'a', 'case', 'is', 'on', 'his', 'it', 'understand', 'the', 'right', 'all', 'success', 'al', 'withdrawal', 'military', 'defense', 'but', 'ronald', 'ground', 'treasure', 'cold', 'wrong', 'possible', 'war', 'as', 'plan', 'according', 'certain', 'defeat', 'made', 'result', 'general', 'us', 'next', 'every', 'again', 'still', 'major', 'was', 'loss', 'that', 'fail', 'lost', 'great', 't', 'be', 'date', 'proven', 'specific', 'establish', 'said', 'with', 'quote', 'and', 'end', 'of', 'seem', 'do', 'what', 'come', 'lead', 'our', 'have', 'they', 'should', 'about', 'iraq', 'senator', 'who', 'if', 'blood', 'issue', 'full', 'united', 'will', 'i', 'factor', 'regardless', 'central', 'quite', 'to', 'time', 'we', 'in', 's', 'get', 'path', 'missile', 'would', 'base', 'whether', 'american', 'from', 'can', 'seriously', 'when', 'fragile'}",396,7.0,6.0,7.5,empty,empty,empty,1.6833333333333333,666.6,12309,20168.943333333333,The speaker establishes credibility by referencing historical events and quoting both Senator Obama and General Petraeus.,The mention of 'American blood and treasure' and the risks of following Obama's plan evoke emotion about potential consequences.,"The argument uses logical reasoning to connect the importance of missile defense to the Cold War and Iraq, and the analysis of potential outcomes from Obama's plan."
182,LEHRER,You see the same connections that Senator McCain does?,183,61,10,1,1,"(McCain,)",7,"{'you', 'the', 'that', 'senator', 'same', 'does', 'see'}",19,0.0,0.0,5.0,empty,empty,empty,1.1666666666666667,22.166666666666668,2693,3475.9666666666667,,,This statement is a question seeking clarification by comparing the perspectives of the speaker and Senator McCain.
183,OBAMA,"Oh, there’s no doubt. Look, over the last eight years, this administration, along with Senator McCain, have been solely focused on Iraq. That has been their priority. That has been where all our resources have gone. In the meantime, bin Laden is still out there. He is not captured. He is not killed. Al Qaida is resurgent. In the meantime, we’ve got challenges, for example, with China, where we are borrowing billions of dollars. They now hold a trillion dollars’ worth of our debt. And they are active in countries like — in regions like Latin America, and Asia, and Africa. They are — the conspicuousness of their presence is only matched by our absence, because we’ve been focused on Iraq. We have weakened our capacity to project power around the world because we have viewed everything through this single lens, not to mention, look at our economy. We are now spending $10 billion or more every month. And that means we can’t provide health care to people who need it. We can’t invest in science and technology, which will determine whether or not we are going to be competitive in the long term. There has never been a country on Earth that saw its economy decline and yet maintained its military superiority. So this is a national security issue. We haven’t adequately funded veterans’ care. I sit on the Veterans Affairs Committee, and we’ve got — I meet veterans all across the country who are trying to figure out, “How can I get disability payments? I’ve got post-traumatic stress disorder, and yet I can’t get treatment.” So we have put all chips in, right there, and nobody is talking about losing this war. What we are talking about is recognizing that the next president has to have a broader strategic vision about all the challenges that we face. That’s been missing over the last eight years. That sense is something that I want to restore.",184,62,396,24,16,"(the last eight years, McCain, Iraq, bin Laden, Al Qaida, China, billions of dollars, a trillion dollars, Latin America, Asia, Africa, Iraq, $10 billion, Earth, the Veterans Affairs Committee, the last eight years)",150,"{'billion', 'doubt', 'administration', 'missing', 'which', 'president', 'strategic', 'technology', 'or', 'latin', 'debt', 'absence', 'health', 'laden', 'a', 'there', 'is', 'superiority', 'on', 'earth', 'america', 'it', 'need', 'saw', 'funded', 'the', 'right', 'where', 'all', 'because', 'al', 'disability', 'borrowing', 'military', 'got', 'invest', 'figure', 'sit', 'eight', 'everything', 'so', 'world', 'are', 'war', 'capacity', 'going', 'restore', 'people', 'conspicuousness', 'single', 'yet', 'only', 'over', 'spending', 'determine', 'science', 'by', 'haven', 'next', 'chips', 'last', 'now', 'every', 'still', 'lens', 'losing', 'resurgent', 'out', 'that', 'security', 'at', 'stress', 'solely', 'put', 'disorder', 't', 'be', 'priority', 'around', 'competitive', 'along', 'their', 'active', 'face', 'provide', 'with', 'across', 'power', 'meet', 'example', 'trillion', 'and', 'been', 'bin', 'look', 'care', 'of', 'not', 'like', 'china', 'want', 'oh', 'what', 'have', 'our', 'they', 'economy', 'about', 'iraq', 'worth', 'senator', 'never', 'who', 'vision', 'he', 'issue', 'gone', 'nobody', 'presence', 'month', 'will', 'i', 'for', 'sense', 'project', 'talking', 'mention', 'to', 'long', 'we', 'something', 'how', 'in', 's', 'this', 'national', 'through', 'trying', 'no', 'get', 'whether', 'country', 'committee', 'more', 'decline', 'adequately', 'can', 'its', 'hold', 'term'}",586,7.8,6.5,8.3,empty,empty,empty,1.7533333333333334,1027.4533333333334,13391,23052.596666666668,The speaker establishes credibility by mentioning their position on the Veterans Affairs Committee and their experiences with veterans.,The speaker appeals to emotions when discussing the struggles of veterans and the inability to provide healthcare to those who need it.,"The speaker uses logical arguments to connect the focus on Iraq to various negative consequences, such as a weakened economy, inability to invest in science and technology, and challenges with China."
184,MCCAIN,"I’ve been involved, as I mentioned to you before, in virtually every major national security challenge we’ve faced in the last 20-some years. There are some advantages to experience, and knowledge, and judgment. And I — and I honestly don’t believe that Senator Obama has the knowledge or experience and has made the wrong judgments in a number of areas, including his initial reaction to Russian invasion — aggression in Georgia, to his — you know, we’ve seen this stubbornness before in this administration to cling to a belief that somehow the surge has not succeeded and failing to acknowledge that he was wrong about the surge is — shows to me that we — that — that we need more flexibility in a president of the United States than that. As far as our other issues that he brought up are concerned, I know the veterans. I know them well. And I know that they know that I’ll take care of them. And I’ve been proud of their support and their recognition of my service to the veterans. And I love them. And I’ll take care of them. And they know that I’ll take care of them. And that’s going to be my job. But, also, I have the ability, and the knowledge, and the background to make the right judgments, to keep this country safe and secure. Reform, prosperity, and peace, these are major challenges to the United States of America. I don’t think I need any on-the-job training. I’m ready to go at it right now.",185,62,312,15,6,"(20-some years, Obama, Russian, Georgia, the United States, the United States of America)",113,"{'flexibility', 'judgment', 'administration', 'president', 'initial', 'secure', 'think', 'or', 'honestly', 'than', 'take', 'a', 'there', 'you', 'is', 'aggression', 'experience', 'his', 'america', 'it', 'need', 'these', 'before', 'the', 'right', 'belief', 'make', 'any', 'go', 'reaction', 'background', 'training', 'but', 'prosperity', 'wrong', 'virtually', 'job', 'georgia', 'far', 'are', 'believe', 'involved', 'as', 'failing', 'going', 'brought', 'challenge', 'made', 'support', 'ready', 'last', 'now', 'every', 'recognition', 'major', 'ability', 'was', 'reform', 'security', 'that', 'russian', 'at', 'seen', 'peace', 't', 'them', 'be', 'my', 'their', 'somehow', 'faced', 'don', 'know', 'knowledge', 'concerned', 'cling', 'service', 'up', 'and', 'been', 'keep', 'care', 'of', 'not', 'me', 'stubbornness', 'acknowledge', 'have', 'our', 'they', 'about', 'surge', 'senator', 'he', 'well', 'other', 'united', 'safe', 'i', 'to', 'number', 'm', 'we', 'in', 's', 'this', 'national', 'country', 'also', 'more', 'invasion', 'love', 'some'}",446,7.5,6.2,8.1,empty,empty,empty,1.7266666666666666,770.0933333333332,12755,20939.036666666667,The speaker establishes credibility by citing their involvement in numerous national security challenges and claiming extensive experience and knowledge.,The speaker appeals to emotion by expressing a deep connection to veterans and a commitment to taking care of them.,"The speaker uses logical arguments to critique the opponent on various subjects, such as the Russian invasion in Georgia and the surge in Iraq, and highlights the need for a flexible and experienced president."
185,OBAMA,"Well, let me just make a closing point. You know, my father came from Kenya. That’s where I get my name. And in the ’60s, he wrote letter after letter to come to college here in the United States because the notion was that there was no other country on Earth where you could make it if you tried. The ideals and the values of the United States inspired the entire world. I don’t think any of us can say that our standing in the world now, the way children around the world look at the United States, is the same. And part of what we need to do, what the next president has to do — and this is part of our judgment, this is part of how we’re going to keep America safe — is to — to send a message to the world that we are going to invest in issues like education, we are going to invest in issues that — that relate to how ordinary people are able to live out their dreams. And that is something that I’m going to be committed to as president of the United States.",186,63,220,8,7,"(Kenya, the United States, Earth, the United States, the United States, America, the United States)",96,"{'judgment', 'president', 'live', 'think', 'message', 'a', 'there', 'able', 'father', 'you', 'ordinary', 'is', 'on', 'relate', 'earth', 'just', 'name', 'america', 'it', 'need', 'the', 'where', 'because', 'make', 'any', 'invest', 'standing', 'world', 'are', 'going', 'as', 'came', 'people', 'college', 'here', 'us', 'next', 'now', 'say', 'tried', 'send', 'was', 'out', 'that', 'at', 't', 'be', 'my', 'around', 'their', 'don', 'know', 'entire', 'and', 'notion', 'look', 'keep', 'of', 'like', 'me', 'do', 'way', 'come', 'what', 'our', 'same', 'if', 'could', 'he', 'well', 'wrote', 'other', 'united', 'safe', 'i', 'inspired', 'to', 'm', 're', 'we', 'something', 'let', 'how', 'in', 's', 'this', 'letter', 'education', 'no', 'get', 'after', 'part', 'country', 'point', 'from', 'can'}",331,7.5,8.0,6.5,empty,empty,empty,1.7333333333333334,573.7333333333333,13722,23626.33,The speaker establishes credibility by mentioning their father's personal experience and their connection to the United States.,The speaker appeals to the audience's emotions by discussing the image of the United States in the eyes of children and the importance of achieving personal dreams.,The speaker uses logical reasoning to argue that investing in education and issues concerning ordinary people will help maintain America's safety and global influence.
186,LEHRER,Few seconds. We’re almost finished.,187,62,9,2,0,(),5,"{'finished', 'almost', 'few', 're', 'we'}",16,0.0,0.0,0.0,empty,empty,empty,1.0,16.0,2709,3491.9666666666667,,,
187,MCCAIN,"Jim, when I came home from prison, I saw our veterans being very badly treated, and it made me sad. And I embarked on an effort to resolve the POW-MIA issue, which we did in a bipartisan fashion, and then I worked on normalization of relations between our two countries so that our veterans could come all the way home. I guarantee you, as president of the United States, I know how to heal the wounds of war, I know how to deal with our adversaries, and I know how to deal with our friends.",188,63,107,3,4,"(Jim, MIA, two, the United States)",55,"{'that', 'worked', 'jim', 'which', 'then', 'could', 'president', 'issue', 'fashion', 'did', 'sad', 'united', 'i', 'wounds', 'prison', 'badly', 'so', 'being', 'an', 'normalization', 'war', 'as', 'to', 'very', 'came', 'home', 'we', 'a', 'between', 'effort', 'know', 'how', 'you', 'in', 'with', 'on', 'bipartisan', 'heal', 'made', 'and', 'it', 'of', 'saw', 'me', 'the', 'all', 'way', 'come', 'from', 'our', 'deal', 'two', 'when', 'guarantee', 'resolve'}",169,8.5,7.5,6.0,empty,empty,empty,1.7333333333333334,292.93333333333334,12924,21231.97,"The speaker establishes credibility by referring to their personal experience with prison, veterans, and diplomatic efforts.",The speaker appeals to emotion by expressing sadness about veterans being poorly treated and the need to heal the wounds of war.,"The speaker uses logical reasoning by highlighting bipartisan success in resolving the POW-MIA issue and normalizing international relations, indicating an ability to address complex issues as president."
188,LEHRER,"And that ends this debate tonight. On October 2nd, next Thursday, also at 9:00 p.m. Eastern time, the two vice presidential candidates will debate at Washington University in St. Louis. My PBS colleague, Gwen Ifill, will be the moderator. For now, from Oxford, Mississippi, thank you, senators, both. I’m Jim Lehrer. Thank you, and good night. (APPLAUSE) END Transcription by: CQ Transcriptions/Morningside September 26, 2008 The First McCain-Obama Presidential Debate FIRST PRESIDENTIAL CANDIDATES’ DEBATETHE UNIVERSITY OF MISSISSIPPI, OXFORD MISSISSIPPI SPEAKERS: U.S. SENATOR JOHN MCCAIN (AZ)REPUBLICAN PRESIDENTIAL NOMINEE U. S. SENATOR BARACK OBAMA (IL)DEMOCRATIC PRESIDENTIAL NOMINEE JIM LEHREREXECUTIVE EDITOR AND ANCHOR, THE NEWSHOUR, PBS [*] LEHRER: Good evening from the Ford Center for the Performing Arts at the University of Mississippi in Oxford. I’m Jim Lehrer of the NewsHour on PBS, and I welcome you to the first of the 2008 presidential debates between the Republican nominee, Senator John McCain of Arizona, and the Democratic nominee, Senator Barack Obama of Illinois. The Commission on Presidential Debates is the sponsor of this event and the three other presidential and vice presidential debates coming in October. Tonight’s will primarily be about foreign policy and national security, which, by definition, includes the global financial crisis. It will be divided roughly into nine-minute segments. Direct exchanges between the candidates and moderator follow-ups are permitted after each candidate has two minutes to answer the lead question in an order determined by a coin toss. The specific subjects and questions were chosen by me. They have not been shared or cleared with anyone. The audience here in the hall has promised to remain silent, no cheers, no applause, no noise of any kind, except right now, as we welcome Senators Obama and McCain. (APPLAUSE) Let me begin with something General Eisenhower said in his 1952 presidential campaign. Quote, “We must achieve both security and solvency. In fact, the foundation of military strength is economic strength,” end quote. With that in mind, the first lead question. Gentlemen, at this very moment tonight, where do you stand on the financial recovery plan? First response to you, Senator Obama. You have two minutes.",189,63,434,23,52,"(tonight, October 2nd, next Thursday, 9:00 p.m. Eastern time, two, Washington University, St. Louis, PBS, Gwen Ifill, Oxford, Mississippi, Jim Lehrer, APPLAUSE, CQ Transcriptions, September 26, 2008, The First McCain-Obama Presidential Debate FIRST PRESIDENTIAL CANDIDATES’, OXFORD MISSISSIPPI, U.S., MCCAIN, JIM, NEWSHOUR, PBS, evening, the Ford Center for the Performing Arts, the University of Mississippi, Oxford, Jim Lehrer, NewsHour, PBS, first, 2008, Republican, John McCain, Arizona, Democratic, Barack Obama, Illinois, The Commission on Presidential Debates, three, October, Tonight, nine-minute, two minutes, Obama, McCain, Eisenhower, 1952, first, this very moment tonight, First, Obama, two minutes)",149,"{'begin', 'arizona', 'debate', 'which', 'determined', 'permitted', 'or', 'editor', 'eastern', 'september', 'coming', 'into', 'very', 'a', 'between', 'you', 'is', 'on', 'washington', 'his', 'it', 'crisis', 'must', 'economic', 'the', 'right', 'democratic', 'where', 'any', 'response', 'welcome', 'were', 'anyone', 'divided', 'military', 'direct', 'ford', 'louis', 'mind', 'question', 'are', 'as', 'illinois', 'october', 'each', 'plan', 'roughly', 'transcription', 'toss', 'center', 'hall', 'here', 'general', 'global', 'achieve', 'noise', 'definition', 'by', 'policy', 'next', 'now', 'answer', 'candidate', 'anchor', 'chosen', 'campaign', 'sponsor', 'commission', 'audience', 'security', 'that', 'financial', 'at', 'thursday', 'both', 'fact', 'be', 'mississippi', 'my', 'night', 'specific', 'colleague', 'good', 'said', 'nominee', 'with', 'remain', 'quote', 'and', 'been', 'end', 'university', 'oxford', 'of', 'not', 'thank', 'order', 'me', 'do', 'john', 'lead', 'have', 'they', 'two', 'foreign', 'about', 'three', 'senator', 'jim', 'republican', 'except', 'gwen', 'other', 'will', 'i', 'for', 'vice', 'silent', 'an', 'recovery', 'to', 'm', 'first', 'time', 'we', 'something', 'let', 'stand', 'in', 's', 'primarily', 'this', 'national', 'foundation', 'coin', 'no', 'after', 'presidential', 'solvency', 'kind', 'also', 'tonight', 'event', 'applause', 'moment', 'from', 'moderator', 'strength', 'evening'}",658,7.8,0.0,7.1,empty,empty,empty,1.4966666666666666,984.8066666666666,3367,4476.7733333333335,"The use of known public figures and authoritative sources, such as General Eisenhower and Jim Lehrer himself, establishes credibility.",,"The text provides a clear format for the debate and mentions relevant topics such as foreign policy, national security, and the financial crisis."
189,OBAMA,"Well, thank you very much, Jim, and thanks to the commission and the University of Mississippi, Ole Miss, for hosting us tonight. I can’t think of a more important time for us to talk about the future of the country. You know, we are at a defining moment in our history. Our nation is involved in two wars, and we are going through the worst financial crisis since the Great Depression. And although we’ve heard a lot about Wall Street, those of you on Main Street I think have been struggling for a while, and you recognize that this could have an impact on all sectors of the economy. And you’re wondering, how’s it going to affect me? How’s it going to affect my job? How’s it going to affect my house? How’s it going to affect my retirement savings or my ability to send my children to college? So we have to move swiftly, and we have to move wisely. And I’ve put forward a series of proposals that make sure that we protect taxpayers as we engage in this important rescue effort. Number one, we’ve got to make sure that we’ve got oversight over this whole process; $700 billion, potentially, is a lot of money. Number two, we’ve got to make sure that taxpayers, when they are putting their money at risk, have the possibility of getting that money back and gains, if the market — and when the market returns. Number three, we’ve got to make sure that none of that money is going to pad CEO bank accounts or to promote golden parachutes. And, number four, we’ve got to make sure that we’re helping homeowners, because the root problem here has to do with the foreclosures that are taking place all across the country. Now, we also have to recognize that this is a final verdict on eight years of failed economic policies promoted by George Bush, supported by Senator McCain, a theory that basically says that we can shred regulations and consumer protections and give more and more to the most, and somehow prosperity will trickle down. It hasn’t worked. And I think that the fundamentals of the economy have to be measured by whether or not the middle class is getting a fair shake. That’s why I’m running for president, and that’s what I hope we’re going to be talking about tonight.",190,64,484,19,14,"(Jim, the University of Mississippi, tonight, two, the Great Depression, Main Street, $700 billion, two, Number three, number four, eight years, George Bush, McCain, tonight)",173,"{'billion', 'president', 'those', 'think', 'or', 'move', 'sure', 'very', 'a', 'hosting', 'you', 'gains', 'is', 'on', 'it', 'crisis', 'economic', 'potentially', 'the', 'money', 'bank', 'all', 'because', 'make', 'promote', 'got', 'worked', 'prosperity', 'eight', 'class', 'job', 'lot', 'helping', 'while', 'recognize', 'so', 'are', 'important', 'involved', 'going', 'as', 'getting', 'fair', 'oversight', 'nation', 'back', 'effort', 'college', 'rescue', 'worst', 'over', 'here', 'depression', 'street', 'place', 'us', 'thanks', 'history', 'wondering', 'since', 'by', 'now', 'george', 'protect', 'commission', 'forward', 'send', 'ability', 'financial', 'that', 'at', 'retirement', 'future', 'although', 'great', 'put', 't', 'problem', 'be', 'pad', 'mississippi', 'taking', 'my', 'their', 'somehow', 'middle', 'know', 'house', 'with', 'across', 'root', 'golden', 'and', 'been', 'four', 'bush', 'market', 'of', 'university', 'give', 'much', 'not', 'thank', 'process', 'wall', 'me', 'engage', 'do', 'none', 'what', 'have', 'our', 'they', 'two', 'why', 'down', 'economy', 'hope', 'about', 'affect', 'three', 'senator', 'final', 'shred', 'jim', 'if', 'could', 'one', 'most', 'well', 'will', 'i', 'for', 'series', 'wisely', 'an', 'miss', 'basically', 'talking', 'verdict', 'to', 'number', 'talk', 'trickle', 'time', 're', 'm', 'we', 'struggling', 'running', 'how', 'impact', 'in', 's', 'whole', 'this', 'theory', 'through', 'shake', 'measured', 'whether', 'country', 'ole', 'also', 'more', 'tonight', 'main', 'possibility', 'moment', 'risk', 'can', 'consumer', 'when'}",690,7.0,7.5,8.5,empty,empty,empty,1.7666666666666666,1219.0,14412,24845.33,The speaker references his proposals and position as a presidential candidate to establish credibility.,The speaker appeals to the emotions of the audience by discussing the struggles of Main Street and the financial impact on their lives.,"The speaker uses a series of clear and specific proposals, as well as an analysis of the economic situation, to support his argument."
190,LEHRER,"Senator McCain, two minutes.",191,64,6,1,2,"(McCain, two minutes)",2,"{'two', 'senator'}",11,0.0,0.0,0.0,empty,empty,empty,1.0,11.0,3378,4487.7733333333335,,,
191,MCCAIN,"Well, thank you, Jim. And thanks to everybody. And I do have a sad note tonight. Senator Kennedy is in the hospital. He’s a dear and beloved friend to all of us. Our thoughts and prayers go out to the lion of the Senate. I also want to thank the University of Mississippi for hosting us tonight. And, Jim, I — I’ve been not feeling too great about a lot of things lately. So have a lot of Americans who are facing challenges. But I’m feeling a little better tonight, and I’ll tell you why. Because as we’re here tonight in this debate, we are seeing, for the first time in a long time, Republicans and Democrats together, sitting down, trying to work out a solution to this fiscal crisis that we’re in. And have no doubt about the magnitude of this crisis. And we’re not talking about failure of institutions on Wall Street. We’re talking about failures on Main Street, and people who will lose their jobs, and their credits, and their homes, if we don’t fix the greatest fiscal crisis, probably in — certainly in our time, and I’ve been around a little while. But the point is — the point is, we have finally seen Republicans and Democrats sitting down and negotiating together and coming up with a package. This package has transparency in it. It has to have accountability and oversight. It has to have options for loans to failing businesses, rather than the government taking over those loans. We have to — it has to have a package with a number of other essential elements to it. And, yes, I went back to Washington, and I met with my Republicans in the House of Representatives. And they weren’t part of the negotiations, and I understand that. And it was the House Republicans that decided that they would be part of the solution to this problem. But I want to emphasize one point to all Americans tonight. This isn’t the beginning of the end of this crisis. This is the end of the beginning, if we come out with a package that will keep these institutions stable. And we’ve got a lot of work to do. And we’ve got to create jobs. And one of the areas, of course, is to eliminate our dependence on foreign oil.",192,64,472,28,27,"(Jim, tonight, Kennedy, Senate, the University of Mississippi, tonight, Jim, Americans, tonight, tonight, first, Republicans, Democrats, Main Street, Republicans, Democrats, Washington, Republicans, the House of Representatives, House, Republicans, one, Americans, tonight, the beginning of the end, the end of the beginning, one)",149,"{'doubt', 'beginning', 'debate', 'those', 'sad', 'transparency', 'coming', 'than', 'emphasize', 'a', 'certainly', 'failure', 'hosting', 'you', 'is', 'lose', 'on', 'washington', 'solution', 'too', 'it', 'crisis', 'everybody', 'accountability', 'these', 'understand', 'the', 'friend', 'all', 'because', 'go', 'tell', 'magnitude', 'got', 'eliminate', 'hospital', 'sitting', 'but', 'senate', 'met', 'lot', 'while', 'so', 'are', 'feeling', 'failing', 'as', 'oversight', 'people', 'back', 'little', 'over', 'here', 'street', 'us', 'thanks', 'was', 'out', 'that', 'oil', 'seen', 'government', 'went', 'note', 'essential', 'great', 'together', 'better', 't', 'problem', 'be', 'mississippi', 'taking', 'my', 'seeing', 'around', 'their', 'don', 'house', 'with', 'work', 'up', 'package', 'and', 'been', 'end', 'course', 'keep', 'of', 'university', 'not', 'lion', 'thank', 'fiscal', 'dependence', 'wall', 'do', 'want', 'come', 'have', 'our', 'they', 'why', 'dear', 'down', 'foreign', 'about', 'create', 'senator', 'jim', 'who', 'if', 'one', 'he', 'well', 'fix', 'other', 'will', 'i', 'for', 'decided', 'lately', 'talking', 'to', 'm', 'first', 'long', 'time', 're', 'number', 'we', 'in', 's', 'this', 'beloved', 'trying', 'finally', 'no', 'facing', 'part', 'would', 'also', 'tonight', 'main', 'yes', 'point', 'stable', 'probably', 'rather'}",676,7.2,8.0,6.5,empty,empty,empty,1.7233333333333332,1164.9733333333331,13600,22396.943333333333,"The speaker evokes credibility by expressing concern for Senator Kennedy, appreciation to the University of Mississippi, and sharing personal feelings.",The emotional appeal is strong as the speaker shows empathy towards struggling Americans and references the need for unity during the fiscal crisis.,"The speaker presents logical points such as the need for transparency, accountability, oversight, and alternative solutions, but could provide more detailed explanations."
192,LEHRER,"All right, let’s go back to my question. How do you all stand on the recovery plan? And talk to each other about it. We’ve got five minutes. We can negotiate a deal right here. But, I mean, are you — do you favor this plan, Senator Obama, and you, Senator McCain? Do you — are you in favor of this plan?",193,65,79,7,4,"(’s, five minutes, Obama, McCain)",40,"{'about', 'got', 'senator', 'but', 'other', 'i', 'question', 'recovery', 'my', 'are', 'to', 'plan', 'talk', 'each', 'back', 'a', 'we', 'let', 'how', 'you', 'stand', 's', 'negotiate', 'on', 'mean', 'in', 'favor', 'this', 'and', 'it', 'here', 'of', 'the', 'right', 'do', 'all', 'five', 'can', 'go', 'deal'}",130,4.5,1.0,5.5,empty,empty,empty,1.3666666666666667,177.66666666666666,3508,4665.44,The speaker establishes some Ethos by addressing the candidates as senators and inviting them to discuss a crucial matter.,"There's a slight Pathos appeal in the suggestion of negotiation and reaching a deal, but the emotional aspect is minimal.",The Logos appeal is present in the question's focus on the candidates' stance on a specific policy and the request for them to engage in a reasoned discussion.
193,OBAMA,"We haven’t seen the language yet. And I do think that there’s constructive work being done out there. So, for the viewers who are watching, I am optimistic about the capacity of us to come together with a plan. The question, I think, that we have to ask ourselves is, how did we get into this situation in the first place? Two years ago, I warned that, because of the subprime lending mess, because of the lax regulation, that we were potentially going to have a problem and tried to stop some of the abuses in mortgages that were taking place at the time. Last year, I wrote to the secretary of the Treasury to make sure that he understood the magnitude of this problem and to call on him to bring all the stakeholders together to try to deal with it. So — so the question, I think, that we’ve got to ask ourselves is, yes, we’ve got to solve this problem short term. And we are going to have to intervene; there’s no doubt about that. But we’re also going to have to look at, how is it that we shredded so many regulations? We did not set up a 21st-century regulatory framework to deal with these problems. And that in part has to do with an economic philosophy that says that regulation is always bad.",194,65,267,11,5,"(first, Two years ago, Last year, Treasury, 21st-century)",109,"{'stop', 'doubt', 'think', 'try', 'regulatory', 'sure', 'into', 'a', 'there', 'short', 'is', 'on', 'it', 'intervene', 'set', 'these', 'lax', 'economic', 'potentially', 'philosophy', 'the', 'because', 'all', 'make', 'framework', 'were', 'deal', 'language', 'magnitude', 'got', 'but', 'did', 'question', 'so', 'are', 'capacity', 'going', 'treasury', 'plan', 'yet', 'him', 'many', 'ourselves', 'place', 'us', 'haven', 'last', 'constructive', 'tried', 'out', 'that', 'ask', 'at', 'seen', 'am', 'regulation', 'together', 't', 'problem', 'taking', 'being', 'optimistic', 'with', 'work', 'secretary', 'up', 'and', 'look', 'of', 'watching', 'not', 'year', 'ago', 'do', 'come', 'have', 'two', 'about', 'situation', 'who', 'bad', 'understood', 'he', 'wrote', 'i', 'for', 'done', 'an', 'to', 'first', 'time', 're', 'we', 'always', 'how', 'in', 's', 'solve', 'this', 'no', 'get', 'part', 'also', 'yes', 'call', 'bring', 'mess', 'some', 'term'}",392,7.8,2.5,8.5,empty,empty,empty,1.6266666666666667,637.6533333333333,14804,25482.983333333334,The speaker establishes credibility by mentioning their past actions to address the problem of subprime lending and regulation.,The speaker's optimism about the capacity to come together with a plan evokes a sense of hope and unity.,The speaker provides a logical argument by pointing out the lack of a 21st-century regulatory framework and connecting it with an economic philosophy that dismisses regulation.
194,LEHRER,"Are you going to vote for the plan, Senator McCain?",195,66,12,1,1,"(McCain,)",9,"{'you', 'the', 'senator', 'are', 'going', 'to', 'plan', 'vote', 'for'}",23,0.0,4.5,4.0,empty,empty,empty,1.2833333333333332,29.516666666666666,3531,4694.956666666667,,This question creates an emotional appeal by putting pressure on Senator McCain to give a direct answer.,"The question is somewhat logical, as it requests a yes or no answer regarding support for the plan."
195,MCCAIN,I — I hope so. And I…,196,65,8,2,0,(),4,"{'hope', 'and', 'i', 'so'}",14,0.0,2.5,0.0,empty,empty,empty,1.0833333333333333,15.166666666666666,13614,22412.11,,"There is a slight emotional appeal due to expressing hope, but the content is too minimal for a stronger impact.",
196,LEHRER,As a United States senator…,197,67,5,1,1,"(United States,)",3,"{'united', 'a', 'as'}",10,7.5,1.0,0.0,empty,empty,empty,1.2833333333333332,12.833333333333332,3541,4707.79,The speaker's position as a United States senator establishes credibility and expertise on the topic.,The statement marginally evokes an emotional connection by invoking a sense of national pride or duty.,
197,MCCAIN,Sure.,198,66,2,1,0,(),1,{'sure'},4,0.0,0.0,0.0,empty,empty,empty,1.0,4.0,13618,22416.11,,,
198,LEHRER,… you’re going to vote for the plan?,199,68,11,1,0,(),8,"{'you', 'the', 'going', 'to', 'plan', 'vote', 're', 'for'}",20,0.0,1.0,0.0,empty,empty,empty,1.0333333333333334,20.666666666666668,3561,4728.456666666667,,It mildly evokes a sense of responsibility by trying to convince the listener with a rhetorical question.,
199,MCCAIN,"Sure. But — but let me — let me point out, I also warned about Fannie Mae and Freddie Mac and warned about corporate greed and excess, and CEO pay, and all that. A lot of us saw this train wreck coming. But there’s also the issue of responsibility. You’ve mentioned President Dwight David Eisenhower. President Eisenhower, on the night before the Normandy invasion, went into his room, and he wrote out two letters. One of them was a letter congratulating the great members of the military and allies that had conducted and succeeded in the greatest invasion in history, still to this day, and forever. And he wrote out another letter, and that was a letter of resignation from the United States Army for the failure of the landings at Normandy. Somehow we’ve lost that accountability. I’ve been heavily criticized because I called for the resignation of the chairman of the Securities and Exchange Commission. We’ve got to start also holding people accountable, and we’ve got to reward people who succeed. But somehow in Washington today — and I’m afraid on Wall Street — greed is rewarded, excess is rewarded, and corruption — or certainly failure to carry out our responsibility is rewarded. As president of the United States, people are going to be held accountable in my administration. And I promise you that that will happen.",200,67,269,14,15,"(Fannie Mae, Freddie Mac, Dwight David Eisenhower, Eisenhower, the night, Normandy, two, One, this day, the United States Army, Normandy., the Securities and Exchange Commission, Washington, today, the United States)",109,"{'administration', 'forever', 'president', 'or', 'coming', 'sure', 'into', 'a', 'there', 'had', 'failure', 'certainly', 'start', 'you', 'room', 'is', 'on', 'his', 'washington', 'succeed', 'accountability', 'heavily', 'saw', 'before', 'the', 'all', 'because', 'military', 'david', 'today', 'got', 'afraid', 'but', 'day', 'mae', 'lot', 'greed', 'are', 'going', 'as', 'people', 'mac', 'freddie', 'street', 'allies', 'us', 'history', 'army', 'still', 'commission', 'was', 'out', 'that', 'at', 'train', 'went', 'lost', 'great', 'another', 'them', 'exchange', 'be', 'my', 'night', 'promise', 'somehow', 'excess', 'pay', 'and', 'been', 'carry', 'of', 'me', 'wall', 'holding', 'accountable', 'our', 'two', 'corporate', 'resignation', 'about', 'happen', 'dwight', 'who', 'responsibility', 'one', 'issue', 'he', 'wrote', 'united', 'will', 'i', 'for', 'to', 'm', 'we', 'let', 'chairman', 'in', 's', 'this', 'letter', 'reward', 'also', 'invasion', 'point', 'corruption', 'from', 'wreck'}",407,8.5,7.0,7.5,empty,empty,empty,1.7666666666666666,719.0333333333333,14025,23135.143333333333,The speaker establishes credibility by referring to their previous warnings and demonstrating historical knowledge of President Eisenhower's actions as an example of responsibility.,"The Normandy invasion anecdote invokes sentiments of responsibility, valor, and accountability while emphasizing the importance of holding people accountable in government and business.","The speaker presents a logical argument that the current culture rewards greed and excess, and calls for a shift in this paradigm by promising accountability in their administration."
200,LEHRER,"Do you have something directly to say, Senator Obama, to Senator McCain about what he just said?",201,69,20,1,2,"(Obama, McCain)",13,"{'about', 'you', 'senator', 'do', 'just', 'he', 'what', 'have', 'to', 'say', 'directly', 'something', 'said'}",36,2.0,0.0,4.0,empty,empty,empty,1.2,43.199999999999996,3597,4771.656666666667,The question mildly establishes the speaker's credibility by positively acknowledging Senator Obama's position.,,The speaker uses logical structure by asking Senator Obama to directly address Senator McCain's statement.
201,OBAMA,"Well, I think Senator McCain’s absolutely right that we need more responsibility, but we need it not just when there’s a crisis. I mean, we’ve had years in which the reigning economic ideology has been what’s good for Wall Street, but not what’s good for Main Street. And there are folks out there who’ve been struggling before this crisis took place. And that’s why it’s so important, as we solve this short-term problem, that we look at some of the underlying issues that have led to wages and incomes for ordinary Americans to go down, the — a health care system that is broken, energy policies that are not working, because, you know, 10 days ago, John said that the fundamentals of the economy are sound.",202,66,158,4,6,"(McCain, years, Main Street, Americans, 10 days ago, John)",77,"{'which', 'think', 'ideology', 'took', 'health', 'a', 'there', 'had', 'ordinary', 'you', 'is', 'just', 'it', 'crisis', 'need', 'economic', 'before', 'the', 'right', 'led', 'because', 'go', 'but', 'days', 'underlying', 'so', 'are', 'important', 'as', 'working', 'street', 'place', 'out', 'that', 'at', 'system', 'sound', 'problem', 'wages', 'good', 'know', 'said', 'broken', 'and', 'been', 'look', 'care', 'of', 'not', 'wall', 'ago', 'what', 'john', 'have', 'why', 'down', 'economy', 'absolutely', 'senator', 'who', 'responsibility', 'energy', 'well', 'i', 'for', 'to', 'we', 'struggling', 'mean', 'in', 's', 'solve', 'this', 'more', 'main', 'some', 'when'}",245,7.5,6.5,8.0,empty,empty,empty,1.7333333333333334,424.6666666666667,15049,25907.65,The speaker shows credibility and rationality by agreeing with Senator McCain on the need for responsibility.,"Emotion is evoked by relating the issue to 'ordinary Americans' who struggle, connecting the audience with Main Street's hardships.","The speaker uses logical reasoning to introduce underlying issues, such as the health care system, energy policies, and wage stagnation, as factors contributing to the problem."
202,LEHRER,Say it directly to him.,203,70,6,1,0,(),5,"{'him', 'it', 'to', 'say', 'directly'}",12,3.0,3.0,2.0,empty,empty,empty,1.2666666666666666,15.2,3609,4786.856666666667,"The phrase implies a demand for transparency and honesty, garnering some credibility.",This statement may evoke an emotional response from the audience as it highlights confrontation.,"As a simple directive, there's minimal logical appeal in the statement."
203,OBAMA,I do not think that they are.,204,67,8,1,0,(),7,"{'that', 'do', 'are', 'they', 'think', 'not', 'i'}",16,0.0,0.0,0.0,empty,empty,empty,1.0,16.0,15065,25923.65,,,
204,LEHRER,Say it directly to him.,205,71,6,1,0,(),5,"{'him', 'it', 'to', 'say', 'directly'}",12,0.0,2.5,0.0,empty,empty,empty,1.0833333333333333,13.0,3621,4799.856666666667,,"This short phrase encourages the speaker to be forthright and honest, which can create an emotional connection with the audience.",
205,OBAMA,"Well, the — John, 10 days ago, you said that the fundamentals of the economy are sound. And…",206,68,22,2,1,"(10 days ago,)",12,"{'you', 'the', 'that', 'ago', 'are', 'sound', 'john', 'well', 'of', 'days', 'economy', 'said'}",37,4.8,2.1,7.4,empty,empty,empty,1.4766666666666666,54.63666666666666,15102,25978.286666666667,"The speaker shows some credibility by referring to a statement made by John, displaying knowledge of the topic.",The snippet mildly appeals to listener's emotions by drawing their attention to potential concerns or issues with the economy.,"The mention of a specific time frame and a contradicted opinion brings strong logical appeal, setting up a reasonable discussion."
206,MCCAIN,Are you afraid I couldn’t hear him? (LAUGHTER),207,68,13,2,0,(),8,"{'you', 'laughter', 'are', 'afraid', 'him', 'hear', 't', 'i'}",23,1.0,1.0,0.0,empty,empty,empty,1.0666666666666667,24.53333333333333,14048,23159.676666666666,"The speakers is referring to their own ability to hear, so there is minimal establishment of credibility.","Laughter implies an attempt to evoke an emotional response, although it is very limited in this snippet.",
207,LEHRER,I’m just determined to get you all to talk to each other. I’m going to try.,208,72,22,2,0,(),13,"{'talk', 'you', 'try', 'just', 'all', 'determined', 'going', 'to', 'm', 'get', 'other', 'each', 'i'}",37,7.7,8.5,2.5,empty,empty,empty,1.6233333333333333,60.06333333333333,3658,4859.92,The speaker positions themselves as an assertive and dedicated mediator.,The pursuit of unity through communication appeals to the audience's emotions.,There is a minimal use of logic or argumentation in the statement.
208,OBAMA,"The — and I just fundamentally disagree. And unless we are holding ourselves accountable day in, day out, not just when there’s a crisis for folks who have power and influence and can hire lobbyists, but for the nurse, the teacher, the police officer, who, frankly, at the end of each month, they’ve got a little financial crisis going on. They’re having to take out extra debt just to make their mortgage payments. We haven’t been paying attention to them. And if you look at our tax policies, it’s a classic example.",209,69,117,5,1,"(the end of each month,)",67,"{'nurse', 'out', 'got', 'financial', 'at', 'who', 'day', 'but', 'if', 'extra', 'officer', 'month', 't', 'attention', 'i', 'unless', 'for', 'paying', 'them', 'classic', 'police', 'debt', 'are', 'their', 'going', 'to', 'each', 'take', 're', 'a', 'there', 'we', 'little', 'tax', 'you', 'in', 's', 'power', 'influence', 'on', 'example', 'just', 'hire', 'and', 'been', 'end', 'it', 'crisis', 'look', 'of', 'frankly', 'ourselves', 'not', 'disagree', 'the', 'haven', 'holding', 'teacher', 'fundamentally', 'accountable', 'make', 'have', 'can', 'our', 'they', 'when', 'mortgage'}",190,6.5,7.0,6.0,empty,empty,empty,1.65,313.5,15292,26291.786666666667,The speaker establishes themselves as someone with a clear and opposing perspective on the issue.,"The emotional appeal is strong by emphasizing the struggle of everyday workers like nurses, teachers, and police officers in their financial situations.",The speaker uses the example of tax policies to provide logical reasoning behind their claim of unequal attention given to different social groups.
209,LEHRER,"So, Senator McCain, do you agree with what Senator Obama just said? And, if you don’t, tell him what you disagree with.",210,73,30,2,2,"(McCain, Obama)",16,"{'tell', 'with', 'you', 'agree', 'senator', 'do', 'so', 'just', 't', 'if', 'and', 'him', 'what', 'don', 'disagree', 'said'}",50,0.0,0.0,6.7,empty,empty,empty,1.2233333333333334,61.16666666666667,3708,4921.086666666667,,,"The snippet requests a logical rebuttal or agreement from Senator McCain, but lacks appeal to character or emotions."
210,MCCAIN,"No, I — look, we’ve got to fix the system. We’ve got fundamental problems in the system. And Main Street is paying a penalty for the excesses and greed in Washington, D.C., and in the Wall Street. So there’s no doubt that we have a long way to go. And, obviously, stricter interpretation and consolidation of the various regulatory agencies that weren’t doing their job, that has brought on this crisis. But I have a fundamental belief in the goodness and strength of the American worker. And the American worker is the most productive, the most innovative. America is still the greatest producer, exporter and importer. But we’ve got to get through these times, but I have a fundamental belief in the United States of America. And I still believe, under the right leadership, our best days are ahead of us.",211,69,173,10,7,"(Main Street, Washington, D.C., American, American, America, the United States of America)",74,"{'got', 'doubt', 'that', 'but', 'system', 'most', 'fix', 'best', 'fundamental', 't', 'job', 'united', 'paying', 'for', 'i', 'days', 'leadership', 'so', 'greed', 'regulatory', 'believe', 'interpretation', 'are', 'ahead', 'various', 'exporter', 'their', 'importer', 'to', 'long', 'brought', 'a', 'we', 'there', 'in', 'is', 's', 'consolidation', 'on', 'goodness', 'productive', 'this', 'washington', 'america', 'and', 'doing', 'through', 'worker', 'crisis', 'look', 'no', 'obviously', 'of', 'street', 'get', 'these', 'times', 'us', 'penalty', 'producer', 'under', 'the', 'wall', 'right', 'main', 'belief', 'american', 'way', 'have', 'strength', 'still', 'go', 'our', 'innovative'}",264,7.5,6.9,5.8,empty,empty,empty,1.6733333333333333,441.76,14312,23601.436666666665,The speaker establishes credibility and trust by addressing the need for fundamental changes and expressing their belief in the American worker.,The speaker appeals to emotions with phrases like 'Main Street is paying a penalty' and 'our best days are ahead of us'.,The speaker uses logical reasoning by discussing the necessity for stricter interpretation and consolidation of regulatory agencies to improve the system.
211,LEHRER,"All right, let’s go to the next lead question, which is essentially following up on this same subject. And you get two minutes to begin with, Senator McCain. And using your word “fundamental,” are there fundamental differences between your approach and Senator Obama’s approach to what you would do as president to lead this country out of the financial crisis?",212,74,73,3,4,"(’s, two minutes, McCain, Obama)",43,"{'begin', 'out', 'financial', 'senator', 'approach', 'word', 'which', 'president', 'your', 'fundamental', 'question', 'are', 'as', 'to', 'there', 'between', 'let', 'with', 'you', 's', 'is', 'on', 'this', 'up', 'and', 'crisis', 'get', 'of', 'essentially', 'would', 'country', 'the', 'right', 'do', 'next', 'all', 'following', 'subject', 'what', 'lead', 'go', 'two', 'same'}",123,6.0,2.0,7.0,empty,empty,empty,1.5,184.5,3831,5105.586666666667,The speaker establishes ethos by addressing both candidates equally and selecting the keyword 'fundamental' from their arguments.,Some level of pathos is achieved via expressing the desire to lead the country out of the crisis.,Logos is used by focusing on the contrast between two candidates' approaches and posing a clear question about their potential presidential actions.
212,MCCAIN,"Well, the first thing we have to do is get spending under control in Washington. It’s completely out of control. It’s gone — we have now presided over the largest increase in the size of government since the Great Society. We Republicans came to power to change government, and government changed us. And the — the worst symptom on this disease is what my friend, Tom Coburn, calls earmarking as a gateway drug, because it’s a gateway. It’s a gateway to out-of-control spending and corruption. And we have former members of Congress now residing in federal prison because of the evils of this earmarking and pork-barrel spending. You know, we spent $3 million to study the DNA of bears in Montana. I don’t know if that was a criminal issue or a paternal issue, but the fact is that it was $3 million of our taxpayers’ money. And it has got to be brought under control. As president of the United States, I want to assure you, I’ve got a pen. This one’s kind of old. I’ve got a pen, and I’m going to veto every single spending bill that comes across my desk. I will make them famous. You will know their names. Now, Senator Obama, you wanted to know one of the differences. He has asked for $932 million of earmark pork-barrel spending, nearly a million dollars for every day that he’s been in the United States Senate. I suggest that people go up on the Web site of Citizens Against Government Waste, and they’ll look at those projects. That kind of thing is not the way to rein in runaway spending in Washington, D.C. That’s one of the fundamental differences that Senator Obama and I have.",213,70,351,19,20,"(first, Washington, the Great Society, Republicans, Tom Coburn, Congress, $3 million, Montana, $3 million, the United States, Obama, $932 million, nearly a million dollars, every day, the United States, Senate, Citizens Against Government Waste, Washington, D.C., Obama)",123,"{'comes', 'president', 'symptom', 'those', 'society', 'or', 'drug', 'a', 'spent', 'you', 'is', 'on', 'washington', 'nearly', 'it', 'web', 'the', 'money', 'friend', 'because', 'make', 'go', 'size', 'bill', 'got', 'old', 'disease', 'but', 'day', 'senate', 'fundamental', 'million', 'as', 'going', 'brought', 'came', 'people', 'single', 'thing', 'control', 'worst', 'over', 'desk', 'spending', 'change', 'us', 'under', 'since', 'assure', 'now', 'rein', 'site', 'every', 'was', 'out', 'that', 'criminal', 'at', 'suggest', 'study', 'government', 'great', 't', 'fact', 'prison', 'be', 'them', 'my', 'paternal', 'their', 'don', 'pen', 'against', 'know', 'across', 'power', 'montana', 'up', 'and', 'been', 'look', 'of', 'not', 'do', 'former', 'want', 'what', 'way', 'have', 'our', 'they', 'veto', 'completely', 'senator', 'if', 'one', 'issue', 'he', 'gone', 'well', 'tom', 'united', 'will', 'i', 'for', 'famous', 'gateway', 'runaway', 'to', 'first', 'm', 'earmark', 'we', 'in', 's', 'this', 'increase', 'get', 'congress', 'federal', 'waste', 'kind', 'corruption'}",513,7.7,4.7,7.4,empty,empty,empty,1.6600000000000001,851.58,14825,24453.016666666666,"The speaker establishes credibility by referencing their Republican background, their friend Tom Coburn, and their intention to veto excessive spending bills.","The speaker evokes emotion through anecdotes about corruption and wasteful spending, such as the bear DNA study.","The speaker presents a clear argument with specific figures, like the $932 million requested by their opponent, and a suggested resource to further examine the issue."
213,LEHRER,"Senator Obama, two minutes.",214,75,6,1,2,"(Obama, two minutes)",2,"{'two', 'senator'}",11,0.0,0.0,0.0,empty,empty,empty,1.0,11.0,3842,5116.586666666667,,,
214,OBAMA,"Well, Senator McCain is absolutely right that the earmarks process has been abused, which is why I suspended any requests for my home state, whether it was for senior centers or what have you, until we cleaned it up. And he’s also right that oftentimes lobbyists and special interests are the ones that are introducing these kinds of requests, although that wasn’t the case with me. But let’s be clear: Earmarks account for $18 billion in last year’s budget. Senator McCain is proposing — and this is a fundamental difference between us — $300 billion in tax cuts to some of the wealthiest corporations and individuals in the country, $300 billion. Now, $18 billion is important; $300 billion is really important. And in his tax plan, you would have CEOs of Fortune 500 companies getting an average of $700,000 in reduced taxes, while leaving 100 million Americans out. So my attitude is, we’ve got to grow the economy from the bottom up. What I’ve called for is a tax cut for 95 percent of working families, 95 percent. And that means that the ordinary American out there who’s collecting a paycheck every day, they’ve got a little extra money to be able to buy a computer for their kid, to fill up on this gas that is killing them. And over time, that, I think, is going to be a better recipe for economic growth than the — the policies of President Bush that John McCain wants to — wants to follow.",215,70,302,10,18,"(McCain, $18 billion, last year’s, McCain, $300 billion, $300 billion, $18 billion, $300 billion, Fortune 500, 700,000, 100 million, Americans, 95 percent, 95 percent, American, every day, Bush, John McCain)",120,"{'billion', 'which', 'president', 'think', 'average', 'or', 'percent', 'special', 'than', 'a', 'there', 'able', 'between', 'tax', 'case', 'you', 'ordinary', 'is', 'computer', 'on', 'his', 'recipe', 'it', 'these', 'economic', 'the', 'oftentimes', 'right', 'money', 'difference', 'any', 'senior', 'got', 'gas', 'suspended', 'but', 'day', 'fundamental', 'while', 'so', 'are', 'important', 'account', 'getting', 'million', 'plan', 'going', 'grow', 'working', 'little', 'fortune', 'clear', 'over', 'cut', 'us', 'last', 'now', 'attitude', 'every', 'was', 'out', 'that', 'growth', 'although', 'extra', 't', 'fill', 'better', 'be', 'them', 'follow', 'my', 'state', 'their', 'home', 'buy', 'with', 'up', 'and', 'been', 'leaving', 'bush', 'killing', 'of', 'process', 'me', 'year', 'really', 'what', 'john', 'have', 'bottom', 'they', 'why', 'economy', 'absolutely', 'senator', 'budget', 'who', 'he', 'well', 'until', 'i', 'for', 'an', 'to', 'time', 'we', 'let', 'in', 's', 'this', 'reduced', 'whether', 'would', 'country', 'also', 'american', 'from', 'some'}",450,7.8,8.5,8.3,empty,empty,empty,1.82,819.0,15742,27110.786666666667,The speaker establishes credibility by acknowledging the issue with earmarks and his personal actions to suspend requests for his home state.,The speaker uses pathos by mentioning the struggle of ordinary Americans with expenses like gas and their aspiration to provide better opportunities for their children.,The speaker uses logos by contrasting the amount spent on earmarks with the proposed tax cuts for the wealthy and arguing for a more balanced and fair approach to economic growth.
215,LEHRER,Senator McCain?,216,76,3,1,1,"(McCain,)",1,{'senator'},6,0.0,0.0,0.0,empty,empty,empty,1.0,6.0,3848,5122.586666666667,,,
216,MCCAIN,"Well, again, I don’t mean to go back and forth, but he… (CROSSTALK)",217,71,20,1,1,"(CROSSTALK,)",12,"{'mean', 'but', 'don', 'and', 'again', 'well', 'to', 'go', 'back', 't', 'forth', 'i'}",34,0.0,0.0,0.0,empty,empty,empty,1.0,34.0,14859,24487.016666666666,,,
217,LEHRER,"No, that’s fine.",218,77,7,1,0,(),4,"{'fine', 's', 'that', 'no'}",12,0.0,0.0,0.0,empty,empty,empty,1.0,12.0,3860,5134.586666666667,,,
218,MCCAIN,"Senator Obama suspended those requests for pork-barrel projects after he was running for president of the United States. He didn’t happen to see that light during the first three years as a member of the United States Senate, $932 million in requests. Maybe to Senator Obama it’s not a lot of money. But the point is that — you see, I hear this all the time. “It’s only $18 billion.” Do you know that it’s tripled in the last five years? Do you know that it’s gone completely out of control to the point where it corrupts people? It corrupts people. That’s why we have, as I said, people under federal indictment and charges. It’s a system that’s got to be cleaned up. I have fought against it my career. I have fought against it. I was called the sheriff, by the — one of the senior members of the Appropriations Committee. I didn’t win Miss Congeniality in the United States Senate. Now, Senator Obama didn’t mention that, along with his tax cuts, he is also proposing some $800 billion in new spending on new programs. Now, that’s a fundamental difference between myself and Senator Obama. I want to cut spending. I want to keep taxes low. The worst thing we could do in this economic climate is to raise people’s taxes.",219,72,278,18,15,"(Obama, the United States, the first three years, United States, Senate, $932 million, Obama, only $18 billion, the last five years, the Appropriations Committee, United States, Senate, Obama, some $800 billion, Obama)",103,"{'billion', 'president', 'those', 'a', 'sheriff', 'between', 'tax', 'you', 'is', 'on', 'his', 'it', 'economic', 'the', 'money', 'where', 'all', 'difference', 'senior', 'got', 'win', 'maybe', 'suspended', 'but', 'senate', 'fundamental', 'lot', 'light', 'fought', 'million', 'as', 'people', 'thing', 'control', 'only', 'worst', 'spending', 'myself', 'cut', 'under', 'by', 'last', 'now', 'low', 'was', 'out', 'that', 'system', 't', 'be', 'during', 'my', 'along', 'against', 'know', 'said', 'with', 'up', 'and', 'member', 'keep', 'of', 'not', 'climate', 'do', 'want', 'have', 'why', 'indictment', 'happen', 'three', 'senator', 'completely', 'could', 'one', 'he', 'gone', 'hear', 'united', 'i', 'for', 'congeniality', 'miss', 'mention', 'to', 'first', 'time', 'running', 'we', 'new', 'see', 'in', 's', 'this', 'raise', 'after', 'federal', 'also', 'committee', 'point', 'career', 'five', 'some'}",414,7.7,6.5,7.0,empty,empty,empty,1.7066666666666666,706.56,15273,25193.576666666668,The speaker establishes credibility by discussing their personal experiences and record in fighting against wasteful spending.,The speaker appeals to the audience's emotions by describing the corruption in the system and the negative consequences of excessive spending.,The speaker provides specific numbers and facts to illustrate differences in spending behavior and policies between themselves and their opponent.
219,OBAMA,"I — I don’t know where John is getting his figures. Let’s just be clear. What I do is I close corporate loopholes, stop providing tax cuts to corporations that are shipping jobs overseas so that we’re giving tax breaks to companies that are investing here in the United States. I make sure that we have a health care system that allows for everyone to have basic coverage. I think those are pretty important priorities. And I pay for every dime of it. But let’s go back to the original point. John, nobody is denying that $18 billion is important. And, absolutely, we need earmark reform. And when I’m president, I will go line by line to make sure that we are not spending money unwisely. But the fact is that eliminating earmarks alone is not a recipe for how we’re going to get the middle class back on track.",220,71,179,11,4,"(John, the United States, John, $18 billion)",86,"{'stop', 'billion', 'president', 'those', 'think', 'sure', 'health', 'line', 'original', 'a', 'tax', 'is', 'on', 'just', 'his', 'recipe', 'it', 'need', 'the', 'money', 'where', 'make', 'go', 'overseas', 'but', 'class', 'so', 'are', 'important', 'getting', 'going', 'back', 'clear', 'spending', 'here', 'dime', 'by', 'shipping', 'every', 'close', 'reform', 'track', 'alone', 'that', 'everyone', 'system', 't', 'fact', 'be', 'pretty', 'middle', 'don', 'know', 'pay', 'coverage', 'providing', 'and', 'care', 'of', 'not', 'do', 'giving', 'john', 'what', 'have', 'corporate', 'absolutely', 'nobody', 'united', 'will', 'i', 'for', 'basic', 'to', 'earmark', 'm', 're', 'we', 'let', 'how', 'in', 's', 'unwisely', 'get', 'point', 'when'}",280,7.0,7.5,8.5,empty,empty,empty,1.7666666666666666,494.66666666666663,16022,27605.453333333335,"The speaker demonstrates knowledge and rationality, increasing credibility.",The speaker makes use of empathetic phrases such as 'get the middle class back on track' to appeal to the emotions of the audience.,The speaker uses logical connections such as healthcare and closing corporate loopholes to support prioritized spending.
220,OBAMA,"And when you look at your tax policies that are directed primarily at those who are doing well, and you are neglecting people who are really struggling right now, I think that is a continuation of the last eight years, and we can’t afford another four.",221,72,52,1,2,"(the last eight years, four)",35,"{'that', 'at', 'who', 'afford', 'eight', 'those', 'well', 'your', 'another', 'think', 't', 'i', 'are', 'people', 'a', 'struggling', 'we', 'tax', 'you', 'is', 'primarily', 'continuation', 'directed', 'and', 'doing', 'four', 'look', 'of', 'really', 'the', 'right', 'last', 'now', 'can', 'when'}",90,7.1,8.0,6.9,empty,empty,empty,1.7333333333333334,156.0,16112,27761.453333333335,The speaker establishes their credibility by showing a deep understanding of the current tax policies and their impact.,"By highlighting the neglect of struggling people and the potential continuation of their struggles, the speaker evokes empathy and emotional response from the audience.","The logical argument is that the previous eight years' policies have been detrimental to the underprivileged, and another four years with similar policies would be harmful."
221,LEHRER,"Respond directly to him about that, to Senator Obama about that, about the — he’s made it twice now, about your tax — your policies about tax cuts.",222,78,34,1,1,"(Obama,)",16,"{'about', 'tax', 'the', 'that', 'senator', 's', 'him', 'made', 'twice', 'now', 'he', 'it', 'to', 'your', 'respond', 'directly'}",52,1.0,2.0,4.5,empty,empty,empty,1.25,65.0,3912,5199.586666666667,The reference to Senator Obama lends some credibility.,The statement attempts to invoke a emotional response to unfair tax policies.,The insistence on discussing tax policies provides a logical topic of debate.
222,MCCAIN,"Well — well, let me give you an example of what Senator Obama finds objectionable, the business tax. Right now, in the United States of America, business pays the second-highest business taxes in the world, 35 percent. Ireland pays 11 percent. Now, if you’re a business person, and you can locate any place in the world, then, obviously, if you go to the country where it’s 11 percent tax versus 35 percent, you’re going to be able to create jobs, increase your business, make more investment, et cetera. I want to cut that business tax. I want to cut it so that businesses will remain in — in the United States of America and create jobs. But, again, I want to return. It’s a lot more than $18 billion in pork-barrel spending. I can tell you, it’s rife. It’s throughout. The United States Senate will take up a continuing resolution tomorrow or the next day, sometime next week, with 2,000 — 2,000 — look at them, my friends. Look at them. You’ll be appalled. And Senator Obama is a recent convert, after requesting $932 million worth of pork-barrel spending projects. So the point is, I want people to have tax cuts. I want every family to have a $5,000 refundable tax credit so they can go out and purchase their own health care. I want to double the dividend from $3,500 to $7,000 for every dependent child in America. I know that the worst thing we could possibly do is to raise taxes on anybody, and a lot of people might be interested in Senator Obama’s definition of “rich.”",223,73,333,18,23,"(Obama, the United States of America, second, 35 percent, Ireland, 11 percent, 11 percent, 35 percent, the United States of America, more than $18 billion, United States, Senate, tomorrow, the next day, next week, 2,000, 2,000, Obama, $932 million, 5,000, $3,500 to $7,000, America, Obama)",119,"{'billion', 'rife', 'week', 'or', 'percent', 'than', 'tomorrow', 'health', 'take', 'a', 'able', 'tax', 'you', 'is', 'on', 'america', 'dependent', 'it', 'rich', 'the', 'right', 'where', 'interested', 'make', 'any', 'credit', 'go', 'convert', 'tell', 'child', 'recent', 'but', 'day', 'purchase', 'senate', 'your', 'lot', 'dividend', 'so', 'world', 'going', 'million', 'own', 'people', 'objectionable', 'business', 'thing', 'worst', 'investment', 'spending', 'throughout', 'place', 'cut', 'definition', 'next', 'now', 'every', 'again', 'out', 'that', 'at', 'then', 'be', 'them', 'my', 'sometime', 'their', 'know', 'with', 'resolution', 'example', 'remain', 'up', 'and', 'return', 'look', 'care', 'of', 'give', 'me', 'anybody', 'do', 'might', 'want', 'what', 'have', 'they', 'possibly', 'worth', 'create', 'senator', 'if', 'family', 'double', 'could', 'well', 'united', 'will', 'i', 'for', 'an', 'locate', 'to', 're', 'we', 'let', 'versus', 'in', 's', 'increase', 'obviously', 'raise', 'after', 'country', 'more', 'point', 'from', 'can', 'person'}",493,7.5,5.0,7.0,empty,empty,empty,1.65,813.4499999999999,15766,26007.026666666665,"The speaker, being a Senator, establishes credibility on the topic and refers to proposed policies as factual evidence.",The speaker appeals to the audience's concern for job creation and family finances with examples of tax cuts and credits.,"The speaker presents logical arguments about business tax rates, pork-barrel spending, and international tax comparisons to support their position."
223,LEHRER,"Senator Obama, you have a question for Senator McCain on that?",224,79,13,1,2,"(Obama, McCain)",8,"{'you', 'question', 'that', 'senator', 'on', 'have', 'a', 'for'}",24,0.0,0.0,0.0,empty,empty,empty,1.0,24.0,3936,5223.586666666667,,,
224,OBAMA,"Well, let me just make a couple of points.",225,73,11,1,0,(),8,"{'let', 'me', 'just', 'make', 'couple', 'well', 'of', 'a'}",20,4.0,0.0,0.0,empty,empty,empty,1.1333333333333333,22.666666666666664,16132,27784.12,"The speaker asserts their authority to make points, but doesn't demonstrate credibility yet.",,
225,LEHRER,All right.,226,80,3,1,0,(),2,"{'all', 'right'}",6,0.0,0.0,0.0,empty,empty,empty,1.0,6.0,3942,5229.586666666667,,,
226,OBAMA,"My definition — here’s what I can tell the American people: 95 percent of you will get a tax cut. And if you make less than $250,000, less than a quarter-million dollars a year, then you will not see one dime’s worth of tax increase. Now, John mentioned the fact that business taxes on paper are high in this country, and he’s absolutely right. Here’s the problem: There are so many loopholes that have been written into the tax code, oftentimes with support of Senator McCain, that we actually see our businesses pay effectively one of the lowest tax rates in the world. And what that means, then, is that there are people out there who are working every day, who are not getting a tax cut, and you want to give them more. It’s not like you want to close the loopholes. You just want to add an additional tax cut over the loopholes. And that’s a problem. Just one last point I want to make, since Senator McCain talked about providing a $5,000 health credit. Now, what he doesn’t tell you is that he intends to, for the first time in history, tax health benefits. So you may end up getting a $5,000 tax credit. Here’s the only problem: Your employer now has to pay taxes on the health care that you’re getting from your employer. And if you end up losing your health care from your employer, you’ve got to go out on the open market and try to buy it. It is not a good deal for the American people. But it’s an example of this notion that the market can always solve everything and that the less regulation we have, the better off we’re going to be.",227,74,353,15,13,"(American, 95 percent, less than $250,000, less than a quarter-million dollars, one, John, McCain, one, McCain, 5,000, first, 5,000, American)",127,"{'off', 'paper', 'try', 'percent', 'than', 'into', 'health', 'a', 'there', 'tax', 'you', 'is', 'on', 'just', 'add', 'it', 'the', 'oftentimes', 'right', 'make', 'credit', 'deal', 'go', 'code', 'tell', 'got', 'day', 'but', 'actually', 'your', 'effectively', 'everything', 'so', 'world', 'are', 'getting', 'going', 'people', 'working', 'employer', 'business', 'only', 'support', 'over', 'here', 'many', 'cut', 'definition', 'history', 'dime', 'since', 'last', 'now', 'high', 'every', 'close', 'losing', 'out', 'that', 'then', 'regulation', 't', 'better', 'fact', 'problem', 'them', 'be', 'my', 'good', 'pay', 'buy', 'with', 'example', 'providing', 'up', 'and', 'been', 'end', 'market', 'notion', 'open', 'care', 'of', 'written', 'give', 'not', 'like', 'year', 'want', 'what', 'john', 'have', 'our', 'about', 'absolutely', 'worth', 'senator', 'who', 'if', 'one', 'he', 'additional', 'will', 'i', 'for', 'less', 'an', 'to', 'first', 'time', 're', 'we', 'always', 'see', 'in', 's', 'solve', 'this', 'increase', 'get', 'country', 'more', 'american', 'point', 'from', 'can', 'may'}",508,8.0,7.5,8.5,empty,empty,empty,1.8,914.4,16640,28698.52,The speaker establishes credibility by demonstrating a deep understanding of tax policies and their impact on the American people.,"The speaker appeals to the audience's emotions by emphasizing that 95% of Americans will get a tax cut and that those making less than $250,000 will not see a tax increase.","The use of specific numbers and examples, such as the mention of loopholes and the $5,000 health credit, provides logical evidence to support the speaker's argument."
227,MCCAIN,"Well, you know, let me just…",228,74,8,1,0,(),5,"{'let', 'you', 'me', 'well', 'know'}",14,1.5,0.0,0.0,empty,empty,empty,1.05,14.700000000000001,15780,26021.726666666666,"This short snippet lacks a clear level of authority, but may imply a very small degree of relatability or rapport building.",,
228,LEHRER,We’ve got to go to another lead question.,229,81,11,1,0,(),7,"{'question', 'got', 'lead', 'another', 'to', 'go', 'we'}",19,0.0,0.0,1.5,empty,empty,empty,1.05,19.95,3961,5249.536666666667,,,This sentence is just an instruction signifying transition to the next question and it contains a weak logical appeal for orderly conduct in the debate.
229,MCCAIN,"I know we have to, but this is a classic example of walking the walk and talking the talk. We had an energy bill before the United States Senate. It was festooned with Christmas tree ornaments. It had all kinds of breaks for the oil companies, I mean, billions of dollars worth. I voted against it; Senator Obama voted for it.",230,75,70,5,5,"(United States, Senate, Christmas, billions of dollars, Obama)",37,"{'was', 'worth', 'oil', 'senator', 'but', 'energy', 'senate', 'united', 'i', 'for', 'classic', 'an', 'christmas', 'talking', 'to', 'talk', 'against', 'had', 'a', 'we', 'know', 'with', 'walking', 'mean', 'is', 'tree', 'example', 'this', 'and', 'it', 'of', 'before', 'the', 'all', 'walk', 'have', 'bill'}",117,7.5,4.5,6.0,empty,empty,empty,1.6,187.20000000000002,15897,26208.926666666666,The speaker establishes credibility by demonstrating their informed decision-making.,The phrase 'walking the walk and talking the talk' evokes a sense of relatability and empathy.,The speaker uses specific examples of oil company breaks and voting records to support their argument.
230,OBAMA,"John, you want to give oil companies another $4 billion.",231,75,13,1,2,"(John, $4 billion)",8,"{'you', 'billion', 'oil', 'want', 'john', 'to', 'another', 'give'}",24,0.0,6.8,4.0,empty,empty,empty,1.36,32.64,16664,28731.16,,The statement uses targeted language that questions John's decision-making to evoke a negative response from the audience.,"The claim presents a potential numerical consequence of John's policy, providing a sense of factual information."
231,MCCAIN,"You’ve got to look at our record. You’ve got to look at our records. That’s the important thing. Who fought against wasteful and earmark spending? Who has been the person who has tried to keep spending under control? Who’s the person who has believed that the best thing for America is — is to have a tax system that is fundamentally fair? And I’ve fought to simplify it, and I have proposals to simplify it. Let’s give every American a choice: two tax brackets, generous dividends, and, two — and let Americans choose whether they want the — the existing tax code or they want a new tax code. And so, again, look at the record, particularly the energy bill. But, again, Senator Obama has shifted on a number of occasions. He has voted in the United States Senate to increase taxes on people who make as low as $42,000 a year.",232,76,186,11,9,"(America, American, two, two, Americans, Obama, the United States, Senate, as low as $42,000)",72,"{'choose', 'got', 'that', 'senator', 'at', 'who', 'but', 'energy', 'senate', 'system', 'particularly', 'he', 'best', 'united', 'i', 'for', 'generous', 'or', 'so', 'wasteful', 'important', 'record', 'simplify', 'fought', 'as', 'to', 'earmark', 'fair', 'number', 'against', 'a', 'new', 'people', 'tax', 'let', 'you', 'in', 's', 'thing', 'is', 'on', 'control', 'code', 'america', 'and', 'been', 'spending', 'it', 'choice', 'look', 'keep', 'increase', 'of', 'give', 'whether', 'bill', 'under', 'year', 'the', 'american', 'want', 'make', 'fundamentally', 'every', 'again', 'have', 'our', 'they', 'two', 'low', 'person', 'tried'}",278,7.5,5.8,8.0,empty,empty,empty,1.71,475.38,16175,26684.306666666667,The speaker establishes credibility by referencing their track record on controlling spending and fighting for a simpler tax system.,"The appeal to fairness in the tax system and the impact on ordinary Americans earning as low as $42,000 a year introduces an emotional aspect.","The argument is logically presented by comparing the speaker's position to their opponent's, highlighting specific policy proposals and referencing past voting records."
232,OBAMA,"That’s not true, John. That’s not true.",233,76,14,2,1,"(John,)",5,"{'s', 'that', 'true', 'john', 'not'}",22,3.0,2.0,4.5,empty,empty,empty,1.3166666666666667,28.966666666666665,16686,28760.126666666667,"The speaker addresses the opponent respectfully by using his name, John, showcasing a level of credibility (though not too strong).","There is minimal emotional appeal, with only a slight sense of disbelief or denial, making the pathos score low.","The logical argument is weak since the speaker is just denying the statement without offering any counter-evidence or reasoning; however, a denial still carries some logical weight."
233,MCCAIN,"And that’s just a fact. Again, you can look it up.",234,77,16,2,0,(),12,"{'you', 's', 'that', 'just', 'up', 'and', 'it', 'again', 'look', 'can', 'a', 'fact'}",30,6.5,0.0,8.0,empty,empty,empty,1.4833333333333334,44.5,16205,26728.806666666667,"The speaker establishes credibility by asserting that they are stating a fact, inviting the audience to verify it themselves.",,"The reference to evidence, encouraging the audience to look it up, demonstrates the use of logic and reason."
234,OBAMA,"Look, it’s just not true. And if we want to talk about oil company profits, under your tax plan, John — this is undeniable — oil companies would get an additional $4 billion in tax breaks. Now, look, we all would love to lower taxes on everybody. But here’s the problem: If we are giving them to oil companies, then that means that there are those who are not going to be getting them. And…",235,77,91,5,2,"(John, an additional $4 billion)",50,"{'about', 'billion', 'oil', 'that', 'who', 'but', 'if', 'company', 'then', 'lower', 'those', 'your', 'additional', 'problem', 'them', 'be', 'undeniable', 'true', 'an', 'are', 'going', 'getting', 'to', 'plan', 'talk', 'we', 'there', 'tax', 'in', 's', 'is', 'on', 'just', 'this', 'and', 'it', 'look', 'everybody', 'here', 'get', 'not', 'would', 'under', 'the', 'all', 'want', 'now', 'love', 'giving', 'john'}",148,7.5,5.0,8.0,empty,empty,empty,1.6833333333333333,249.13333333333333,16834,29009.26,The speaker establishes credibility by presenting knowledge on the opponent's tax plan and its implications.,The contrast between giving tax breaks to oil companies and withholding them from others generates an emotional response.,"Using a specific example ($4 billion tax breaks for oil companies), the speaker constructs a logical argument against the tax plan."
235,MCCAIN,"With all due respect, you already gave them to the oil companies.",236,78,14,1,0,(),11,"{'with', 'you', 'respect', 'due', 'them', 'gave', 'the', 'oil', 'all', 'already', 'to'}",26,7.2,8.5,6.1,empty,empty,empty,1.7266666666666666,44.89333333333333,16231,26773.7,"The speaker begins with a respectful tone, acknowledging the opponent's perspective.",Pointing out the imbalance of benefits drives an emotional reaction towards perceived unfairness.,The statement provides a logical argument against the opponent's position by highlighting a historical perspective.
236,OBAMA,"No, but, John, the fact of the matter is, is that I was opposed to those tax breaks, tried to strip them out. We’ve got an energy bill on the Senate floor right now that contains some good stuff, some stuff you want, including drilling off-shore, but you’re opposed to it because it would strip away those tax breaks that have gone to oil companies.",237,78,79,2,2,"(John, Senate)",43,"{'stuff', 'was', 'out', 'that', 'got', 'oil', 'but', 'energy', 'senate', 'those', 'gone', 'away', 'fact', 'i', 'them', 'matter', 'an', 'to', 're', 'we', 'good', 'tax', 'you', 'is', 'on', 'it', 'no', 'of', 'strip', 'drilling', 'floor', 'would', 'the', 'right', 'because', 'now', 'want', 'john', 'opposed', 'have', 'some', 'bill', 'tried'}",126,7.1,2.7,7.5,empty,empty,empty,1.5766666666666667,198.66,16960,29207.92,The speaker establishes credibility by demonstrating knowledge of the energy bill and its intricacies.,The speaker uses minimal emotional appeal by expressing opposition to tax breaks for oil companies.,The speaker's logic is evident in arguing that John should support the bill which includes the drilling off-shore he wants but remove the tax breaks for oil companies.
237,LEHRER,"All right. All right, speaking of things that both of you want, another lead question, and it has to do with the rescue — the financial rescue thing that we started — started asking about. And what — and the first answer is to you, Senator Obama. As president, as a result of whatever financial rescue plan comes about and the billion, $700 billion, whatever it is it’s going to cost, what are you going to have to give up, in terms of the priorities that you would bring as president of the United States, as a result of having to pay for the financial rescue plan?",238,82,124,4,4,"(first, Obama, about and the billion, $700 billion, the United States)",48,"{'about', 'financial', 'that', 'senator', 'comes', 'billion', 'president', 'another', 'both', 'united', 'for', 'question', 'are', 'going', 'as', 'to', 'first', 'plan', 'a', 'we', 'pay', 'with', 'you', 'in', 'is', 'thing', 'rescue', 'whatever', 's', 'up', 'result', 'and', 'it', 'of', 'speaking', 'give', 'cost', 'would', 'the', 'right', 'do', 'all', 'want', 'answer', 'what', 'lead', 'have', 'bring'}",180,4.0,1.0,8.0,empty,empty,empty,1.4333333333333333,258.0,4141,5507.536666666667,"The speaker holds some authority being the moderator of the debate, asking relevant questions to the candidates.",The question slightly invokes emotions by mentioning the financial rescue and the cost it brings to the nation.,This question showcases logical reasoning as it asks the candidates to consider the financial rescue plan's impact on their priorities.
238,OBAMA,"Well, there are a range of things that are probably going to have to be delayed. We don’t yet know what our tax revenues are going to be. The economy is slowing down, so it’s hard to anticipate right now what the budget is going to look like next year. But there’s no doubt that we’re not going to be able to do everything that I think needs to be done. There are some things that I think have to be done. We have to have energy independence, so I’ve put forward a plan to make sure that, in 10 years’ time, we have freed ourselves from dependence on Middle Eastern oil by increasing production at home, but most importantly by starting to invest in alternative energy, solar, wind, biodiesel, making sure that we’re developing the fuel-efficient cars of the future right here in the United States, in Ohio and Michigan, instead of Japan and South Korea. We have to fix our health care system, which is putting an enormous burden on families. Just — a report just came out that the average deductible went up 30 percent on American families. They are getting crushed, and many of them are going bankrupt as a consequence of health care. I’m meeting folks all over the country. We have to do that now, because it will actually make our businesses and our families better off. The third thing we have to do is we’ve got to make sure that we’re competing in education. We’ve got to invest in science and technology. China had a space launch and a space walk. We’ve got to make sure that our children are keeping pace in math and in science. And one of the things I think we have to do is make sure that college is affordable for every young person in America. And I also think that we’re going to have to rebuild our infrastructure, which is falling behind, our roads, our bridges, but also broadband lines that reach into rural communities. Also, making sure that we have a new electricity grid to get the alternative energy to population centers that are using them. So there are some — some things that we’ve got to do structurally to make sure that we can compete in this global economy. We can’t shortchange those things. We’ve got to eliminate programs that don’t work, and we’ve got to make sure that the programs that we do have are more efficient and cost less.",239,79,493,21,14,"(next year, 10 years, Middle Eastern, the United States, Ohio, Michigan, Japan, South Korea, 30 percent, American, third, China, one, America)",172,"{'doubt', 'starting', 'off', 'which', 'population', 'those', 'grid', 'think', 'technology', 'crushed', 'average', 'eastern', 'burden', 'percent', 'solar', 'sure', 'health', 'south', 'into', 'a', 'there', 'able', 'had', 'tax', 'is', 'on', 'just', 'america', 'making', 'it', 'the', 'right', 'all', 'because', 'make', 'eliminate', 'got', 'invest', 'falling', 'space', 'but', 'actually', 'everything', 'so', 'are', 'consequence', 'math', 'going', 'getting', 'plan', 'as', 'came', 'college', 'thing', 'yet', 'over', 'here', 'many', 'ourselves', 'global', 'launch', 'science', 'range', 'by', 'next', 'now', 'walk', 'every', 'enormous', 'hard', 'forward', 'reach', 'bankrupt', 'out', 'that', 'oil', 'rebuild', 'at', 'future', 'system', 'importantly', 'went', 'put', 'pace', 't', 'better', 'production', 'ohio', 'be', 'them', 'shortchange', 'anticipate', 'third', 'middle', 'don', 'home', 'know', 'behind', 'work', 'efficient', 'japan', 'up', 'and', 'look', 'care', 'of', 'young', 'not', 'like', 'year', 'dependence', 'china', 'do', 'freed', 'independence', 'report', 'what', 'have', 'our', 'they', 'down', 'economy', 'michigan', 'electricity', 'affordable', 'meeting', 'budget', 'wind', 'energy', 'most', 'one', 'well', 'fix', 'united', 'will', 'i', 'for', 'done', 'less', 'an', 'to', 'm', 'time', 're', 'rural', 'we', 'new', 'alternative', 'in', 's', 'infrastructure', 'this', 'increasing', 'education', 'no', 'get', 'compete', 'needs', 'cost', 'country', 'instead', 'also', 'more', 'american', 'probably', 'from', 'some', 'deductible', 'keeping', 'can', 'structurally', 'person'}",700,8.0,6.5,9.0,empty,empty,empty,1.7833333333333332,1248.3333333333333,17660,30456.253333333334,"The speaker establishes credibility through their knowledge of various issues, such as energy independence, healthcare, education, and infrastructure.",The speaker appeals to the audience's emotions by discussing the struggles that American families face due to healthcare costs and the need for better education opportunities.,"The speaker uses logical reasoning to explain the importance of investing in alternative energy, improving healthcare, prioritizing education, and updating infrastructure in order for the country to compete in the global economy."
239,LEHRER,"Are you — what priorities would you adjust, as president, Senator McCain, because of the — because of the financial bailout cost?",240,83,26,1,1,"(McCain,)",13,"{'cost', 'you', 'the', 'financial', 'senator', 'are', 'because', 'adjust', 'president', 'what', 'as', 'of', 'would'}",41,4.5,3.6,6.2,empty,empty,empty,1.4766666666666666,60.54333333333333,4182,5568.08,The questioner establishes ethos by addressing McCain as Senator and asking him for his priorities as a potential president.,There is mild pathos in the question since it acknowledges the impact of the financial bailout cost on priorities.,The question demonstrates logos by asking for adjustments to priorities based on a specific situation (the financial bailout).
240,MCCAIN,"Look, we, no matter what, we’ve got to cut spending. We have — as I said, we’ve let government get completely out of control. Senator Obama has the most liberal voting record in the United States Senate. It’s hard to reach across the aisle from that far to the left. The point — the point is — the point is, we need to examine every agency of government. First of all, by the way, I’d eliminate ethanol subsidies. I oppose ethanol subsidies. I think that we have to return — particularly in defense spending, which is the largest part of our appropriations — we have to do away with cost-plus contracts. We now have defense systems that the costs are completely out of control. We tried to build a little ship called the Littoral Combat Ship that was supposed to cost $140 million, ended up costing $400 million, and we still haven’t done it. So we need to have fixed-cost contracts. We need very badly to understand that defense spending is very important and vital, particularly in the new challenges we face in the world, but we have to get a lot of the cost overruns under control. I know how to do that.",241,79,241,13,8,"(Obama, United States, Senate, First, the Littoral Combat Ship, $140 million, up costing $400 million, n’t)",98,"{'which', 'particularly', 'ship', 'think', 'costing', 'very', 'a', 'is', 'it', 'need', 'ethanol', 'understand', 'the', 'all', 'ended', 'eliminate', 'got', 'defense', 'but', 'senate', 'lot', 'far', 'so', 'world', 'are', 'important', 'littoral', 'million', 'as', 'little', 'control', 'oppose', 'spending', 'cut', 'under', 'by', 'haven', 'now', 'combat', 'every', 'still', 'hard', 'tried', 'reach', 'was', 'out', 'that', 'government', 'aisle', 't', 'd', 'badly', 'matter', 'face', 'supposed', 'vital', 'voting', 'know', 'said', 'across', 'with', 'up', 'left', 'and', 'look', 'return', 'of', 'build', 'do', 'what', 'way', 'have', 'our', 'completely', 'senator', 'examine', 'most', 'away', 'united', 'i', 'done', 'record', 'to', 'first', 'we', 'new', 'let', 'how', 'in', 's', 'no', 'get', 'part', 'cost', 'liberal', 'point', 'from', 'agency'}",360,7.5,5.5,7.8,empty,empty,empty,1.6933333333333334,609.6,16591,27383.3,The speaker establishes credibility by mentioning their knowledge of defense spending and the issues in contracts.,The speaker appeals to the audience's sense of fiscal responsibility and the need for a more efficient government.,The speech uses specific examples of financial and government inefficiencies to logically argue for a reduction in spending and fixes in the contracting process.
241,MCCAIN,"I saved the taxpayers $6.8 billion by fighting a contract that was negotiated between Boeing and DOD that was completely wrong. And we fixed it and we killed it and the people ended up in federal prison so I know how to do this because I’ve been involved these issues for many, many years. But I think that we have to examine every agency of government and find out those that are doing their job and keep them and find out those that aren’t and eliminate them and we’ll have to scrub every agency of government.",242,80,107,3,3,"($6.8 billion, Boeing, many, many years)",56,"{'was', 'billion', 'that', 'completely', 'out', 'eliminate', 'but', 'government', 'examine', 'those', 'think', 't', 'contract', 'wrong', 'find', 'i', 'for', 'job', 'prison', 'them', 'fixed', 'saved', 'so', 'are', 'their', 'involved', 'to', 'people', 'a', 'we', 'know', 'between', 'how', 'in', 'this', 'up', 'scrub', 'and', 'been', 'doing', 'it', 'keep', 'many', 'of', 'these', 'fighting', 'federal', 'the', 'by', 'do', 'because', 'every', 'ended', 'have', 'dod', 'agency'}",169,7.5,5.5,8.8,empty,empty,empty,1.7266666666666666,291.8066666666667,16760,27675.106666666667,The speaker's successful experience with fixing a poorly negotiated contract provides credibility.,The speaker appeals to taxpayers' emotions by highlighting the consequence of the people involved ending up in federal prison.,"The speaker presents a deep understanding of the situation and gives a clear, logical proposal to address government agency issues."
242,LEHRER,But if I hear the two of you correctly neither one of you is suggesting any major changes in what you want to do as president as a result of the financial bailout? Is that what you’re saying?,243,84,42,2,1,"(two,)",28,"{'financial', 'that', 'but', 'if', 'president', 'one', 'hear', 'i', 'as', 'to', 're', 'a', 'you', 'in', 'is', 'neither', 'result', 'of', 'the', 'correctly', 'suggesting', 'do', 'saying', 'want', 'any', 'what', 'two', 'major'}",73,0.0,0.0,7.0,empty,empty,empty,1.2333333333333334,90.03333333333333,4255,5658.113333333334,,,The snippet logically asks the candidates to confirm their stance on policy changes due to the financial bailout.
243,OBAMA,"No. As I said before, Jim, there are going to be things that end up having to be …",244,80,22,2,1,"(Jim,)",14,"{'before', 'be', 'that', 'jim', 'are', 'up', 'end', 'going', 'as', 'no', 'to', 'there', 'i', 'said'}",39,2.0,1.5,1.0,empty,empty,empty,1.15,44.849999999999994,17699,30501.103333333333,"The speaker addresses the moderator by name, which reflects some level of credibility.",An indirect emotional appeal is made by emphasizing the speaker's consistency in their statements.,"The snippet attempts, albeit weakly, to convey logical reasoning regarding some unspecified issues that may need to be addressed."
244,LEHRER,Like what?,245,85,3,1,0,(),2,"{'what', 'like'}",6,0.0,0.0,0.0,empty,empty,empty,1.0,6.0,4261,5664.113333333334,,,
245,OBAMA,"… deferred and delayed. Well, look, I want to make sure that we are investing in energy in order to free ourselves from the dependence on foreign oil. That is a big project. That is a multi-year project.",246,81,44,4,1,"(multi-year,)",27,"{'that', 'oil', 'energy', 'well', 'big', 'i', 'project', 'are', 'free', 'sure', 'to', 'a', 'we', 'in', 'is', 'on', 'and', 'look', 'ourselves', 'order', 'dependence', 'the', 'want', 'make', 'from', 'deferred', 'foreign'}",76,6.5,4.5,7.0,empty,empty,empty,1.6,121.60000000000001,17775,30622.703333333335,The speaker demonstrates credibility by showing knowledge on the energy project and its long-term implications.,The speaker appeals to the audience's emotions by mentioning the goal of freeing the nation from dependence on foreign oil.,The statement provides a logical connection between investing in energy and reducing dependence on foreign oil.
246,LEHRER,Not willing to give that up?,247,86,7,1,0,(),6,"{'that', 'up', 'to', 'give', 'not', 'willing'}",14,0.0,4.5,0.0,empty,empty,empty,1.15,16.099999999999998,4275,5680.213333333333,,The statement can invoke an emotional defense of one's values or beliefs.,
247,OBAMA,"Not willing to give up the need to do it but there may be individual components that we can’t do. But John is right we have to make cuts. We right now give $15 billion every year as subsidies to private insurers under the Medicare system. Doesn’t work any better through the private insurers. They just skim off $15 billion. That was a give away and part of the reason is because lobbyists are able to shape how Medicare works. They did it on the Medicaid prescription drug bill and we have to change the culture. Tom — or John mentioned me being wildly liberal. Mostly that’s just me opposing George Bush’s wrong headed policies since I’ve been in Congress but I think it is that it is also important to recognize I worked with Tom Coburn, the most conservative, one of the most conservative Republicans who John already mentioned to set up what we call a Google for government saying we’ll list every dollar of federal spending to make sure that the taxpayer can take a look and see who, in fact, is promoting some of these spending projects that John’s been railing about.",248,82,224,9,17,"(John, $15 billion, every year, Medicare, $15 billion, Medicare, Medicaid, Tom, John, George Bush’s, Congress, Tom Coburn, one, Republicans, John, Google, John)",108,"{'billion', 'off', 'skim', 'think', 'or', 'sure', 'drug', 'take', 'a', 'there', 'able', 'taxpayer', 'is', 'on', 'just', 'it', 'set', 'need', 'these', 'the', 'right', 'because', 'make', 'any', 'bill', 'worked', 'but', 'opposing', 'did', 'wrong', 'recognize', 'wildly', 'are', 'important', 'as', 'works', 'railing', 'spending', 'change', 'prescription', 'under', 'since', 'saying', 'now', 'george', 'every', 'reason', 'was', 'that', 'government', 'system', 'conservative', 't', 'better', 'list', 'fact', 'be', 'being', 'with', 'mostly', 'work', 'up', 'and', 'been', 'bush', 'look', 'of', 'give', 'not', 'year', 'me', 'do', 'shape', 'already', 'culture', 'john', 'what', 'have', 'they', 'willing', 'about', 'who', 'most', 'one', 'tom', 'away', 'i', 'for', 'to', 'individual', 'we', 'see', 'how', 'in', 's', 'headed', 'through', 'private', 'congress', 'part', 'federal', 'also', 'dollar', 'liberal', 'call', 'can', 'some', 'may'}",358,6.5,4.0,7.5,empty,empty,empty,1.6,572.8000000000001,18133,31195.503333333334,The speaker establishes credibility by referencing their previous work with opposing political parties.,"Some emotional appeal is made through addressing the problem of lobbyists shaping policies, but it is not heavily emphasized.","The speaker uses specific examples, like $15 billion in subsidies and the success of Google for government, providing a logical argument for reforming the system."
248,LEHRER,"What I’m trying to get at this is this. Excuse me if I may, senator. Trying to get at that you all — one of you is going to be the president of the United States come January. At the — in the middle of a huge financial crisis that is yet to be resolved. And what I’m trying to get at is how this is going to affect you not in very specific — small ways but in major ways and the approach to take as to the presidency.",249,87,100,5,2,"(the United States, January)",48,"{'affect', 'financial', 'that', 'senator', 'approach', 'at', 'but', 'if', 'president', 'one', 'united', 'i', 'be', 'specific', 'resolved', 'going', 'as', 'to', 'm', 'very', 'middle', 'take', 'a', 'how', 'you', 'in', 'is', 'yet', 'this', 'and', 'trying', 'excuse', 'small', 'crisis', 'of', 'get', 'not', 'me', 'the', 'presidency', 'huge', 'all', 'what', 'come', 'ways', 'january', 'may', 'major'}",155,4.5,3.0,5.5,empty,empty,empty,1.4333333333333333,222.16666666666666,4430,5902.38,The speaker shows respect in addressing the senator and mentioning the position of the president but lacks strong personal credibility.,"The snippet brings up the seriousness of the financial crisis, but it does not evoke strong emotions.",The speaker presents a logical argument asking about the approach and potential impact of the financial crisis on the presidency.
249,MCCAIN,"How about a spending freeze on everything but defense, veteran affairs and entitlement programs.",250,81,16,1,0,(),12,"{'how', 'about', 'on', 'defense', 'but', 'and', 'entitlement', 'spending', 'veteran', 'freeze', 'a', 'everything'}",29,7.5,5.0,6.0,empty,empty,empty,1.6166666666666667,46.88333333333333,16789,27721.989999999998,"The statement appeals to the authority by focusing on prioritizing important aspects of the budget, such as defense and veteran affairs.",The mention of veteran affairs and entitlement programs evokes emotions related to patriotism and care for citizens.,The suggestion of a spending freeze shows reasonable thinking and implies a logical approach to managing the budget.
250,LEHRER,Spending freeze?,251,88,3,1,0,(),2,"{'spending', 'freeze'}",6,1.5,1.0,0.7,empty,empty,empty,1.1066666666666667,6.640000000000001,4436,5909.0199999999995,The phrase 'spending freeze?' implies a possible tactic but lacks credibility or trustworthiness due to brevity.,It has limited emotional appeal as it may remind audiences of the potentially concerning financial state of the country.,There is minimal logical appeal as the phrase is vague and does not provide evidence or reasoning to support the assertion.
251,MCCAIN,I think we ought to seriously consider with the exceptions of caring for our veterans national defense and several other vital issues.,252,82,23,1,0,(),18,"{'with', 'seriously', 'the', 'vital', 'defense', 'several', 'and', 'of', 'national', 'to', 'our', 'consider', 'other', 'think', 'ought', 'we', 'i', 'for'}",42,7.8,4.5,6.7,empty,empty,empty,1.6333333333333333,68.6,16831,27790.59,This statement lends credibility to the speaker by demonstrating a desire to prioritize critical issues.,Evoking emotions with the mention of care for veterans and national defense.,The logical appeal comes from the speaker proposing to focus on essential and vital issues for the nation.
252,LEHRER,Would you go for that?,253,89,6,1,0,(),5,"{'you', 'that', 'go', 'would', 'for'}",12,0.0,1.0,0.0,empty,empty,empty,1.0333333333333334,12.400000000000002,4448,5921.42,,It tries to engage the audience's emotion by asking for their personal agreement.,
253,OBAMA,"The problem with a spending freeze is you’re using a hatchet where you need a scalpel. There are some programs that are very important that are under funded. I went to increase early childhood education and the notion that we should freeze that when there may be, for example, this Medicare subsidy, I think, doesn’t make sense. Let me tell you another place to look for some savings. We are currently spending $10 billion a month in Iraq when they have a $79 billion surplus. It seems to me that if we’re going to be strong at home as well as strong abroad, that we have to look at bringing that war to a close.",254,83,134,6,4,"(Medicare, $10 billion, Iraq, $79 billion)",68,"{'tell', 'billion', 'that', 'iraq', 'abroad', 'at', 'if', 'went', 'well', 'another', 'think', 't', 'month', 'problem', 'sense', 'i', 'for', 'be', 'are', 'early', 'war', 'important', 'strong', 'going', 'as', 'hatchet', 'very', 'to', 'freeze', 're', 'a', 'there', 'we', 'subsidy', 'home', 'let', 'with', 'you', 'in', 'is', 'childhood', 'example', 'this', 'and', 'spending', 'education', 'increase', 'it', 'notion', 'look', 'place', 'need', 'under', 'funded', 'the', 'me', 'currently', 'scalpel', 'where', 'make', 'have', 'close', 'some', 'they', 'may', 'when', 'should', 'surplus'}",212,7.2,6.5,8.8,empty,empty,empty,1.75,371.0,18345,31566.503333333334,"The speaker establishes credibility through the use of reasonable comparisons, knowledge of specific programs, and disapproval of wasteful spending.",The snippet appeals to the audience on an emotional level by emphasizing the need for increased funding in early childhood education and the burden of war expenses.,The speaker uses logical reasoning and evidence by pointing out the inefficient use of resources and a specific monthly expense in Iraq as an alternative source of savings.
254,MCCAIN,"Look, we are sending $700 billion a year overseas to countries that don’t like us very much. Some of that money ends up in the hands of terrorist organizations. We have to have wind, tide, solar, natural gas, flex fuel cars and all that but we also have to have offshore drilling and we also have to have nuclear power. Senator Obama opposes both storing and reprocessing of spent nuclear fuel. You can’t get there from here and the fact is that we can create 700,000 jobs by building constructing 45 new nuclear power plants by the year 2030. Nuclear power is not only important as far as eliminating our dependence on foreign oil but it’s also responsibility as far as climate change is concerned. An issue I have been involved in for many, many years and I’m proud of the work of the work that I’ve done there along with Senator Clinton.",255,83,177,7,7,"($700 billion, Obama, 700,000, 45, the year 2030, many, many years, Clinton)",83,"{'billion', 'solar', 'fuel', 'very', 'offshore', 'a', 'there', 'spent', 'you', 'is', 'on', 'it', 'the', 'money', 'all', 'clinton', 'overseas', 'sending', 'gas', 'but', 'far', 'are', 'important', 'involved', 'as', 'only', 'tide', 'change', 'here', 'drilling', 'nuclear', 'many', 'us', 'by', 'that', 'oil', 't', 'both', 'fact', 'terrorist', 'along', 'don', 'with', 'concerned', 'power', 'work', 'up', 'and', 'been', 'look', 'of', 'much', 'not', 'building', 'like', 'climate', 'year', 'dependence', 'have', 'our', 'flex', 'foreign', 'create', 'senator', 'wind', 'responsibility', 'issue', 'i', 'for', 'done', 'an', 'to', 'm', 'we', 'new', 'in', 's', 'get', 'also', 'natural', 'from', 'can', 'some'}",274,7.5,5.0,8.0,empty,empty,empty,1.6833333333333333,461.23333333333335,17105,28251.823333333334,The speaker's credibility is established by advocating for diverse energy solutions and discussing their past work alongside Senator Clinton.,The mention of sending money to countries that dislike the nation appeals to the audience's emotions about the nation's security and pride.,"The speaker uses logically structured arguments discussing the benefits of nuclear power for energy independence, job creation, and climate change responsibility."
255,LEHRER,"Before we go to another lead question. Let me figure out a way to ask the same question in a slightly different way here. Are you — are you willing to acknowledge both of you that this financial crisis is going to affect the way you rule the country as president of the United States beyond the kinds of things that you have already — I mean, is it a major move? Is it going to have a major affect?",256,90,85,4,1,"(the United States,)",46,"{'affect', 'out', 'that', 'ask', 'figure', 'financial', 'beyond', 'president', 'another', 'both', 'united', 'i', 'question', 'move', 'are', 'going', 'as', 'to', 'different', 'a', 'we', 'rule', 'let', 'mean', 'you', 'in', 'is', 'this', 'it', 'crisis', 'here', 'slightly', 'of', 'country', 'before', 'me', 'the', 'acknowledge', 'already', 'way', 'lead', 'have', 'go', 'willing', 'major', 'same'}",136,0.0,2.0,6.0,empty,empty,empty,1.2666666666666666,172.26666666666665,4584,6093.6866666666665,,The question invokes a sense of importance and urgency with regards to the financial crisis and its consequences.,This question logically emphasizes the need for the candidates to address the potential effects of the financial crisis on their presidency.
256,OBAMA,"There’s no doubt itâ€™s gonna affect our budgets. There is no doubt about it. Not only — Even if we get all $700 billion back, let’s assume the markets recover, we’re holding assets long enough that eventually taxpayers get it back and that happened during the Great Depression when Roosevelt purchased a whole bunch of homes, over time, home values went back up and in fact government made a profit. If we’re lucky and we do it right, that could potentially happen but in the short term there’s an outlay and we may not see that money for a while. And because of the economy’s slowing down, I think we can also expect less tax revenue so there’s no doubt that as president I’m going to have to make some tough decision. The only point I want to make is this, that in order to make those tough decisions we have to know what our values are and who we’re fighting for and what our priorities are and if we are spending $300 billion on tax cuts for people who don’t need them and weren’t even asking for them, and we are leaving out health care which is crushing on people all across the country, then I think we have made a bad decision and I want to make sure we’re not shortchanging our long term priorities.",257,84,269,6,5,"($700 billion, ’s, the Great Depression, Roosevelt, $300 billion)",117,"{'even', 'billion', 'doubt', 'which', 'president', 'those', 'think', 'decision', 'lucky', 'sure', 'health', 'short', 'there', 'a', 'gon', 'tax', 'is', 'on', 'it', 'need', 'fighting', 'potentially', 'the', 'eventually', 'right', 'money', 'all', 'because', 'make', 'bunch', 'but', 'crushing', 'while', 'so', 'are', 'assets', 'assume', 'going', 'as', 'back', 'people', 'outlay', 'only', 'made', 'over', 'spending', 'enough', 'depression', 'out', 'that', 'then', 'government', 'went', 'great', 't', 'fact', 'expect', 'them', 'during', 'don', 'home', 'know', 'across', 'up', 'and', 'leaving', 'care', 'of', 'not', 'order', 'do', 'holding', 'want', 'what', 'have', 'our', 'down', 'economy', 'about', 'affect', 'happen', 'who', 'if', 'could', 'bad', 'i', 'roosevelt', 'for', 'less', 'an', 'tough', 'to', 'm', 'long', 'na', 're', 'time', 'we', 'see', 'let', 'recover', 'in', 's', 'whole', 'this', 'revenue', 'no', 'get', 'country', 'also', 'point', 'can', 'profit', 'some', 'term', 'may', 'when'}",397,7.2,7.5,8.1,empty,empty,empty,1.7599999999999998,698.7199999999999,18742,32265.22333333333,The speaker establishes credibility as a future president and leader by acknowledging the difficult decisions that must be made in light of economic challenges.,"The speaker appeals to the emotions of the audience by addressing the impact of healthcare issues on people, which can generate sympathy and concern.","The speaker logically argues that priorities and values will be essential in making tough decisions, highlighting the contradiction of providing tax cuts to those who do not need them while neglecting healthcare."
257,MCCAIN,"Well, I want to make sure we’re not handing the health care system over to the federal government which is basically what would ultimately happen with Senator Obama’s health care plan. I want the families to make decisions between themselves and their doctors. Not the federal government. Look. We have to obviously cut spending. I have fought to cut spending. Senator Obama has $800 billion in new spending programs. I would suggest he start by canceling some of those new spending program that he has. We can’t I think adjust spending around to take care of the very much needed programs, including taking care of our veterans but I also want to say again a healthy economy with low taxes would not raising anyone’s taxes is probably the best recipe for eventually having our economy recover. And spending restraint has got to be a vital part of that. And the reason, one of the major reasons why we’re in the difficulties we are in today is because spending got out of control. We owe China $500 billion. And spending, I know, can be brought under control because I have fought against excessive spending my entire career. And I got plans to reduce and eliminate unnecessary and wasteful spending and if there’s anybody here who thinks there aren’t agencies of government where spending can be cut and their budgets slashed they have not spent a lot of time in Washington.",258,84,274,14,8,"(Obama, Obama, $800 billion, one, today, China, $500 billion, Washington)",115,"{'billion', 'which', 'those', 'think', 'wasteful', 'sure', 'health', 'very', 'take', 'a', 'there', 'between', 'excessive', 'spent', 'start', 'is', 'washington', 'healthy', 'recipe', 'the', 'eventually', 'where', 'because', 'make', 'anyone', 'today', 'eliminate', 'got', 'but', 'lot', 'are', 'adjust', 'fought', 'plan', 'brought', 'control', 'over', 'spending', 'here', 'cut', 'under', 'by', 'again', 'reason', 'say', 'low', 'major', 'out', 'that', 'suggest', 'slashed', 'government', 'system', 't', 'be', 'taking', 'my', 'around', 'their', 'raising', 'against', 'unnecessary', 'vital', 'know', 'with', 'themselves', 'entire', 'and', 'look', 'care', 'of', 'reduce', 'much', 'not', 'china', 'program', 'anybody', 'want', 'what', 'have', 'our', 'they', 'why', 'economy', 'restraint', 'happen', 'senator', 'who', 'if', 'one', 'he', 'well', 'ultimately', 'best', 'i', 'for', 'basically', 'to', 'time', 're', 'we', 'new', 'owe', 'recover', 'in', 's', 'obviously', 'federal', 'would', 'part', 'also', 'career', 'probably', 'can', 'some'}",411,7.2,4.0,7.6,empty,empty,empty,1.6266666666666665,668.56,17516,28920.38333333333,The speaker establishes credibility by mentioning their experience in fighting excessive spending and offering plans to reduce and eliminate wasteful spending.,The speaker appeals to emotions by expressing concern for families' decision-making in healthcare and the need to take care of veterans.,"The argument uses logical reasoning in connecting policies to a healthy economy, arguing that low taxes, spending restraint, and canceling new spending programs are necessary for economic recovery."
258,OBAMA,"I just want to make this point, Jim. John, it’s been your president who you said you agreed with 90 percent of the time who presided over this increase in spending. This orgy of spending and enormous deficits you voted for almost all of his budgets. So to stand here and after eight years and say that you’re going to lead on controlling spending and, you know, balancing our tax cuts so that they help middle class families when over the last eight years that hasn’t happened I think just is, you know, kind of hard to swallow.",259,85,114,4,5,"(Jim, John, 90 percent, eight years, the last eight years)",61,"{'that', 'jim', 'who', 'president', 'eight', 'your', 'think', 't', 'class', 'i', 'for', 'so', 'percent', 'balancing', 'they', 'going', 'to', 'middle', 'time', 're', 'know', 'said', 'agreed', 'with', 'you', 'in', 's', 'stand', 'on', 'tax', 'is', 'just', 'this', 'his', 'and', 'been', 'over', 'spending', 'it', 'increase', 'here', 'of', 'after', 'kind', 'the', 'almost', 'all', 'want', 'make', 'point', 'orgy', 'last', 'swallow', 'john', 'lead', 'enormous', 'our', 'say', 'help', 'when', 'hard'}",184,7.5,6.0,8.4,empty,empty,empty,1.73,318.32,18926,32583.543333333335,The speaker demonstrates credibility by referring to specific statistics and the debate opponent's past actions.,"The phrase 'hard to swallow' evokes an emotional response, as does the implication that the opposing candidate's positions have negatively impacted middle class families.","The argument is logically structured, highlighting the opponent's inconsistency in his past voting record compared to his current promises."
259,LEHRER,Quick response to Senator Obama.,260,91,6,1,1,"(Obama,)",4,"{'response', 'quick', 'to', 'senator'}",12,0.0,0.0,0.0,empty,empty,empty,1.0,12.0,4596,6105.6866666666665,,,
260,MCCAIN,"It’s well-known that I have not been elected Miss Congeniality in the United States Senate nor with the administration. I have opposed the president on spending, on climate change, on torture of prisoner, on – on Guantanamo Bay. On a — on the way that the Iraq War was conducted. I have a long record and the American people know me very well and that is independent and a maverick of the Senate and I’m happy to say that I’ve got a partner that’s a good maverick along with me now.",261,85,106,4,6,"(United States, Senate, Guantanamo Bay, the Iraq War, American, Senate)",52,"{'was', 'independent', 'iraq', 'that', 'got', 'administration', 'president', 'torture', 'senate', 'well', 'partner', 'maverick', 'united', 'i', 'bay', 'congeniality', 'miss', 'war', 'prisoner', 'record', 'along', 'to', 'very', 'm', 'long', 'people', 'nor', 'a', 'know', 'good', 'with', 'in', 's', 'is', 'on', 'and', 'been', 'spending', 'it', 'change', 'of', 'happy', 'not', 'climate', 'the', 'me', 'american', 'now', 'opposed', 'way', 'have', 'say'}",168,7.5,6.2,5.0,empty,empty,empty,1.6233333333333333,272.71999999999997,17684,29193.103333333333,The speaker establishes credibility by referring to their long record and being known as an independent and maverick senator.,The mention of being a maverick and having a partner who's also a maverick appeals to the emotions of those who value individuality and standing up against the majority.,The speaker uses examples of opposition to the president on various issues as logical evidence of their independence.
261,LEHRER,"All right. Let’s go another subject. Lead question, two minutes to you, senator McCain. Much has been said about the lessons of Vietnam. What do you see as the lessons of Iraq?",262,92,41,5,4,"(two minutes, McCain, Vietnam, Iraq)",24,"{'about', 'iraq', 'senator', 'another', 'question', 'as', 'to', 'said', 'let', 'see', 'you', 's', 'been', 'of', 'much', 'the', 'right', 'do', 'all', 'subject', 'what', 'lead', 'go', 'two'}",74,5.0,1.0,3.0,empty,empty,empty,1.3,96.2,4670,6201.886666666666,Asking a senator demonstrates respect for their authority and expertise.,The phrase 'lessons of Vietnam' slightly appeals to emotions by referencing a historically significant and emotional event.,"The question is logically structured, asking for the candidate's opinion on the lessons of Iraq."
262,MCCAIN,"I think the lessons of Iraq are very clear that you cannot have a failed strategy that will then cause you to nearly lose a conflict. Our initial military success, we went in to Baghdad and everybody celebrated. And then the war was very badly mishandled. I went to Iraq in 2003 and came back and said, we’ve got to change this strategy. This strategy requires additional troops, it requires a fundamental change in strategy and I fought for it. And finally, we came up with a great general and a strategy that has succeeded. This strategy has succeeded. And we are winning in Iraq. And we will come home with victory and with honor. And that withdrawal is the result of every counterinsurgency that succeeds.",263,86,143,10,5,"(Iraq, Baghdad, Iraq, 2003, Iraq)",60,"{'was', 'winning', 'iraq', 'that', 'strategy', 'got', 'then', 'went', 'initial', 'great', 'honor', 'celebrated', 'think', 'additional', 'fundamental', 'will', 'i', 'for', 'badly', 'are', 'war', 'cause', 'fought', 'conflict', 'to', 'very', 'came', 'a', 'we', 'back', 'home', 'said', 'with', 'you', 'in', 'lose', 'is', 'clear', 'this', 'up', 'result', 'and', 'nearly', 'it', 'change', 'everybody', 'finally', 'general', 'of', 'victory', 'not', 'the', 'success', 'every', 'come', 'have', 'can', 'our', 'withdrawal', 'military'}",218,7.5,5.5,4.5,empty,empty,empty,1.5833333333333335,345.1666666666667,17902,29538.27,The speaker establishes credibility by referencing their own experience visiting Iraq and advocating for change.,The speaker triggers a sense of patriotism and pride by mentioning victory and honor.,"There is a logical progression from recognizing a failed strategy, arguing for change, and highlighting the current success of the new strategy."
263,MCCAIN,"And I want to tell you that now that we will succeed and our troops will come home, and not in defeat, that we will see a stable ally in the region and a fledgling democracy. The consequences of defeat would have been increased Iranian influence. It would have been increase in sectarian violence. It would have been a wider war, which the United States of America might have had to come back. So there was a lot at stake there. And thanks to this great general, David Petraeus, and the troops who serve under him, they have succeeded. And we are winning in Iraq, and we will come home. And we will come home as we have when we have won other wars and not in defeat.",264,87,143,8,4,"(Iranian, the United States of America, David Petraeus, Iraq)",65,"{'tell', 'region', 'was', 'david', 'that', 'winning', 'iraq', 'at', 'fledgling', 'who', 'which', 'great', 'ally', 'other', 'serve', 'united', 'will', 'i', 'lot', 'so', 'are', 'war', 'as', 'to', 'back', 'a', 'home', 'we', 'had', 'see', 'there', 'you', 'in', 'won', 'influence', 'defeat', 'this', 'violence', 'and', 'succeed', 'been', 'america', 'him', 'it', 'increase', 'general', 'of', 'not', 'would', 'sectarian', 'thanks', 'under', 'the', 'democracy', 'might', 'want', 'now', 'stable', 'come', 'have', 'our', 'stake', 'they', 'iranian', 'when'}",220,7.4,6.5,7.5,empty,empty,empty,1.7133333333333334,376.93333333333334,18122,29915.20333333333,The speaker establishes credibility by referencing their belief in success and General Petraeus.,"Appealing to patriotism, the speaker emphasizes the importance of achieving victory and avoiding defeat.","The speaker's use of logical reasoning involves discussing the consequences of defeat, successful strategies, and historical precedence."
264,LEHRER,"Two minutes, how you see the lessons of Iraq, Senator Obama.",265,93,14,1,3,"(Two minutes, Iraq, Obama)",8,"{'how', 'you', 'the', 'iraq', 'senator', 'of', 'two', 'see'}",26,0.0,0.0,0.0,empty,empty,empty,1.0,26.0,4696,6227.886666666666,,,
265,OBAMA,"Well, this is an area where Senator McCain and I have a fundamental difference because I think the first question is whether we should have gone into the war in the first place. Now six years ago, I stood up and opposed this war at a time when it was politically risky to do so because I said that not only did we not know how much it was going to cost, what our exit strategy might be, how it would affect our relationships around the world, and whether our intelligence was sound, but also because we hadn’t finished the job in Afghanistan. We hadn’t caught bin Laden. We hadn’t put al Qaeda to rest, and as a consequence, I thought that it was going to be a distraction. Now Senator McCain and President Bush had a very different judgment. And I wish I had been wrong for the sake of the country and they had been right, but that’s not the case. We’ve spent over $600 billion so far, soon to be $1 trillion. We have lost over 4,000 lives. We have seen 30,000 wounded, and most importantly, from a strategic national security perspective, al Qaeda is resurgent, stronger now than at any time since 2001. We took our eye off the ball. And not to mention that we are still spending $10 billion a month, when they have a $79 billion surplus, at a time when we are in great distress here at home, and we just talked about the fact that our budget is way overstretched and we are borrowing money from overseas to try to finance just some of the basic functions of our government. So I think the lesson to be drawn is that we should never hesitate to use military force, and I will not, as president, in order to keep the American people safe. But we have to use our military wisely. And we did not use our military wisely in Iraq.",266,86,377,14,19,"(McCain, first, first, six years ago, Afghanistan, bin Laden, al Qaeda, McCain, Bush, over $600 billion, $1 trillion, over 4,000, 30,000, al Qaeda, 2001, $10 billion, $79 billion, American, Iraq)",158,"{'judgment', 'billion', 'off', 'president', 'strategic', 'drawn', 'think', 'finished', 'try', 'than', 'took', 'wish', 'into', 'very', 'force', 'laden', 'a', 'had', 'spent', 'ball', 'case', 'is', 'just', 'it', 'finance', 'the', 'right', 'money', 'where', 'because', 'difference', 'any', 'risky', 'al', 'distraction', 'sake', 'borrowing', 'overseas', 'military', 'strategy', 'wounded', 'perspective', 'soon', 'but', 'fundamental', 'did', 'job', 'wrong', 'far', 'question', 'so', 'world', 'are', 'war', 'consequence', 'going', 'as', 'people', 'only', 'over', 'spending', 'here', 'place', 'exit', 'since', 'now', 'still', 'six', 'use', 'surplus', 'resurgent', 'was', 'security', 'that', 'at', 'seen', 'government', 'area', 'sound', 'lost', 'put', 'importantly', 'rest', 'great', 't', 'fact', 'be', 'around', 'different', 'home', 'know', 'said', 'hesitate', 'up', 'trillion', 'and', 'bin', 'been', 'bush', 'keep', 'of', 'much', 'not', 'order', 'ago', 'do', 'might', 'what', 'way', 'have', 'our', 'eye', 'they', 'should', 'about', 'affect', 'iraq', 'senator', 'never', 'budget', 'stood', 'politically', 'most', 'gone', 'well', 'thought', 'month', 'safe', 'will', 'i', 'for', 'basic', 'wisely', 'an', 'mention', 'to', 'first', 'time', 'lesson', 'we', 'how', 'distress', 'in', 's', 'this', 'intelligence', 'national', 'whether', 'cost', 'would', 'country', 'also', 'caught', 'american', 'opposed', 'from', 'some', 'when'}",568,7.3,7.4,9.0,empty,empty,empty,1.79,1016.72,19494,33600.263333333336,"The speaker establishes credibility by mentioning their opposition to the war when it was politically risky, showing their commitment to sound judgment.","The speaker generates an emotional connection through emphasizing the costs of the war, including lost lives, wounded soldiers, and financial hardship.","The speaker uses strong logical reasoning, presenting various evidence such as costs, casualties, and the resurgence of al Qaeda to support their argument against the war."
266,LEHRER,"Do you agree with that, the lesson of Iraq?",267,94,11,1,1,"(Iraq,)",9,"{'with', 'you', 'the', 'agree', 'that', 'iraq', 'do', 'of', 'lesson'}",22,3.5,1.0,3.5,empty,empty,empty,1.2666666666666666,27.866666666666667,4718,6255.753333333333,The question demonstrates some credibility by referring to historical context.,There is a small emotional aspect because of how the situation in Iraq has affected many lives.,The question is logical as it relates to the potential consequences of a similar policy.
267,MCCAIN,"The next president of the United States is not going to have to address the issue as to whether we went into Iraq or not. The next president of the United States is going to have to decide how we leave, when we leave, and what we leave behind. That’s the decision of the next president of the United States. Senator Obama said the surge could not work, said it would increase sectarian violence, said it was doomed to failure. Recently on a television program, he said it exceed our wildest expectations. But yet, after conceding that, he still says that he would oppose the surge if he had to decide that again today. Incredibly, incredibly Senator Obama didn’t go to Iraq for 900 days and never asked for a meeting with General Petraeus.",268,88,153,7,11,"(the United States, Iraq, the United States, the United States, Obama, today, Obama, n’t, Iraq, 900 days, General Petraeus)",67,"{'was', 'today', 'iraq', 'that', 'leave', 'senator', 'surge', 'never', 'meeting', 'but', 'if', 'president', 'could', 'went', 'issue', 'he', 'incredibly', 'days', 'decision', 't', 'decide', 'united', 'for', 'or', 'recently', 'going', 'as', 'to', 'into', 'a', 'we', 'failure', 'had', 'said', 'how', 'with', 'behind', 'is', 's', 'work', 'on', 'yet', 'oppose', 'violence', 'and', 'television', 'it', 'increase', 'general', 'of', 'not', 'after', 'whether', 'would', 'sectarian', 'the', 'program', 'next', 'exceed', 'address', 'what', 'again', 'have', 'our', 'still', 'go', 'when'}",238,7.5,4.1,7.3,empty,empty,empty,1.63,387.94,18360,30303.143333333333,The speaker establishes credibility mentioning specific information about Senator Obama's positions on the Iraq war and surge strategy.,There is some appeal to emotions by emphasizing the next president's responsibility and the importance of their decision on leaving Iraq.,"The argument is logically structured, citing contrasting statements made by Senator Obama and his actions in relation to Iraq and General Petraeus."
268,LEHRER,"Well, let’s go at some of these things…",269,95,11,1,1,"(’s,)",8,"{'let', 's', 'at', 'of', 'well', 'some', 'go', 'these'}",21,0.0,0.0,0.0,empty,empty,empty,1.0,21.0,4739,6276.753333333333,,,
269,MCCAIN,"Senator Obama is the chairperson of a committee that oversights NATO that’s in Afghanistan. To this day, he has never had a hearing.",270,89,28,2,4,"(Obama, NATO, Afghanistan, this day)",16,"{'the', 'is', 'senator', 'committee', 'that', 's', 'in', 'this', 'day', 'never', 'he', 'hearing', 'to', 'of', 'had', 'a'}",50,6.0,2.5,7.0,empty,empty,empty,1.5166666666666666,75.83333333333333,18410,30378.976666666666,The speaker invokes Senator Obama's position for enhanced credibility.,There is a low appeal to emotion through the criticism of Senator Obama's leadership.,The statement contains factual information about Obama's responsibility and lack of action.
270,LEHRER,What about that point?,271,96,5,1,0,(),4,"{'about', 'what', 'that', 'point'}",10,0.0,0.0,0.0,empty,empty,empty,1.0,10.0,4749,6286.753333333333,,,
271,MCCAIN,"I mean, it’s remarkable.",272,90,8,1,0,(),5,"{'mean', 's', 'it', 'remarkable', 'i'}",14,1.0,1.0,0.0,empty,empty,empty,1.0666666666666667,14.933333333333334,18424,30393.91,"The speaker demonstrates limited ethos by expressing a level of awe, but more information is needed for a stronger connection.","Minimal pathos is evoked as the listener can sense the speaker's enthusiasm, but it does not provoke a strong emotional response.",
272,LEHRER,All right. What about that point?,273,97,8,2,0,(),6,"{'about', 'that', 'right', 'all', 'point', 'what'}",16,1.5,0.5,2.5,empty,empty,empty,1.15,18.4,4765,6305.153333333334,The ethos is relatively weak because the statement is informal and lacks authority.,"With minimal emotional appeal, the phrase simply attempts to direct the conversation to a specific point.","The logical aspect is slightly more prominent, as the statement asks for clarification on a particular topic."
273,OBAMA,Which point? He raised a whole bunch of them.,274,87,11,2,0,(),9,"{'them', 'whole', 'which', 'point', 'raised', 'he', 'of', 'a', 'bunch'}",22,1.0,0.0,2.0,empty,empty,empty,1.1,24.200000000000003,19516,33624.46333333333,The speaker slightly establishes authority by acknowledging that multiple points were raised.,,"The speaker uses logic to point out that there were several points mentioned, but does not dive deeper into specific reasoning."
274,LEHRER,"I know, OK, let’s go to the latter point and we’ll back up. The point about your not having been…",275,98,27,2,1,"(’s,)",17,"{'let', 'about', 'the', 's', 'ok', 'latter', 'up', 'point', 'and', 'to', 'your', 'go', 'back', 'not', 'we', 'know', 'i'}",47,1.0,0.0,0.0,empty,empty,empty,1.0333333333333334,48.56666666666667,4812,6353.72,The use of 'I know' slightly conveys authority from the speaker.,,
275,OBAMA,"Look, I’m very proud of my vice presidential selection, Joe Biden, who is the chairman of the Senate Foreign Relations Committee, and as he explains, and as John well knows, the issues of Afghanistan, the issues of Iraq, critical issues like that, don’t go through my subcommittee because they’re done as a committee as a whole. But that’s Senate inside baseball. But let’s get back to the core issue here. Senator McCain is absolutely right that the violence has been reduced as a consequence of the extraordinary sacrifice of our troops and our military families. They have done a brilliant job, and General Petraeus has done a brilliant job. But understand, that was a tactic designed to contain the damage of the previous four years of mismanagement of this war. And so John likes — John, you like to pretend like the war started in 2007. You talk about the surge. The war started in 2003, and at the time when the war started, you said it was going to be quick and easy. You said we knew where the weapons of mass destruction were. You were wrong. You said that we were going to be greeted as liberators. You were wrong. You said that there was no history of violence between Shia and Sunni. And you were wrong. And so my question is… (CROSSTALK)",276,88,266,16,16,"(Joe Biden, the Senate Foreign Relations Committee, John, Afghanistan, Iraq, Senate, McCain, General Petraeus, the previous four years, John, John, 2007, 2003, Shia, Sunni, CROSSTALK)",103,"{'designed', 'brilliant', 'sacrifice', 'very', 'a', 'there', 'between', 'you', 'is', 'it', 'understand', 'the', 'right', 'pretend', 'where', 'because', 'were', 'go', 'military', 'sunni', 'but', 'senate', 'job', 'wrong', 'mass', 'question', 'so', 'damage', 'war', 'consequence', 'going', 'as', 'back', 'subcommittee', 'here', 'general', 'history', 'was', 'selection', 'that', 'at', 'knew', 'extraordinary', 't', 'be', 'contain', 'my', 'don', 'said', 'critical', 'mismanagement', 'core', 'and', 'violence', 'been', 'four', 'look', 'of', 'destruction', 'like', 'easy', 'john', 'have', 'our', 'they', 'foreign', 'previous', 'about', 'absolutely', 'iraq', 'surge', 'senator', 'who', 'baseball', 'he', 'issue', 'well', 'i', 'joe', 'done', 'vice', 'to', 'm', 'talk', 'time', 're', 'quick', 'we', 'let', 'chairman', 'inside', 'in', 's', 'whole', 'this', 'through', 'reduced', 'no', 'get', 'presidential', 'committee', 'tactic', 'when'}",401,7.5,4.2,8.5,empty,empty,empty,1.6733333333333333,671.0066666666667,19917,34295.47,The speaker demonstrates their credibility by mentioning their vice presidential selection and involvement in the Senate Foreign Relations Committee.,The mention of military families' sacrifice and the damage containment alludes to the emotional struggle of war.,The speaker provides a logical argument by citing historical claims compared to the current state and consequences of the war.
276,LEHRER,Senator Obama…,277,99,2,1,1,"(Obama,)",1,{'senator'},5,0.0,0.0,0.0,empty,empty,empty,1.0,5.0,4817,6358.72,,,
277,OBAMA,"… of judgment, of whether or not — of whether or not — if the question is who is best-equipped as the next president to make good decisions about how we use our military, how we make sure that we are prepared and ready for the next conflict, then I think we can take a look at our judgment.",278,89,63,1,0,(),38,"{'about', 'judgment', 'that', 'at', 'who', 'if', 'president', 'then', 'think', 'i', 'for', 'or', 'question', 'are', 'sure', 'prepared', 'as', 'to', 'conflict', 'take', 'a', 'we', 'good', 'how', 'is', 'and', 'look', 'of', 'not', 'whether', 'ready', 'the', 'next', 'make', 'our', 'can', 'use', 'military'}",102,7.5,4.0,6.4,empty,empty,empty,1.5966666666666667,162.86,20019,34458.33,The speaker establishes their credibility by discussing their judgment and preparedness to make important decisions.,There is an appeal to emotion through invoking the idea of ensuring safety and readiness for the next conflict.,The speaker uses logical reasoning by arguing that the best candidate would be someone who can effectively make decisions about military usage and preparedness.
278,LEHRER,I have got a lot on the plate here…,279,100,9,1,0,(),8,"{'the', 'got', 'on', 'plate', 'have', 'a', 'i', 'lot'}",18,3.5,4.0,2.0,empty,empty,empty,1.3166666666666667,23.7,4835,6382.42,This phrase shows humility of the speaker but lacks strong credibility.,"By expressing having 'a lot on the plate,' the speaker elicits some sympathy from the audience.","The phrase is somewhat reasonable, but it lacks specificity and evidence to make a logical argument."
279,MCCAIN,"I’m afraid Senator Obama doesn’t understand the difference between a tactic and a strategy. But the important — I’d like to tell you, two Fourths of July ago I was in Baghdad. General Petraeus invited Senator Lindsey Graham and me to attend a ceremony where 688 brave young Americans, whose enlistment had expired, were reenlisting to stay and fight for Iraqi freedom and American freedom. I was honored to be there. I was honored to speak to those troops. And you know, afterwards, we spent a lot of time with them. And you know what they said to us? They said, let us win. They said, let us win. We don’t want our kids coming back here. And this strategy, and this general, they are winning. Senator Obama refuses to acknowledge that we are winning in Iraq.",280,91,166,12,13,"(Obama, n’t, two, July ago, Baghdad, General Petraeus, Lindsey Graham, 688, Americans, Iraqi, American, Obama, Iraq)",76,"{'tell', 'was', 'winning', 'iraq', 'strategy', 'senator', 'win', 'brave', 'that', 'afraid', 'but', 'iraqi', 'attend', 'fight', 'those', 't', 'd', 'i', 'for', 'lot', 'graham', 'be', 'lindsey', 'them', 'july', 'ceremony', 'are', 'important', 'coming', 'to', 'm', 'freedom', 'time', 'don', 'a', 'had', 'there', 'between', 'know', 'we', 'spent', 'you', 'in', 'afterwards', 'with', 'said', 'let', 'this', 'and', 'stay', 'here', 'general', 'of', 'back', 'young', 'speak', 'like', 'understand', 'us', 'enlistment', 'the', 'tactic', 'ago', 'me', 'acknowledge', 'where', 'american', 'difference', 'whose', 'want', 'kids', 'what', 'were', 'our', 'they', 'two'}",267,7.0,6.5,4.0,empty,empty,empty,1.5833333333333335,422.75000000000006,18691,30816.66,The speaker leverages their experience in Baghdad to build credibility on military tactics and strategy.,The speech uses an emotional appeal by mentioning the soldiers' reenlistments and their bravery to fight for freedom.,"The speaker provides a weak logical argument, assuming that the soldiers' plea for victory indicates the ongoing success of the current strategy."
280,OBAMA,That’s not true.,281,90,6,1,0,(),4,"{'not', 's', 'that', 'true'}",11,2.5,1.0,3.0,empty,empty,empty,1.2166666666666668,13.383333333333335,20030,34471.71333333333,The speaker asserts their authority or credibility to claim something is untrue.,"There is very little emotional appeal in the statement, as it is just a simple denial.",The statement attempts to use logical reasoning by refuting a previous claim.
281,MCCAIN,They just passed an electoral…,282,92,5,1,0,(),3,"{'an', 'just', 'they'}",9,4.5,0.0,7.2,empty,empty,empty,1.39,12.51,18700,30829.17,"The speaker demonstrates their knowledge of recent events, but doesn't establish their own credibility or that of their sources.",,"The argument is based on a factual, recent event and presents reasoned analysis."
282,OBAMA,That’s not true.,283,91,6,1,0,(),4,"{'not', 's', 'that', 'true'}",11,1.0,1.0,1.0,empty,empty,empty,1.1,12.100000000000001,20041,34483.81333333333,The statement challenges trustworthiness but lacks depth or context.,"As a simple denial, the statement carries minimal emotional weight.","The statement argues against a point, but with no logical support."
283,MCCAIN,"An election law just in the last few days. There is social, economic progress, and a strategy, a strategy of going into an area, clearing and holding, and the people of the country then become allied with you. They inform on the bad guys. And peace comes to the country, and prosperity. That’s what’s happening in Iraq, and it wasn’t a tactic.",284,93,80,5,2,"(the last few days, Iraq)",46,"{'iraq', 'strategy', 'comes', 'that', 'then', 'peace', 'few', 'bad', 'area', 'prosperity', 'clearing', 'days', 't', 'an', 'going', 'into', 'to', 'social', 'people', 'a', 'there', 'become', 'with', 'you', 'in', 'is', 'inform', 'on', 's', 'just', 'and', 'election', 'allied', 'it', 'of', 'law', 'economic', 'country', 'progress', 'the', 'tactic', 'happening', 'holding', 'last', 'what', 'they'}",133,6.5,3.5,5.5,empty,empty,empty,1.5166666666666666,201.71666666666667,18833,31030.886666666665,The speaker relies on their credibility as a source of information by discussing recent developments in election law.,The speaker attempts to appeal to a sense of hope for peace and prosperity.,The speaker presents a logical sequence of steps in the strategy for achieving peace and prosperity in Iraq.
284,LEHRER,Let me see…,285,101,3,1,0,(),2,"{'let', 'me'}",6,0.0,0.0,0.0,empty,empty,empty,1.0,6.0,4841,6388.42,,,
285,OBAMA,"Jim, Jim, this is a big…",286,92,8,1,2,"(Jim, Jim)",4,"{'this', 'jim', 'a', 'is'}",15,0.0,0.0,0.0,empty,empty,empty,1.0,15.0,20056,34498.81333333333,,,
286,MCCAIN,"It was a strategy. And that same strategy will be employed in Afghanistan by this great general. And Senator Obama, who after promising not to vote to cut off funds for the troops, did the incredible thing of voting to cut off the funds for the troops in Iraq and Afghanistan.",287,94,56,3,4,"(Afghanistan, Obama, Iraq, Afghanistan)",33,"{'was', 'iraq', 'strategy', 'that', 'senator', 'who', 'off', 'great', 'vote', 'did', 'will', 'for', 'be', 'to', 'a', 'voting', 'in', 'thing', 'this', 'and', 'it', 'promising', 'general', 'of', 'cut', 'after', 'not', 'the', 'by', 'incredible', 'same', 'employed', 'funds'}",96,7.5,4.5,6.5,empty,empty,empty,1.6166666666666667,155.2,18929,31186.086666666666,"The speaker refers to a successful strategy and a great general, giving credibility and authority.",The pathos is derived from indirectly speaking about supporting troops and their funding.,"Using a past example of voting history, the speaker shows how Obama changed his position on military funding, offering a logical argument."
287,OBAMA,"Jim, there are a whole bunch of things we have got to answer. First of all, let’s talk about this troop funding issue because John always brings this up. Senator McCain cut — Senator McCain opposed funding for troops in legislation that had a timetable, because he didn’t believe in a timetable. I opposed funding a mission that had no timetable, and was open- ended, giving a blank check to George Bush. We had a difference on the timetable. We didn’t have a difference on whether or not we were going to be funding troops. We had a legitimate difference, and I absolutely understand the difference between tactics and strategy. And the strategic question that the president has to ask is not whether or not we are employing a particular approach in the country once we have made the decision to be there. The question is, was this wise? We have seen Afghanistan worsen, deteriorate. We need more troops there. We need more resources there. Senator McCain, in the rush to go into Iraq, said, you know what? We’ve been successful in Afghanistan. There is nobody who can pose a threat to us there. This is a time when bin Laden was still out, and now they’ve reconstituted themselves. Secretary of Defense Robert Gates himself acknowledges the war on terrorism started in Afghanistan and it needs to end there. But we can’t do it if we are not willing to give Iraq back its country. Now, what I’ve said is we should end this war responsibly. We should do it in phases. But in 16 months we should be able to reduce our combat troops, put — provide some relief to military families and our troops and bolster our efforts in Afghanistan so that we can capture and kill bin Laden and crush al Qaeda. And right now, the commanders in Afghanistan, as well as Admiral Mullen, have acknowledged that we don’t have enough troops to deal with Afghanistan because we still have more troops in Iraq than we did before the surge.",288,93,398,22,23,"(Jim, First, ’s, John, McCain, McCain, George Bush, Afghanistan, McCain, Iraq, Afghanistan, bin Laden, Robert Gates, Afghanistan, Iraq, 16 months, Afghanistan, bin Laden, al Qaeda, Afghanistan, Mullen, Afghanistan, Iraq)",152,"{'legislation', 'president', 'bolster', 'strategic', 'decision', 'or', 'pose', 'than', 'into', 'laden', 'a', 'there', 'had', 'between', 'worsen', 'able', 'you', 'is', 'on', 'it', 'need', 'understand', 'robert', 'before', 'the', 'right', 'all', 'because', 'difference', 'capture', 'al', 'ended', 'were', 'deal', 'go', 'bunch', 'military', 'himself', 'got', 'strategy', 'defense', 'but', 'responsibly', 'did', 'timetable', 'tactics', 'question', 'so', 'are', 'believe', 'troop', 'war', 'going', 'rush', 'as', 'back', 'made', 'wise', 'enough', 'cut', 'us', 'deteriorate', 'now', 'george', 'combat', 'answer', 'still', 'phases', 'was', 'out', 'that', 'ask', 'approach', 'successful', 'seen', 'put', 'acknowledged', 't', 'be', 'once', 'particular', 'terrorism', 'don', 'provide', 'kill', 'know', 'said', 'with', 'themselves', 'secretary', 'up', 'and', 'been', 'bin', 'end', 'bush', 'blank', 'relief', 'of', 'reduce', 'give', 'not', 'do', 'giving', 'john', 'what', 'have', 'our', 'they', 'willing', 'should', 'about', 'absolutely', 'iraq', 'surge', 'senator', 'crush', 'jim', 'who', 'if', 'issue', 'he', 'nobody', 'well', 'admiral', 'i', 'for', 'to', 'first', 'talk', 'time', 'we', 'always', 'threat', 'let', 'legitimate', 'in', 's', 'whole', 'this', 'no', 'whether', 'needs', 'check', 'country', 'more', 'opposed', 'can', 'its', 'some', 'mission', 'when'}",595,7.2,6.7,8.4,empty,empty,empty,1.7433333333333334,1037.2833333333333,20651,35536.096666666665,"The credibility of the speaker is established through his detailed understanding of the issues and use of respected sources, such as Secretary of Defense Robert Gates.",The speaker connects to audience's emotions by emphasizing the importance of troop safety and the impact on military families.,"The speaker logically explains the differences in strategies, the need to refocus on Afghanistan, and provides a concrete 16-month plan for troop reduction."
288,MCCAIN,Admiral Mullen suggests that Senator Obama’s plan is dangerous for America.,289,95,14,1,3,"(Mullen, Obama, America)",9,"{'s', 'that', 'senator', 'is', 'america', 'dangerous', 'plan', 'admiral', 'for'}",27,6.5,2.5,3.5,empty,empty,empty,1.4166666666666667,38.25,18956,31224.336666666666,"The statement's strength in ethos primarily comes from referencing Admiral Mullen, a respected military figure.","While not very heavy in appeal to emotions, it does evoke some fear by using the word 'dangerous,' which could impact the safety of Americans.","Logos is somewhat present, as the argument implies a cause-and-effect relationship between Senator Obama's plan and potential danger to America."
289,OBAMA,That’s not the case.,290,94,7,1,0,(),5,"{'case', 'the', 's', 'that', 'not'}",13,1.0,0.0,2.0,empty,empty,empty,1.1,14.3,20664,35550.39666666667,The statement somewhat implies credibility by denying a perceived claim.,,"It's a simple logical statement, but without enough context, its strength is limited."
290,MCCAIN,That’s what …,291,96,5,1,0,(),3,"{'what', 's', 'that'}",9,0.0,0.0,0.0,empty,empty,empty,1.0,9.0,18965,31233.336666666666,,,
291,OBAMA,What he said was a precipitous…,292,95,6,1,0,(),5,"{'was', 'he', 'what', 'a', 'said'}",12,0.0,6.4,3.9,empty,empty,empty,1.3433333333333333,16.119999999999997,20676,35566.51666666666,,"The word 'precipitous' evokes a sense of urgency and danger, resulting in emotional appeal.","Without context, it's hard to determine the logical connection, but a listener may infer an argument based on what 'he said.'"
292,MCCAIN,That’s what Admiral Mullen said.,293,97,8,1,1,"(Mullen,)",5,"{'s', 'that', 'what', 'admiral', 'said'}",15,7.5,0.0,0.0,empty,empty,empty,1.25,18.75,18980,31252.086666666666,Admiral Mullen's authority is invoked to increase credibility.,,
293,OBAMA,… withdrawal would be dangerous. He did not say that. That’s not true.,294,96,18,3,0,(),11,"{'be', 'that', 's', 'true', 'dangerous', 'he', 'withdrawal', 'say', 'did', 'not', 'would'}",32,3.5,2.0,6.5,empty,empty,empty,1.4,44.8,20708,35611.316666666666,"The speaker refutes a claim, but does not establish their credibility or authority on the topic.",The emotional appeal is minimal as the focus is on correcting a statement.,"The logical argument is made by stating a factual correction, providing evidence against a previous claim."
294,MCCAIN,"And also General Petraeus said the same thing. Osama bin Laden and General Petraeus have one thing in common that I know of, they both said that Iraq is the central battleground. Now General Petraeus has praised the successes, but he said those successes are fragile and if we set a specific date for withdrawal — and by the way, Senator Obama’s original plan, they would have been out last spring before the surge ever had a chance to succeed. And I’m — I’m — understand why Senator Obama was surprised and said that the surge succeeded beyond his wildest expectations.",295,98,115,4,9,"(General Petraeus, Osama bin Laden, General Petraeus, one, Iraq, General Petraeus, Obama, last spring, Obama)",61,"{'was', 'iraq', 'that', 'senator', 'out', 'surge', 'beyond', 'but', 'fragile', 'if', 'spring', 'one', 'he', 'battleground', 'those', 'both', 'i', 'for', 'ever', 'chance', 'central', 'are', 'date', 'specific', 'plan', 'to', 'm', 'common', 'laden', 'original', 'a', 'we', 'know', 'had', 'said', 'in', 'is', 'thing', 's', 'his', 'and', 'bin', 'been', 'succeed', 'general', 'of', 'set', 'would', 'understand', 'also', 'the', 'by', 'before', 'last', 'now', 'way', 'have', 'withdrawal', 'they', 'why', 'same'}",189,7.0,4.5,8.0,empty,empty,empty,1.65,311.84999999999997,19169,31563.936666666665,"The speaker establishes credibility by referring to General Petraeus, a respected military leader.","The speaker appeals to the audience's concerns about setting a withdrawal date, but the emotional appeal could be stronger.","The speaker presents a logical argument that if the withdrawal had happened earlier, the surge's success might not have occurred."
295,MCCAIN,"It didn’t exceed beyond mine, because I know that that’s a strategy that has worked and can succeed. But if we snatch defeat from the jaws of victory and adopt Senator Obama’s plan, then we will have a wider war and it will make things more complicated throughout the region, including in Afghanistan.",296,99,64,2,2,"(Obama, Afghanistan)",38,"{'region', 'that', 'strategy', 'worked', 'senator', 'beyond', 'but', 'if', 'adopt', 'then', 'mine', 't', 'will', 'i', 'snatch', 'war', 'plan', 'a', 'we', 'know', 'in', 's', 'defeat', 'and', 'succeed', 'it', 'victory', 'of', 'throughout', 'the', 'more', 'exceed', 'because', 'make', 'complicated', 'from', 'can', 'have'}",106,6.5,2.0,5.5,empty,empty,empty,1.4666666666666668,155.46666666666667,19275,31719.403333333332,The speaker establishes credibility by discussing a personal understanding of strategy and referencing specific candidates.,There is a limited emotional appeal in the snippet through mentioning a potential wider war and increased regional complications.,"The logical argument is made that Senator Obama's plan could lead to greater conflict and regional issues, though more context is needed for a stronger argument."
296,LEHRER,"Afghanistan, lead — a new — a new lead question. Now, having resolved Iraq, we’ll move to Afghanistan. (LAUGHTER) And it goes to you, Senator Obama, and it’s a — it picks up on a point that’s already been made. Do you think more troops — more U.S. troops should be sent to Afghanistan, how many, and when?",297,102,77,4,6,"(Afghanistan, Iraq, Afghanistan, Obama, U.S., Afghanistan)",33,"{'iraq', 'that', 'senator', 'sent', 'think', 'be', 'question', 'move', 'resolved', 'to', 'a', 'we', 'new', 'laughter', 'how', 'you', 's', 'on', 'up', 'made', 'and', 'goes', 'been', 'it', 'many', 'more', 'do', 'now', 'point', 'already', 'lead', 'when', 'should'}",120,2.0,1.0,3.0,empty,empty,empty,1.2,144.0,4961,6532.42,The speaker is a moderator and not establishing credibility on the subject matter.,There is a minimal emotional appeal with the mention of the audience's laughter.,The question is trying to discuss a logical issue (more troops to Afghanistan) but lacks clear reasoning or evidence.
297,OBAMA,"Yes, I think we need more troops. I’ve been saying that for over a year now. And I think that we have to do it as quickly as possible, because it’s been acknowledged by the commanders on the ground the situation is getting worse, not better. We had the highest fatalities among U.S. troops this past year than at any time since 2002. And we are seeing a major offensive taking place — Al Qaida and Taliban crossing the border and attacking our troops in a brazen fashion. They are feeling emboldened. And we cannot separate Afghanistan from Iraq, because what our commanders have said is we don’t have the troops right now to deal with Afghanistan. So I would send two to three additional brigades to Afghanistan. Now, keep in mind that we have four times the number of troops in Iraq, where nobody had anything to do with 9/11 before we went in, where, in fact, there was no Al Qaida before we went in, but we have four times more troops there than we do in Afghanistan. And that is a strategic mistake, because every intelligence agency will acknowledge that Al Qaida is the greatest threat against the United States and that Secretary of Defense Gates acknowledged the central front — that the place where we have to deal with these folks is going to be in Afghanistan and in Pakistan. So here’s what we have to do comprehensively, though. It’s not just more troops. We have to press the Afghan government to make certain that they are actually working for their people. And I’ve said this to President Karzai. Number two, we’ve got to deal with a growing poppy trade that has exploded over the last several years. Number three, we’ve got to deal with Pakistan, because Al Qaida and the Taliban have safe havens in Pakistan, across the border in the northwest regions, and although, you know, under George Bush, with the support of Senator McCain, we’ve been giving them $10 billion over the last seven years, they have not done what needs to be done to get rid of those safe havens. And until we do, Americans here at home are not going to be safe.",298,97,432,17,36,"(over a year, U.S., this past year, 2002, Al Qaida, Taliban, Afghanistan, Iraq, Afghanistan, two to three, Afghanistan, four, Iraq, 9/11, Al Qaida, four, Afghanistan, Al Qaida, the United States, Defense Gates, Afghanistan, Pakistan, Afghan, Karzai, Number two, the last several years, Number three, Pakistan, Al Qaida, Taliban, Pakistan, George Bush, McCain, $10 billion, the last seven years, Americans)",153,"{'billion', 'president', 'strategic', 'those', 'think', 'than', 'rid', 'a', 'had', 'there', 'past', 'you', 'is', 'on', 'just', 'it', 'times', 'need', 'these', 'before', 'the', 'right', 'where', 'because', 'make', 'any', 'al', 'deal', 'offensive', 'got', 'defense', 'but', 'actually', 'ground', 'mind', 'possible', 'so', 'are', 'feeling', 'getting', 'as', 'going', 'working', 'people', 'certain', 'over', 'poppy', 'support', 'here', 'place', 'under', 'since', 'by', 'saying', 'last', 'now', 'george', 'every', 'mistake', 'major', 'send', 'press', 'was', 'that', 'front', 'at', 'although', 'government', 'crossing', 'went', 'afghan', 'fashion', 'acknowledged', 'better', 't', 'fact', 'highest', 'northwest', 'seven', 'be', 'them', 'taking', 'several', 'seeing', 'their', 'don', 'against', 'home', 'know', 'said', 'with', 'across', 'quickly', 'secretary', 'and', 'been', 'four', 'growing', 'bush', 'keep', 'of', 'not', 'year', 'do', 'acknowledge', 'giving', 'brazen', 'what', 'have', 'our', 'they', 'two', 'three', 'border', 'iraq', 'senator', 'situation', 'worse', 'nobody', 'additional', 'until', 'united', 'will', 'i', 'for', 'anything', 'safe', 'done', 'central', 'to', 'number', 'exploded', 'time', 'trade', 'we', 'threat', 'in', 's', 'this', 'intelligence', 'no', 'separate', 'get', 'among', 'would', 'needs', 'more', 'yes', 'comprehensively', 'from', 'can', 'though', 'agency'}",638,7.8,5.9,8.6,empty,empty,empty,1.7433333333333332,1112.2466666666667,21346,36723.56333333333,The speaker establishes credibility by referencing their consistent stance on the issue and citing high-level sources such as commanders and the Secretary of Defense.,The speaker invokes the emotions related to U.S. troops' fatalities and the safety of Americans at home.,"The speaker uses a logical argument by providing statistics, connecting the situation in Afghanistan and Iraq, and outlining a comprehensive approach to address the issue."
298,LEHRER,"Afghanistan, Senator McCain?",299,103,5,1,2,"(Afghanistan, McCain)",1,{'senator'},9,3.0,5.0,4.0,empty,empty,empty,1.4,12.6,4970,6545.0199999999995,"The speaker tries to establish credibility by addressing a high-ranking politician, but the question lacks context.","The use of McCain's name might invoke an emotional response, especially if audience members have strong opinions about him.","This question leaves room for logical exploration, but more information is needed to understand its full meaning."
299,MCCAIN,"First of all, I won’t repeat the mistake that I regret enormously, and that is, after we were able to help the Afghan freedom fighters and drive the Russians out of Afghanistan, we basically washed our hands of the region. And the result over time was the Taliban, Al Qaida, and a lot of the difficulties we are facing today. So we can’t ignore those lessons of history. Now, on this issue of aiding Pakistan, if you’re going to aim a gun at somebody, George Shultz, our great secretary of state, told me once, you’d better be prepared to pull the trigger. I’m not prepared at this time to cut off aid to Pakistan. So I’m not prepared to threaten it, as Senator Obama apparently wants to do, as he has said that he would announce military strikes into Pakistan. We’ve got to get the support of the people of — of Pakistan. He said that he would launch military strikes into Pakistan. Now, you don’t do that. You don’t say that out loud. If you have to do things, you have to do things, and you work with the Pakistani government. Now, the new president of Pakistan, Kardari (sic), has got his hands full. And this area on the border has not been governed since the days of Alexander the Great. I’ve been to Waziristan. I can see how tough that terrain is. It’s ruled by a handful of tribes. And, yes, Senator Obama calls for more troops, but what he doesn’t understand, it’s got to be a new strategy, the same strategy that he condemned in Iraq. It’s going to have to be employed in Afghanistan. And we’re going to have to help the Pakistanis go into these areas and obtain the allegiance of the people. And it’s going to be tough. They’ve intermarried with Al Qaida and the Taliban. And it’s going to be tough. But we have to get the cooperation of the people in those areas. And the Pakistanis are going to have to understand that that bombing in the Marriott Hotel in Islamabad was a signal from the terrorists that they don’t want that government to cooperate with us in combating the Taliban and jihadist elements. So we’ve got a lot of work to do in Afghanistan. But I’m confident, now that General Petraeus is in the new position of command, that we will employ a strategy which not only means additional troops — and, by the way, there have been 20,000 additional troops, from 32,000 to 53,000, and there needs to be more. So it’s not just the addition of troops that matters. It’s a strategy that will succeed. And Pakistan is a very important element in this. And I know how to work with them. And I guarantee you I would not publicly state that I’m going to attack them.",300,100,590,31,38,"(First, Afghan, Russians, Afghanistan, Taliban, Al Qaida, today, Pakistan, George Shultz, state, Pakistan, Obama, Pakistan, Pakistan, Pakistan, Pakistani, Pakistan, Kardari, the days, Alexander the Great, Waziristan, Obama, Iraq, Afghanistan, Pakistanis, Al Qaida, Taliban, Pakistanis, the Marriott Hotel, Islamabad, Taliban, jihadist, Afghanistan, General Petraeus, 20,000, 32,000, 53,000, Pakistan)",161,"{'trigger', 'off', 'which', 'president', 'those', 'position', 'addition', 'announce', 'into', 'very', 'freedom', 'loud', 'able', 'a', 'terrain', 'there', 'you', 'won', 'is', 'on', 'aim', 'alexander', 'just', 'his', 'succeed', 'repeat', 'it', 'these', 'understand', 'the', 'all', 'al', 'were', 'hotel', 'go', 'military', 'today', 'got', 'strategy', 'but', 'pull', 'days', 'apparently', 'lot', 'so', 'are', 'important', 'going', 'as', 'enormously', 'people', 'attack', 'only', 'result', 'over', 'somebody', 'told', 'support', 'condemned', 'general', 'cut', 'launch', 'us', 'history', 'since', 'by', 'now', 'george', 'mistake', 'say', 'handful', 'obtain', 'was', 'out', 'that', 'at', 'drive', 'government', 'area', 'afghan', 'pakistani', 'great', 't', 'd', 'better', 'be', 'once', 'them', 'regret', 'state', 'prepared', 'don', 'command', 'know', 'said', 'ignore', 'with', 'element', 'work', 'secretary', 'and', 'been', 'of', 'not', 'me', 'do', 'aid', 'want', 'what', 'way', 'have', 'our', 'same', 'they', 'guarantee', 'region', 'border', 'iraq', 'senator', 'if', 'issue', 'he', 'employ', 'threaten', 'full', 'publicly', 'additional', 'allegiance', 'will', 'i', 'for', 'tough', 'basically', 'sic', 'to', 'first', 'm', 'signal', 'time', 're', 'we', 'new', 'see', 'how', 'in', 's', 'this', 'gun', 'get', 'facing', 'after', 'would', 'needs', 'washed', 'more', 'confident', 'yes', 'from', 'can', 'help', 'employed'}",820,7.5,4.0,7.0,empty,empty,empty,1.6166666666666667,1325.6666666666667,20095,33045.07,The speaker establishes credibility as a knowledgeable and experienced individual by referencing past interactions with significant figures and personal visits to the specific regions discussed.,"The speaker invokes fear of repeat mistakes leading to dangerous consequences in the region, although the emotional aspect remains limited.",The speaker presents a logical argument by explaining the interconnectedness of the different actors in the region and emphasizing the importance of a strategy and cooperation in resolving the issue.
300,OBAMA,"Nobody talked about attacking Pakistan. Here’s what I said. And if John wants to disagree with this, he can let me know, that, if the United States has Al Qaida, bin Laden, top-level lieutenants in our sights, and Pakistan is unable or unwilling to act, then we should take them out. Now, I think that’s the right strategy; I think that’s the right policy. And, John, I — you’re absolutely right that presidents have to be prudent in what they say. But, you know, coming from you, who, you know, in the past has threatened extinction for North Korea and, you know, sung songs about bombing Iran, I don’t know, you know, how credible that is. I think this is the right strategy. Now, Senator McCain is also right that it’s difficult. This is not an easy situation. You’ve got cross-border attacks against U.S. troops. And we’ve got a choice. We could allow our troops to just be on the defensive and absorb those blows again and again and again, if Pakistan is unwilling to cooperate, or we have to start making some decisions. And the problem, John, with the strategy that’s been pursued was that, for 10 years, we coddled Musharraf, we alienated the Pakistani population, because we were anti-democratic. We had a 20th-century mindset that basically said, “Well, you know, he may be a dictator, but he’s our dictator.” And as a consequence, we lost legitimacy in Pakistan. We spent $10 billion. And in the meantime, they weren’t going after Al Qaida, and they are more powerful now than at any time since we began the war in Afghanistan. That’s going to change when I’m president of the United States.",301,98,365,17,22,"(Pakistan, John, the United States, Al Qaida, bin Laden, Pakistan, John, North Korea, Iran, McCain, U.S., Pakistan, John, 10 years, Musharraf, Pakistani, 20th-century, Pakistan, $10 billion, Al Qaida, Afghanistan, the United States)",122,"{'billion', 'population', 'president', 'those', 'think', 'extinction', 'or', 'north', 'coming', 'than', 'credible', 'take', 'laden', 'a', 'had', 'defensive', 'spent', 'unwilling', 'you', 'past', 'is', 'start', 'on', 'dictator', 'just', 'making', 'it', 'difficult', 'allow', 'the', 'right', 'because', 'any', 'absorb', 'al', 'were', 'strategy', 'got', 'but', 'are', 'war', 'consequence', 'going', 'as', 'iran', 'change', 'here', 'powerful', 'since', 'policy', 'now', 'sung', 'again', 'say', 'was', 'out', 'that', 'at', 'then', 'lost', 'pakistani', 't', 'problem', 'them', 'be', 'prudent', 'don', 'against', 'know', 'said', 'with', 'and', 'bin', 'been', 'choice', 'of', 'not', 'disagree', 'me', 'legitimacy', 'easy', 'what', 'john', 'have', 'our', 'they', 'should', 'about', 'absolutely', 'senator', 'situation', 'who', 'if', 'could', 'nobody', 'he', 'well', 'united', 'i', 'for', 'an', 'basically', 'to', 'm', 'time', 're', 'we', 'let', 'how', 'in', 's', 'this', 'unable', 'act', 'after', 'also', 'more', 'from', 'can', 'some', 'may', 'when'}",526,8.0,7.3,8.5,empty,empty,empty,1.7933333333333334,943.2933333333334,21872,37666.85666666667,"The speaker establishes credibility with a thorough understanding of the situation, specific policy proposals, and acknowledgment of the difficulty of the situation.",The speaker uses the idea of US troops taking blows repeatedly to appeal to the listeners' emotions and concern for their well-being.,"The logical structure of the arguments is clear and provides evidence of the shortcomings of the current strategy, the consequences of that strategy, and the rationale for the proposed policy change."
301,MCCAIN,"I — I don’t think that Senator Obama understands that there was a failed state in Pakistan when Musharraf came to power. Everybody who was around then, and had been there, and knew about it knew that it was a failed state. But let me tell you, you know, this business about bombing Iran and all that, let me tell you my record. Back in 1983, when I was a brand-new United States congressman, the one — the person I admired the most and still admire the most, Ronald Reagan, wanted to send Marines into Lebanon. And I saw that, and I saw the situation, and I stood up, and I voted against that, because I was afraid that they couldn’t make peace in a place where 300 or 400 or several hundred Marines would make a difference. Tragically, I was right: Nearly 300 Marines lost their lives in the bombing of the barracks. And then we had Somalia — then we had the first Gulf War. I supported — I supported that. I supported us going into Bosnia, when a number of my own party and colleagues was against that operation in Bosnia. That was the right thing to do, to stop genocide and to preserve what was necessary inside of Europe. I supported what we did in Kosovo. I supported it because ethnic cleansing and genocide was taking place there. And I have a record — and Somalia, I opposed that we should turn — turn the force in Somalia from a peacekeeping force into a peacemaking force, which they were not capable of. So I have a record. I have a record of being involved in these national security issues, which involve the highest responsibility and the toughest decisions that any president can make, and that is to send our young men and women into harm’s way. And I’ll tell you, I had a town hall meeting in Wolfeboro, New Hampshire, and a woman stood up and she said, “Senator McCain, I want you to do me the honor of wearing a bracelet with my son’s name on it.” He was 22 years old and he was killed in combat outside of Baghdad, Matthew Stanley, before Christmas last year. This was last August, a year ago. And I said, “I will — I will wear his bracelet with honor.” And this was August, a year ago. And then she said, “But, Senator McCain, I want you to do everything — promise me one thing, that you’ll do everything in your power to make sure that my son’s death was not in vain.” That means that that mission succeeds, just like those young people who re-enlisted in Baghdad, just like the mother I met at the airport the other day whose son was killed. And they all say to me that we don’t want defeat. I know what thatâ€™s like when an army is defeated.",302,101,567,21,39,"(Obama, Pakistan, Musharraf, Iran, 1983, United States, Ronald Reagan, Marines, Lebanon, 300, 400, several hundred, Marines, Nearly 300, Somalia, first, Gulf War, Bosnia, Bosnia, Europe, Kosovo, Somalia, Somalia, Wolfeboro, New Hampshire, McCain, 22 years old, Baghdad, Matthew Stanley, Christmas last year, last August, a year ago, August, a year ago, McCain, one, Baghdad, the other day, thatâ€)",177,"{'stop', 'august', 'which', 'president', 'necessary', 'those', 'think', 'hundred', 'or', 'christmas', 'sure', 'into', 'force', 'peacemaking', 'a', 'there', 'had', 'you', 'is', 'on', 'just', 'his', 'name', 'nearly', 'it', 'men', 'everybody', 'these', 'saw', 'before', 'the', 'right', 'where', 'all', 'because', 'make', 'difference', 'any', 'wearing', 'were', 'involve', 'tell', 'old', 'afraid', 'but', 'day', 'ronald', 'your', 'she', 'met', 'did', 'everything', 'gulf', 'son', 'so', 'harm', 'war', 'admire', 'going', 'own', 'involved', 'came', 'back', 'people', 'iran', 'business', 'thing', 'defeat', 'ethnic', 'hall', 'place', 'wear', 'us', 'army', 'last', 'whose', 'combat', 'still', 'say', 'send', 'was', 'security', 'that', 'genocide', 'at', 'knew', 'then', 'peace', 'cleansing', 'lost', 'preserve', 'operation', 'honor', 't', 'highest', 'taking', 'my', 'several', 'being', 'state', 'around', 'promise', 'their', 'against', 'don', 'know', 'hampshire', 'said', 'with', 'stanley', 'power', 'up', 'airport', 'and', 'been', 'matthew', 'of', 'congressman', 'young', 'not', 'like', 'year', 'me', 'ago', 'do', 'party', 'want', 'what', 'way', 'have', 'capable', 'our', 'they', 'death', 'should', 'about', 'woman', 'senator', 'meeting', 'situation', 'who', 'responsibility', 'when', 'stood', 'one', 'most', 'he', 'town', 'other', 'united', 'will', 'i', 'an', 'tragically', 'record', 'to', 'first', 'number', 'admired', 'we', 'new', 'let', 'inside', 'in', 's', 'this', 'national', 'would', 'outside', 'opposed', 'mother', 'from', 'can', 'turn', 'mission', 'person', 'bracelet'}",804,7.4,8.5,6.9,empty,empty,empty,1.76,1415.04,20899,34460.11,The speaker invokes the authority of past experiences in military and peacekeeping decisions and Senator Obama's perceived lack of understanding.,The speaker appeals emotionally by sharing the story of the woman who lost her son and her plea for the mission's success.,The speaker uses a logical progression of past military involvements to establish a track record of making informed decisions on national security.
302,MCCAIN,"A war that I was in, where we had an Army, that it wasn’t through any fault of their own, but they were defeated. And I know how hard it is for that — for an Army and a military to recover from that. And it did and we will win this one and we won’t come home in defeat and dishonor and probably have to go back if we fail.",303,102,81,3,2,"(Army, Army)",48,"{'was', 'that', 'win', 'fail', 'but', 'if', 'one', 'go', 't', 'did', 'will', 'i', 'for', 'an', 'fault', 'war', 'their', 'own', 'to', 'dishonor', 'had', 'a', 'we', 'know', 'home', 'how', 'recover', 'back', 'in', 'is', 'won', 'this', 'defeat', 'and', 'through', 'it', 'of', 'army', 'where', 'any', 'come', 'were', 'from', 'probably', 'they', 'have', 'hard', 'military'}",134,3.5,6.0,4.5,empty,empty,empty,1.4666666666666668,196.53333333333336,21033,34656.64333333333,The speaker's credibility receives a slight boost from stating they were a veteran in a war.,"The emotional appeal is present, invoking feelings of not wanting to endure defeat and dishonor.",Logos can be seen in the argument that failure now could lead to being forced into a similar situation in the future.
303,OBAMA,"Jim, let me just make a point. I’ve got a bracelet, too, from Sergeant – from the mother of Sergeant Ryan David Jopeck (ph), given to me in green bay. She asked me, can you please make sure another mother is not going through what I’m going through. No U.S. soldier ever dies in vain because they’re carrying out the missions of their commander in chief. And we honor all the service that they’ve provided. Our troops have performed brilliantly. The question is for the next president, are we making good judgments about how to keep America safe precisely because sending our military into battle is such an enormous step. And the point that I originally made is that we took our eye off Afghanistan, we took our eye off the folks who perpetrated 9/11, they are still sending out videotapes and Senator McCain, nobody is talking about defeat in Iraq, but I have to say we are having enormous problems in Afghanistan because of that decision. And it is not true you have consistently been concerned about what happened in Afghanistan. At one point, while you were focused on Iraq, you said well, we can “muddle through” Afghanistan. You don’t muddle through the central front on terror and you don’t muddle through going after bin Laden. You don’t muddle through stamping out the Taliban. I think that is something we have to take seriously. And when I’m president, I will.",304,99,289,14,17,"(Jim, Sergeant Ryan, David Jopeck, green bay, U.S., America, Afghanistan, 9/11, McCain, Iraq, Afghanistan, Afghanistan, one, Iraq, Afghanistan, bin Laden, Taliban)",120,"{'off', 'president', 'consistently', 'please', 'decision', 'think', 'stamping', 'green', 'ever', 'true', 'battle', 'took', 'sure', 'into', 'take', 'laden', 'given', 'a', 'you', 'is', 'on', 'just', 'america', 'making', 'too', 'it', 'the', 'sergeant', 'because', 'all', 'make', 'brilliantly', 'were', 'military', 'sending', 'david', 'precisely', 'got', 'but', 'she', 'provided', 'terror', 'question', 'bay', 'while', 'are', 'step', 'going', 'carrying', 'defeat', 'made', 'next', 'still', 'enormous', 'say', 'out', 'that', 'front', 'at', 'muddle', 'another', 'honor', 't', 'commander', 'their', 'don', 'good', 'said', 'concerned', 'service', 'and', 'been', 'bin', 'keep', 'of', 'not', 'me', 'such', 'what', 'have', 'our', 'eye', 'they', 'vain', 'about', 'iraq', 'senator', 'jim', 'who', 'one', 'nobody', 'well', 'soldier', 'safe', 'will', 'i', 'for', 'central', 'an', 'talking', 'to', 'm', 're', 'we', 'something', 'let', 'how', 'in', 'through', 'no', 'after', 'originally', 'point', 'mother', 'from', 'can', 'chief', 'seriously', 'when', 'bracelet'}",440,6.7,7.8,8.6,empty,empty,empty,1.77,778.8,22312,38445.65666666667,The speaker references a personal interaction with the mother of a fallen soldier to establish credibility and connection to the military.,"By sharing the story of the mother who lost her son, the speaker evokes empathy and an emotional response in listeners.",The speaker provides a strong argument focusing on the need for better decision-making in national security and emphasizes the consequences of diverted focus from Afghanistan.
304,LEHRER,New …,305,104,2,1,0,(),1,{'new'},4,0.0,0.0,0.0,empty,empty,empty,1.0,4.0,4974,6549.0199999999995,,,
305,MCCAIN,"You might think that with that kind of concern that Senator Obama would have gone to Afghanistan, particularly given his responsibilities as a subcommittee chairman. By the way, when I’m subcommittee chairman, we take up the issues under my subcommittee. But the important thing is — the important thing is I visited Afghanistan and I traveled to Waziristan and I traveled to these places and I know what our security requirements are. I know what our needs are. So the point is that we will prevail in Afghanistan, but we need the new strategy and we need it to succeed. But the important thing is, if we suffer defeat in Iraq, which General Petraeus predicts we will, if we adopted Senator Obama’s set date for withdrawal, then that will have a calamitous effect in Afghanistan and American national security interests in the region. Senator Obama doesn’t seem to understand there is a connected between the two.",306,103,177,7,12,"(Obama, Afghanistan, Afghanistan, Waziristan, Afghanistan, Iraq, General Petraeus, Obama, Afghanistan, American, Obama, two)",79,"{'effect', 'which', 'particularly', 'think', 'concern', 'take', 'a', 'given', 'there', 'between', 'you', 'is', 'his', 'succeed', 'it', 'set', 'these', 'need', 'understand', 'the', 'withdrawal', 'strategy', 'but', 'so', 'are', 'important', 'as', 'subcommittee', 'connected', 'thing', 'defeat', 'general', 'under', 'by', 'security', 'that', 'then', 't', 'my', 'date', 'calamitous', 'adopted', 'know', 'with', 'up', 'and', 'traveled', 'of', 'seem', 'might', 'way', 'what', 'have', 'our', 'two', 'region', 'iraq', 'senator', 'if', 'gone', 'suffer', 'will', 'i', 'prevail', 'for', 'to', 'm', 'we', 'new', 'chairman', 'in', 's', 'national', 'would', 'needs', 'kind', 'american', 'point', 'when'}",275,6.0,3.0,7.5,empty,empty,empty,1.55,426.25,21308,35082.89333333333,The speaker establishes credibility by citing their experiences traveling to key locations and being a subcommittee chairman.,There is a mild appeal to the audience's emotions through the mention of 'calamitous effect' and 'American national security interests'.,The speaker uses logical reasoning to argue that withdrawal from Iraq will negatively impact Afghanistan and America's national security interests.
306,LEHRER,"I have some good news and bad news for the two of you. You all are even on time, which is remarkable, considering we’ve been going at it …",307,105,34,2,1,"(two,)",26,"{'even', 'at', 'which', 'bad', 'i', 'for', 'are', 'going', 'time', 'good', 'we', 'you', 'is', 'on', 'and', 'been', 'it', 'of', 'news', 'the', 'all', 'considering', 'have', 'some', 'remarkable', 'two'}",63,3.0,1.5,4.0,empty,empty,empty,1.2833333333333332,80.85,5037,6629.87,"The speaker establishes some credibility by acting as a timekeeper and making an observation about the debate, but they don't provide any evidence of their authority.","The mention of good news and bad news may create a slight emotional impact, but there is no strong appeal to any emotions.","The fact that the candidates are even on time is a logical observation, although the snippet does not provide any further statistics or information to establish a logical argument."
307,OBAMA,"A testimony to you, Jim.",308,100,7,1,1,"(Jim,)",5,"{'you', 'jim', 'testimony', 'to', 'a'}",14,1.5,0.0,0.0,empty,empty,empty,1.05,14.700000000000001,22326,38460.35666666667,"The reference to Jim shows some degree of personal connection, but it lacks context and elaboration.",,
308,LEHRER,"I don’t know about that. But the bad news is all my little five minute things have run over, so, anyhow, we’ll adjust as we get there. But the amount of time is even. New lead question. And it goes two minutes to you, Senator McCain, what is your reading on the threat from Iran right now to the security of the United States?",309,106,78,5,4,"(two minutes, McCain, Iran, the United States)",51,"{'about', 'even', 'security', 'that', 'senator', 'but', 'bad', 'your', 't', 'united', 'i', 'question', 'so', 'my', 'amount', 'adjust', 'reading', 'as', 'to', 'time', 'don', 'we', 'little', 'know', 'there', 'new', 'threat', 'you', 'iran', 'is', 'on', 'and', 'over', 'run', 'goes', 'minute', 'it', 'get', 'of', 'news', 'the', 'right', 'all', 'anyhow', 'now', 'what', 'lead', 'have', 'five', 'from', 'two'}",138,5.0,3.5,5.5,empty,empty,empty,1.4666666666666668,202.4,5175,6832.2699999999995,"The speaker employs neutrality and applies a reasonable tone, conveying a sense of credibility as a debate moderator.",The speaker's acknowledgement of their own inability to perfectly manage time may evoke sympathy from the audience.,"The speaker logically addresses time constraints and moves to a new lead question, representing a sense of organization and clarity."
309,MCCAIN,"My reading of the threat from Iran is that if Iran acquires nuclear weapons, it is an existential threat to the State of Israel and it is a threat to other countries in the region because the other countries in the region will feel compelling requirement to acquire nuclear weapons as well. Now we cannot allow a second Holocaust. Let’s just make that very clear. What I have proposed for a long time, and I’ve had conversation with foreign leaders about forming a league of democracies, let’s be clear and let’s have some straight talk. The Russians are preventing significant action in the United Nations Security Council. I have proposed a league of democracies, a group of people – a group of countries that share common interests, common values, common ideals, they also control a lot of the world’s economic power. We could impose significant meaningful, painful sanctions on the Iranians that I think could have a beneficial effect. The Iranians have a lousy government, so therefore their economy is lousy, even though they have significant oil revenues. So I am convinced that together, we can, with the French, with the British, with the Germans and other countries, democracies around the world, we can affect Iranian behavior. But have no doubt, but have no doubt that the Iranians continue on the path to the acquisition of a nuclear weapon as we speak tonight. And it is a threat not only in this region but around the world. What I’d also like to point out the Iranians are putting the most lethal IEDs into Iraq which are killing young Americans, there are special groups in Iran coming into Iraq and are being trained in Iran. There is the Republican Guard in Iran, which Senator Kyl had an amendment in order to declare them a sponsor of terror. Senator Obama said that would be provocative. So this is a serious threat. This is a serious threat to security in the world, and I believe we can act and we can act with our friends and allies and reduce that threat as quickly as possible, but have no doubt about the ultimate result of them acquiring nuclear weapons.",310,104,415,16,24,"(Iran, Iran, the State of Israel, second, Russians, the United Nations Security Council, Iranians, Iranians, French, British, Germans, Iranian, Iranians, tonight, Iranians, Iraq, Americans, Iran, Iraq, Iran, the Republican Guard, Iran, Kyl, Obama)",153,"{'effect', 'even', 'doubt', 'which', 'think', 'group', 'acquisition', 'kyl', 'compelling', 'special', 'israel', 'coming', 'into', 'very', 'common', 'action', 'a', 'had', 'there', 'is', 'on', 'acquire', 'just', 'guard', 'it', 'lethal', 'allow', 'impose', 'economic', 'the', 'because', 'make', 'iranian', 'share', 'painful', 'but', 'lot', 'requirement', 'terror', 'possible', 'so', 'world', 'are', 'believe', 'as', 'people', 'meaningful', 'iran', 'british', 'control', 'clear', 'only', 'second', 'result', 'beneficial', 'nuclear', 'allies', 'significant', 'now', 'trained', 'sponsor', 'provocative', 'security', 'that', 'oil', 'out', 'government', 'am', 'together', 'd', 'be', 'them', 'my', 'being', 'state', 'around', 'amendment', 'reading', 'their', 'french', 'holocaust', 'league', 'said', 'with', 'continue', 'power', 'quickly', 'and', 'killing', 'ultimate', 'of', 'reduce', 'young', 'serious', 'not', 'like', 'order', 'feel', 'behavior', 'what', 'have', 'our', 'they', 'therefore', 'foreign', 'economy', 'region', 'about', 'affect', 'iraq', 'senator', 'republican', 'if', 'could', 'most', 'well', 'other', 'united', 'will', 'i', 'for', 'an', 'existential', 'weapon', 'lousy', 'to', 'talk', 'long', 'time', 'we', 'threat', 'let', 'in', 's', 'conversation', 'convinced', 'this', 'forming', 'no', 'act', 'path', 'speak', 'would', 'declare', 'also', 'tonight', 'point', 'from', 'can', 'some', 'though', 'straight', 'council'}",608,7.2,6.8,8.6,empty,empty,empty,1.7533333333333334,1066.0266666666666,21916,36148.92,"The speaker draws on their experiences and informed proposals, such as working with foreign leaders and proposing a league of democracies, to establish credibility.",The mention of the potential 'second Holocaust' and the harm caused to young Americans by Iranian supplied IEDs triggers emotions of concern and urgency.,"The argument incorporates logical reasoning supported by facts, such as Iran's effort in acquiring nuclear weapons, economic issues, Russian involvement, and the need for international cooperation to impose sanctions."
310,LEHRER,"Two minutes on Iran, Senator Obama.",311,107,8,1,3,"(Two minutes, Iran, Obama)",4,"{'two', 'iran', 'senator', 'on'}",16,0.0,0.0,0.0,empty,empty,empty,1.0,16.0,5191,6848.2699999999995,,,
311,OBAMA,"Well, let me just correct something very quickly. I believe the Republican Guard of Iran is a terrorist organization. I’ve consistently said so. What Senator McCain refers to is a measure in the Senate that would try to broaden the mandate inside of Iraq. To deal with Iran. And ironically, the single thing that has strengthened Iran over the last several years has been the war in Iraq. Iraq was Iran’s mortal enemy. That was cleared away. And what we’ve seen over the last several years is Iran’s influence grow. They have funded Hezbollah, they have funded Hamas, they have gone from zero centrifuges to 4,000 centrifuges to develop a nuclear weapon. So obviously, our policy over the last eight years has not worked. Senator McCain is absolutely right, we cannot tolerate a nuclear Iran. It would be a game changer. Not only would it threaten Israel, a country that is our stalwart ally, but it would also create an environment in which you could set off an arms race in this Middle East. Now here’s what we need to do. We do need tougher sanctions. I do not agree with Senator McCain that we’re going to be able to execute the kind of sanctions we need without some cooperation with countries like Russia and China that are, I think Senator McCain would agree, not democracies, but have extensive trade with Iran but potentially have an interest in making sure Iran doesn’t have a nuclear weapon. But we are also going to have to, I believe, engage in tough direct diplomacy with Iran and this is a major difference I have with Senator McCain, this notion that by not talking to people we are punishing them has not worked. It has not worked in Iran, it has not worked in North Korea. In each instance, our efforts at isolation have actually accelerated their efforts to get nuclear weapons. That will change when I’m president of the United States.",312,101,382,21,34,"(the Republican Guard, Iran, McCain, Senate, Iraq, Iran, Iran, the last several years, Iraq, Iraq, Iran, the last several years, Iran, Hezbollah, Hamas, zero, 4,000, the last eight years, McCain, Iran, Israel, this Middle East, McCain, Russia, China, McCain, Iran, Iran, n’t, Iran, McCain, Iran, North Korea, the United States)",149,"{'measure', 'which', 'off', 'consistently', 'president', 'game', 'ally', 'think', 'north', 'try', 'israel', 'sure', 'very', 'extensive', 'a', 'able', 'organization', 'you', 'tolerate', 'is', 'just', 'guard', 'making', 'it', 'zero', 'set', 'need', 'mortal', 'potentially', 'funded', 'the', 'execute', 'right', 'difference', 'russia', 'deal', 'interest', 'worked', 'but', 'direct', 'senate', 'eight', 'actually', 'so', 'changer', 'believe', 'are', 'war', 'going', 'grow', 'each', 'isolation', 'people', 'single', 'iran', 'thing', 'influence', 'only', 'broaden', 'over', 'east', 'change', 'here', 'nuclear', 'agree', 'by', 'policy', 'last', 'now', 'enemy', 'stalwart', 'major', 'was', 'that', 'at', 'seen', 'mandate', 't', 'be', 'without', 'them', 'several', 'terrorist', 'their', 'middle', 'said', 'with', 'ironically', 'quickly', 'and', 'been', 'arms', 'environment', 'notion', 'of', 'not', 'accelerated', 'like', 'china', 'me', 'engage', 'do', 'develop', 'what', 'have', 'our', 'they', 'diplomacy', 'absolutely', 'iraq', 'create', 'senator', 'republican', 'could', 'gone', 'well', 'threaten', 'away', 'united', 'will', 'i', 'an', 'tough', 'weapon', 'talking', 'to', 'm', 're', 'trade', 'we', 'something', 'let', 'inside', 'in', 's', 'this', 'obviously', 'get', 'would', 'race', 'kind', 'country', 'also', 'correct', 'from', 'can', 'some', 'instance', 'when'}",586,7.5,4.0,8.4,empty,empty,empty,1.6633333333333333,974.7133333333334,22912,39435.07,"The speaker, a senator, presents themself as a knowledgeable and credible authority on foreign relations and policy by discussing their consistent stance and providing details on Iran's influence.",The discussion on the potential dangers of a nuclear Iran appeals to the audience's fear and interests in safety.,The speaker uses logical reasoning and real-life examples to show the failure of isolation policies and outlines an alternative approach to dealing with Iran while cooperating with non-democratic nations like Russia and China.
312,LEHRER,"Senator, what about talking?",313,108,6,1,0,(),4,"{'about', 'what', 'senator', 'talking'}",11,0.0,0.0,0.0,empty,empty,empty,1.0,11.0,5202,6859.2699999999995,,,
313,MCCAIN,"Senator Obama twice said in debates he would sit down with Ahmadinejad, Chavez and Raul Castro without precondition. Without precondition. Here is Ahmadinenene (ph), Ahmadinejad, who is, Ahmadinejad, who is now in New York, talking about the extermination of the State of Israel, of wiping Israel off the map, and we’re going to sit down, without precondition, across the table, to legitimize and give a propaganda platform to a person that is espousing the extermination of the state of Israel, and therefore then giving them more credence in the world arena and therefore saying, they’ve probably been doing the right thing, because you will sit down across the table from them and that will legitimize their illegal behavior. The point is that throughout history, whether it be Ronald Reagan, who wouldn’t sit down with Brezhnev, Andropov or Chernenko until Gorbachev was ready with glasnost and perestroika. Or whether it be Nixon’s trip to China, which was preceded by Henry Kissinger, many times before he went. Look, I’ll sit down with anybody, but there’s got to be pre-conditions. Those pre-conditions would apply that we wouldn’t legitimize with a face to face meeting, a person like Ahmadinejad. Now, Senator Obama said, without preconditions.",314,105,249,8,21,"(Obama, Ahmadinejad, Chavez, Raul Castro, Ahmadinenene, Ahmadinejad, Ahmadinejad, New York, the State of Israel, Israel, Israel, Ronald Reagan, Brezhnev, Andropov, Chernenko, Gorbachev, Nixon, China, Henry Kissinger, Ahmadinejad, Obama)",96,"{'off', 'which', 'those', 'or', 'apply', 'israel', 'a', 'there', 'extermination', 'you', 'is', 'york', 'doing', 'it', 'times', 'trip', 'arena', 'before', 'the', 'right', 'because', 'got', 'but', 'sit', 'ronald', 'world', 'going', 'credence', 'thing', 'here', 'throughout', 'many', 'ready', 'history', 'by', 'saying', 'now', 'propaganda', 'henry', 'was', 'that', 'illegal', 'twice', 'then', 'went', 't', 'without', 'them', 'be', 'state', 'their', 'face', 'legitimize', 'said', 'with', 'across', 'and', 'been', 'look', 'of', 'give', 'like', 'china', 'anybody', 'giving', 'behavior', 'they', 'therefore', 'down', 'about', 'senator', 'meeting', 'who', 'he', 'until', 'will', 'i', 'map', 'talking', 'to', 'table', 're', 'new', 'we', 'in', 's', 'precondition', 'would', 'whether', 'more', 'point', 'platform', 'probably', 'from', 'person', 'raul'}",374,7.0,8.0,6.5,empty,empty,empty,1.7166666666666668,642.0333333333334,22290,36790.95333333333,The speaker establishes credibility by providing historical examples of U.S. presidents and foreign policy.,The speaker evokes fear for the safety of Israel and disapproval of legitimizing dangerous leaders by sitting down with them without preconditions.,The use of historical examples and outlining the potential outcomes of meeting without preconditions provides logical reasoning.
314,OBAMA,"So let’s talk about this. First of all, Ahmadinejad is not the most powerful person in Iran. So he may not be the right person to talk to. But I reserve the right, as president of the United States to meet with anybody at a time and place of my choosing if I think it’s going to keep America safe. And I’m glad that Senator McCain brought up the history, the bipartisan history of us engaging in direct diplomacy.",315,102,93,5,7,"(’s, First, Ahmadinejad, Iran, the United States, America, McCain)",57,"{'about', 'that', 'senator', 'at', 'but', 'if', 'president', 'direct', 'most', 'he', 'think', 'united', 'safe', 'i', 'be', 'so', 'my', 'engaging', 'going', 'as', 'to', 'first', 'talk', 'm', 'time', 'brought', 'a', 'let', 'iran', 'with', 'in', 's', 'is', 'meet', 'bipartisan', 'this', 'up', 'america', 'and', 'glad', 'it', 'keep', 'of', 'place', 'not', 'powerful', 'us', 'history', 'the', 'reserve', 'right', 'anybody', 'choosing', 'all', 'may', 'person', 'diplomacy'}",162,7.5,4.0,8.5,empty,empty,empty,1.6666666666666665,270.0,23074,39705.07,The speaker establishes credibility by demonstrating knowledge about Iran's political structure and past diplomatic history.,"The speaker lightly appeals to American safety concerns, but the primary focus is on the logic of the argument.","The commenter effectively uses logic to explain the possible necessity of direct diplomacy, citing historical precedent and power dynamics."
315,OBAMA,"Senator McCain mentioned Henry Kissinger, who’s one of his advisers, who, along with five recent secretaries of state, just said that we should meet with Iran — guess what — without precondition. This is one of your own advisers. Now, understand what this means “without preconditions.” It doesn’t mean that you invite them over for tea one day. What it means is that we don’t do what we’ve been doing, which is to say, “Until you agree to do exactly what we say, we won’t have direct contacts with you.” There’s a difference between preconditions and preparation. Of course we’ve got to do preparations, starting with low-level diplomatic talks, and it may not work, because Iran is a rogue regime. But I will point out that I was called naive when I suggested that we need to look at exploring contacts with Iran. And you know what? President Bush recently sent a senior ambassador, Bill Burns, to participate in talks with the Europeans around the issue of nuclear weapons. Again, it may not work, but if it doesn’t work, then we have strengthened our ability to form alliances to impose the tough sanctions that Senator McCain just mentioned. And when we haven’t done it, as in North Korea — let me just take one more example — in North Korea, we cut off talks. They’re a member of the axis of evil. We can’t deal with them. And you know what happened? They went — they quadrupled their nuclear capacity. They tested a nuke. They tested missiles. They pulled out of the nonproliferation agreement. And they sent nuclear secrets, potentially, to countries like Syria. When we re-engaged — because, again, the Bush administration reversed course on this — then we have at least made some progress, although right now, because of the problems in North Korea, we are seeing it on shaky ground. And — and I just — so I just have to make this general point that the Bush administration, some of Senator McCain’s own advisers all think this is important, and Senator McCain appears resistant. He even said the other day that he would not meet potentially with the prime minister of Spain, because he — you know, he wasn’t sure whether they were aligned with us. I mean, Spain? Spain is a NATO ally.",316,103,471,23,25,"(McCain, Henry Kissinger, five, Iran, one, Iran, Iran, Bush, Bill Burns, Europeans, McCain, North Korea, one, North Korea, Syria, Bush, North Korea, Bush, McCain, McCain, the other day, Spain, Spain, Spain, NATO)",159,"{'even', 'participate', 'nuke', 'administration', 'naive', 'starting', 'off', 'which', 'president', 'ally', 'think', 'north', 'tea', 'sure', 'take', 'a', 'there', 'shaky', 'between', 'you', 'won', 'is', 'on', 'just', 'his', 'doing', 'it', 'minister', 'need', 'diplomatic', 'understand', 'impose', 'potentially', 'progress', 'the', 'invite', 'right', 'because', 'difference', 'make', 'all', 'senior', 'were', 'deal', 'bill', 'regime', 'got', 'recent', 'day', 'but', 'direct', 'form', 'ground', 'your', 'so', 'are', 'recently', 'important', 'capacity', 'own', 'as', 'resistant', 'iran', 'made', 'over', 'guess', 'general', 'nuclear', 'cut', 'evil', 'us', 'agree', 'haven', 'now', 'henry', 'again', 'say', 'ability', 'was', 'out', 'that', 'at', 'then', 'least', 'although', 'went', 'tested', 't', 'without', 'them', 'state', 'around', 'seeing', 'along', 'their', 'don', 'preparation', 'rogue', 'know', 'said', 'with', 'meet', 'work', 'example', 'ambassador', 'and', 'been', 'member', 'course', 'bush', 'agreement', 'look', 'of', 'not', 'like', 'me', 'do', 'what', 'have', 'our', 'they', 'should', 'axis', 'senator', 'sent', 'who', 'if', 'one', 'issue', 'he', 'other', 'until', 'will', 'i', 'for', 'prime', 'done', 'reversed', 'exploring', 'tough', 'exactly', 'to', 're', 'we', 'let', 'mean', 'in', 's', 'precondition', 'this', 'would', 'whether', 'more', 'point', 'five', 'can', 'some', 'may', 'when'}",678,8.1,6.4,7.8,empty,empty,empty,1.7433333333333334,1181.98,23752,40887.05,The snippet establishes credibility by citing Henry Kissinger and five recent Secretaries of State as sources and advocates for a similar diplomatic approach.,The speaker presents vivid imagery of Iran as a rogue regime and compelling examples of previous negotiations and their importance.,"The argument exhibits logical reasoning by demonstrating the distinction between preconditions and preparation, followed by the implications of not engaging diplomatically with adversaries."
316,MCCAIN,Of course.,317,106,3,1,0,(),2,"{'course', 'of'}",6,0.0,0.0,0.0,empty,empty,empty,1.0,6.0,22296,36796.95333333333,,,
317,OBAMA,"If we can’t meet with our friends, I don’t know how we’re going to lead the world in terms of dealing with critical issues like terrorism.",318,104,34,1,0,(),23,"{'if', 't', 'i', 'world', 'going', 'terrorism', 'to', 're', 'don', 'we', 'know', 'how', 'with', 'critical', 'in', 'meet', 'of', 'like', 'the', 'lead', 'dealing', 'can', 'our'}",58,3.2,7.8,5.4,empty,empty,empty,1.5466666666666666,89.70666666666666,23810,40976.75666666667,The speaker displays moderate authority by discussing how leadership is important in dealing with terrorism.,The sense of isolation and the emotional appeal of wanting to make the world a safer place by dealing with terrorism resonate.,"The connection between meeting friends and leading the world in dealing with terrorism is inadequately logical, but still somewhat relevant to global relationships."
318,MCCAIN,"I’m not going to set the White House visitors schedule before I’m president of the United States. I don’t even have a seal yet. Look, Dr. Kissinger did not say that he would approve of face-to- face meetings between the president of the United States and the president — and Ahmadinejad. He did not say that.",319,107,67,4,5,"(White House, the United States, Kissinger, the United States, Ahmadinejad)",31,"{'even', 'that', 'president', 'he', 't', 'did', 'united', 'i', 'approve', 'going', 'to', 'm', 'face', 'don', 'a', 'between', 'house', 'yet', 'and', 'seal', 'white', 'look', 'of', 'set', 'not', 'schedule', 'would', 'before', 'the', 'have', 'say'}",107,7.5,2.5,7.0,empty,empty,empty,1.5666666666666667,167.63333333333333,22403,36964.58666666667,"The speaker acknowledges their position as a future president, giving them credibility.",The speaker slightly appeals to humor by mentioning not having a seal yet.,The statement uses logical reasoning to address the scheduling and clarifies Dr. Kissinger's stance on face-to-face meetings.
319,OBAMA,Of course not.,320,105,4,1,0,(),3,"{'course', 'not', 'of'}",8,1.0,1.0,1.0,empty,empty,empty,1.1,8.8,23818,40985.556666666664,The snippet does not provide much context or reveal the speaker's credibility.,There is minimal emotional appeal in the statement.,The snippet doesn't provide enough context for a logical argument.
320,MCCAIN,"He said that there could be secretary-level and lower level meetings. I’ve always encouraged them. The Iranians have met with Ambassador Crocker in Baghdad. What Senator Obama doesn’t seem to understand that if without precondition you sit down across the table from someone who has called Israel a “stinking corpse,” and wants to destroy that country and wipe it off the map, you legitimize those comments. This is dangerous. It isn’t just naive; it’s dangerous. And so we just have a fundamental difference of opinion. As far as North Korea is concerned, our secretary of state, Madeleine Albright, went to North Korea. By the way, North Korea, most repressive and brutal regime probably on Earth. The average South Korean is three inches taller than the average North Korean, a huge gulag. We don’t know what the status of the dear leader’s health is today, but we know this, that the North Koreans have broken every agreement that they’ve entered into. And we ought to go back to a little bit of Ronald Reagan’s “trust, but verify,” and certainly not sit down across the table from — without precondition, as Senator Obama said he did twice, I mean, it’s just dangerous.",321,108,250,12,17,"(Iranians, Crocker, Baghdad, Obama, Israel, North Korea, Madeleine Albright, North Korea, North Korea, Earth, South Korean, three inches, North Korean, today, the North Koreans, Ronald Reagan’s, Obama)",111,"{'naive', 'off', 'taller', 'status', 'those', 'average', 'north', 'bit', 'albright', 'stinking', 'than', 'israel', 'health', 'south', 'leader', 'into', 'brutal', 'a', 'there', 'certainly', 'you', 'is', 'on', 'earth', 'just', 'it', 'understand', 'the', 'difference', 'someone', 'go', 'ought', 'regime', 'today', 'but', 'sit', 'ronald', 'met', 'fundamental', 'did', 'far', 'so', 'corpse', 'as', 'back', 'little', 'dangerous', 'destroy', 'by', 'repressive', 'every', 'wipe', 'that', 'twice', 'went', 'lower', 't', 'be', 'them', 'crocker', 'without', 'state', 'korean', 'legitimize', 'don', 'know', 'said', 'with', 'across', 'concerned', 'broken', 'ambassador', 'secretary', 'and', 'verify', 'agreement', 'of', 'seem', 'not', 'what', 'way', 'have', 'our', 'they', 'dear', 'down', 'three', 'senator', 'who', 'if', 'could', 'most', 'he', 'opinion', 'i', 'map', 'to', 'table', 'level', 'always', 'we', 'mean', 'in', 's', 'precondition', 'this', 'country', 'huge', 'from', 'probably', 'trust'}",390,7.5,5.5,8.0,empty,empty,empty,1.7,663.0,22793,37627.58666666667,The speaker establishes credibility by referring to their own experience and referencing historical events.,"The use of emotionally-charged words like 'dangerous,' 'naive,' and 'brutal' heighten the audience's emotional connection to the argument.","The speaker provides logical reasoning, citing examples of failed diplomacy, to emphasize the importance of setting preconditions before entering into negotiations."
321,OBAMA,"Look, I mean, Senator McCain keeps on using this example that suddenly the president would just meet with somebody without doing any preparation, without having low-level talks. Nobody’s been talking about that, and Senator McCain knows it. This is a mischaracterization of my position. When we talk about preconditions — and Henry Kissinger did say we should have contacts without preconditions — the idea is that we do not expect to solve every problem before we initiate talks. And, you know, the Bush administration has come to recognize that it hasn’t worked, this notion that we are simply silent when it comes to our enemies. And the notion that we would sit with Ahmadinejad and not say anything while he’s spewing his nonsense and his vile comments is ridiculous. Nobody is even talking about that.",322,106,155,7,5,"(McCain, McCain, Henry Kissinger, Bush, Ahmadinejad)",75,"{'about', 'even', 'that', 'senator', 'administration', 'worked', 'comes', 'sit', 'president', 'nobody', 'he', 'did', 't', 'problem', 'initiate', 'i', 'anything', 'idea', 'without', 'expect', 'while', 'suddenly', 'position', 'my', 'recognize', 'are', 'silent', 'ridiculous', 'talking', 'to', 'talk', 'spewing', 'mischaracterization', 'preparation', 'a', 'we', 'know', 'mean', 'with', 'you', 's', 'meet', 'on', 'is', 'example', 'solve', 'this', 'just', 'simply', 'doing', 'somebody', 'been', 'and', 'bush', 'it', 'his', 'look', 'notion', 'of', 'not', 'would', 'before', 'the', 'do', 'nonsense', 'any', 'vile', 'every', 'henry', 'come', 'have', 'our', 'say', 'when', 'should'}",242,7.4,8.0,8.5,empty,empty,empty,1.7966666666666666,434.79333333333335,24060,41420.35,"The speaker establishes credibility by referencing Senator McCain, Henry Kissinger, and the Bush administration's positions on diplomatic talks.",The speaker's passionate tone when addressing the misconception of their position and the defense of their own stance can evoke emotion.,"The speaker uses logical reasoning, arguing that initiating talks without preconditions does not mean remaining silent when faced with controversial figures and statements."
322,MCCAIN,"So let me get this right. We sit down with Ahmadinejad, and he says, “We’re going to wipe Israel off the face of the Earth,” and we say, “No, you’re not”? Oh, please.",323,109,50,3,3,"(Ahmadinejad, Israel, Earth)",28,"{'off', 'sit', 'he', 'please', 'so', 'israel', 'going', 'to', 'face', 're', 'we', 'let', 'with', 'you', 'earth', 'this', 'and', 'no', 'get', 'of', 'not', 'me', 'the', 'right', 'oh', 'say', 'wipe', 'down'}",84,3.5,8.2,4.0,empty,empty,empty,1.5233333333333334,127.96000000000001,22877,37755.54666666667,The speaker possesses a moderate level of authority by referring to high-level political negotiations.,The use of mockery and direct quotes evokes strong emotions of concern and disbelief in the audience.,The argument presents a simplified hypothetical situation but does not provide enough evidence or data to support its logical strength.
323,OBAMA,"No, let me tell… (CROSSTALK)",324,107,8,1,1,"(CROSSTALK,)",3,"{'let', 'me', 'no'}",13,1.0,1.0,0.0,empty,empty,empty,1.0666666666666667,13.866666666666667,24073,41434.21666666667,The speaker tries to assert authority by interrupting.,The emotional appeal is limited due to the disruption and lack of context.,
324,MCCAIN,"By the way, my friend, Dr. Kissinger, who’s been my friend for 35 years, would be interested to hear this conversation and Senator Obama’s depiction of his — of his positions on the issue. I’ve known him for 35 years.",325,110,52,2,4,"(Kissinger, 35 years, Obama, 35 years)",26,"{'senator', 'who', 'issue', 'hear', 'depiction', 'for', 'i', 'be', 'my', 'to', 's', 'conversation', 'on', 'this', 'his', 'him', 'and', 'been', 'of', 'would', 'the', 'by', 'friend', 'interested', 'known', 'way'}",84,7.5,3.5,4.0,empty,empty,empty,1.5,126.0,22961,37881.54666666667,The speaker builds credibility by mentioning their long-term friendship with Dr. Kissinger.,The remark may evoke emotions by subtly suggesting that Senator Obama has misrepresented a respected figure's view.,The logical aspect is mild as the speaker implies their decades-long relationship with Dr. Kissinger provides them with accurate knowledge about his opinions.
325,OBAMA,We will take a look.,326,108,6,1,0,(),5,"{'look', 'take', 'a', 'we', 'will'}",12,0.0,0.0,1.0,empty,empty,empty,1.0333333333333334,12.400000000000002,24085,41446.61666666667,,,"This statement demonstrates a commitment to assess a situation or issue, providing a simple logical appeal."
326,MCCAIN,And I guarantee you he would not — he would not say that presidential top level.,327,111,17,1,0,(),12,"{'you', 'i', 'that', 'and', 'he', 'say', 'level', 'not', 'presidential', 'would', 'guarantee', 'top'}",30,6.0,3.0,2.0,empty,empty,empty,1.3666666666666667,41.0,22991,37922.54666666667,The speaker appears to have confidence in their assessment and uses the word 'guarantee' to emphasize their authority.,The snippet has a mild appeal to emotion by referring to an unnamed person not approving a certain action.,"The argument lacks clear logical structure, making it difficult to fully understand, but it implies a reference to some implied standard by using the term 'presidential top level.'"
327,OBAMA,Nobody’s talking about that.,328,109,7,1,0,(),5,"{'about', 'that', 's', 'talking', 'nobody'}",13,3.4,6.0,0.6,empty,empty,empty,1.3333333333333333,17.333333333333332,24098,41463.95,The credibility of the speaker is not clearly referenced or established.,"This statement evokes a sense of neglect or underrepresentation of an issue, eliciting emotions from the audience.","The argument lacks logical structure and evidence, but the statement could be considered a weak logos presence."
328,MCCAIN,"Of course he encourages and other people encourage contacts, and negotiations, and all other things. We do that all the time.",329,112,25,2,0,(),13,"{'encourage', 'that', 'the', 'do', 'all', 'and', 'course', 'he', 'of', 'other', 'time', 'people', 'we'}",40,7.2,2.1,6.3,empty,empty,empty,1.52,60.8,23031,37983.346666666665,The speaker's confidence and tone of authority lend credibility to their argument (Ethos).,There is little emotional appeal in this statement (Pathos).,"By referencing established practices and negotiations, the speaker provides a logical basis for their argument (Logos)."
329,LEHRER,We’re going to go to a new… (CROSSTALK),330,109,12,1,1,"(CROSSTALK,)",6,"{'going', 'to', 'go', 're', 'a', 'we'}",20,0.0,0.0,0.0,empty,empty,empty,1.0,20.0,5222,6879.2699999999995,,,
330,MCCAIN,And Senator Obama is parsing words when he says precondition means preparation.,331,113,13,1,1,"(Obama,)",7,"{'is', 'senator', 'precondition', 'and', 'he', 'preparation', 'when'}",22,5.5,0.0,7.0,empty,empty,empty,1.4166666666666667,31.166666666666668,23053,38014.513333333336,"The speaker establishes credibility by addressing Senator Obama as 'Senator', showing respectful acknowledgment and understanding of his role.",,The statement offers a logical argument by addressing the distinction between 'precondition' and 'preparation' in Senator Obama's words.
331,OBAMA,I am not parsing words.,332,110,6,1,0,(),3,"{'am', 'not', 'i'}",10,2.0,0.0,4.5,empty,empty,empty,1.2166666666666668,12.166666666666668,24108,41476.11666666667,The speaker establishes some credibility by stating that they are straightforward in their communication.,,This statement demonstrates the logical approach of the speaker to avoid wordplay in their argument.
332,MCCAIN,"He’s parsing words, my friends.",333,114,9,1,0,(),3,"{'he', 's', 'my'}",13,2.7,5.5,1.0,empty,empty,empty,1.3066666666666666,16.986666666666665,23066,38031.5,The speaker uses a somewhat informal tone and tries to establish a connection with the audience by saying 'my friends.',"By claiming that the opponent is 'parsing words,' the speaker attempts to evoke an emotional response in the audience, implying that the opponent is being duplicitous or deceitful.","There's only a weak appeal to logic, as the claim that someone is 'parsing words' may not necessarily provide a clear or rational argument on the subject matter."
333,OBAMA,"I’m using the same words that your advisers use. Please, go ahead.",334,111,17,2,0,(),10,"{'the', 'that', 'ahead', 'please', 'your', 'm', 'same', 'go', 'use', 'i'}",29,5.5,3.0,7.5,empty,empty,empty,1.5333333333333332,44.46666666666666,24137,41520.583333333336,The speaker moderately establishes credibility by mentioning that they are using the same words as the listener's advisers.,There is a mild attempt at appealing to emotions by inviting the listener to proceed and engage in the discussion.,"The snippet uses logic effectively by mentioning that the speaker is using the same words as the listener's advisers, making their point harder to contest."
334,LEHRER,"New lead question. Russia, goes to you, two minutes, Senator Obama. How do you see the relationship with Russia? Do you see them as a competitor? Do you see them as an enemy? Do you see them as a potential partner?",335,110,50,6,4,"(Russia, two minutes, Obama, Russia)",23,"{'senator', 'partner', 'relationship', 'them', 'question', 'competitor', 'an', 'as', 'to', 'a', 'new', 'see', 'how', 'with', 'you', 'potential', 'goes', 'the', 'do', 'russia', 'lead', 'two', 'enemy'}",83,0.4,0.6,9.0,empty,empty,empty,1.3333333333333333,110.66666666666666,5305,6989.9366666666665,"The question is primarily factual and neutral, offering a low level of credibility or reputation.",There is a slight emotional appeal as the relationship with Russia could affect national security.,The question effectively employs logic by providing three possible relationship scenarios with Russia.
335,OBAMA,"Well, I think that, given what’s happened over the last several weeks and months, our entire Russian approach has to be evaluated, because a resurgent and very aggressive Russia is a threat to the peace and stability of the region. Their actions in Georgia were unacceptable. They were unwarranted. And at this point, it is absolutely critical for the next president to make clear that we have to follow through on our six-party — or the six-point cease-fire. They have to remove themselves from South Ossetia and Abkhazia. It is absolutely important that we have a unified alliance and that we explain to the Russians that you cannot be a 21st-century superpower, or power, and act like a 20th-century dictatorship. And we also have to affirm all the fledgling democracies in that region, you know, the Estonians, the Lithuanians, the Latvians, the Poles, the Czechs, that we are, in fact, going to be supportive and in solidarity with them in their efforts. They are members of NATO. And to countries like Georgia and the Ukraine, I think we have to insist that they are free to join NATO if they meet the requirements, and they should have a membership action plan immediately to start bringing them in. Now, we also can’t return to a Cold War posture with respect to Russia. It’s important that we recognize there are going to be some areas of common interest. One is nuclear proliferation. They have not only 15,000 nuclear warheads, but they’ve got enough to make another 40,000, and some of those loose nukes could fall into the hands of Al Qaida. This is an area where I’ve led on in the Senate, working with a Republican ranking member of the Senate Foreign Relations Committee, Dick Lugar, to deal with the proliferation of loose nuclear weapons. That’s an area where we’re going to have to work with Russia. But we have to have a president who is clear that you don’t deal with Russia based on staring into his eyes and seeing his soul. You deal with Russia based on, what are your — what are the national security interests of the United States of America? And we have to recognize that the way they’ve been behaving lately demands a sharp response from the international community and our allies.",336,112,448,18,35,"(the last several weeks, months, Russian, Russia, Georgia, six, six, South Ossetia, Abkhazia, Russians, 21st-century, 20th-century, Estonians, Lithuanians, Latvians, Poles, Czechs, NATO, Georgia, Ukraine, NATO, a Cold War, Russia, One, only 15,000, 40,000, Al Qaida, Senate, Republican, the Senate Foreign Relations Committee, Dick Lugar, Russia, Russia, Russia, the United States of America)",153,"{'president', 'those', 'think', 'community', 'or', 'supportive', 'immediately', 'dictatorship', 'free', 'soul', 'into', 'very', 'south', 'common', 'action', 'given', 'a', 'there', 'start', 'you', 'is', 'on', 'his', 'remove', 'america', 'it', 'loose', 'based', 'sharp', 'insist', 'the', 'led', 'where', 'because', 'all', 'make', 'russia', 'solidarity', 'al', 'were', 'dick', 'deal', 'superpower', 'response', 'staring', 'unwarranted', 'interest', 'got', 'but', 'unified', 'senate', 'your', 'cold', 'unacceptable', 'georgia', 'recognize', 'are', 'proliferation', 'war', 'important', 'going', 'plan', 'working', 'clear', 'only', 'explain', 'over', 'enough', 'affirm', 'nuclear', 'fall', 'allies', 'posture', 'next', 'last', 'now', 'join', 'resurgent', 'russian', 'that', 'security', 'approach', 'at', 'fledgling', 'peace', 'area', 'another', 't', 'fact', 'be', 'stability', 'follow', 'them', 'membership', 'several', 'seeing', 'their', 'don', 'know', 'with', 'critical', 'themselves', 'power', 'meet', 'work', 'entire', 'and', 'been', 'member', 'return', 'of', 'not', 'like', 'aggressive', 'what', 'way', 'have', 'our', 'they', 'foreign', 'should', 'region', 'absolutely', 'who', 'republican', 'if', 'could', 'one', 'international', 'well', 'alliance', 'united', 'i', 'for', 'lately', 'an', 'to', 're', 'we', 'threat', 'in', 's', 'this', 'national', 'through', 'act', 'respect', 'also', 'committee', 'point', 'from', 'can', 'some'}",654,8.5,6.5,9.0,empty,empty,empty,1.8,1177.2,24791,42697.78333333333,"The speaker establishes credibility as a knowledgeable expert on this issue by citing their work with a ranking member on the Senate Foreign Relations Committee, as well as mentioning specific countries and their relationships with Russia.","The speaker appeals to the audience's emotion by emphasizing the threat of Russia's aggressive behavior, nuclear proliferation, and the importance of supporting fledgling democracies.","The speaker provides a logical argument with a strong focus on outlining the issues surrounding Russia's actions, suggesting certain policies and responses to counteract them, and explaining the potential consequences of not addressing these issues."
336,LEHRER,"Two minutes on Russia, Senator McCain.",337,111,8,1,3,"(Two minutes, Russia, McCain)",4,"{'two', 'russia', 'senator', 'on'}",16,0.0,0.0,0.0,empty,empty,empty,1.0,16.0,5321,7005.9366666666665,,,
337,MCCAIN,"Well, I was interested in Senator Obama’s reaction to the Russian aggression against Georgia. His first statement was, “Both sides ought to show restraint.” Again, a little bit of naivete there. He doesn’t understand that Russia committed serious aggression against Georgia. And Russia has now become a nation fueled by petro-dollars that is basically a KGB apparatchik-run government. I looked into Mr. Putin’s eyes, and I saw three letters, a “K,” a “G,” and a “B.” And their aggression in Georgia is not acceptable behavior. I don’t believe we’re going to go back to the Cold War. I am sure that that will not happen. But I do believe that we need to bolster our friends and allies. And that wasn’t just about a problem between Georgia and Russia. It had everything to do with energy. There’s a pipeline that runs from the Caspian through Georgia through Turkey. And, of course, we know that the Russians control other sources of energy into Europe, which they have used from time to time. It’s not accidental that the presidents of Latvia, Estonia, Lithuania, Poland, and Ukraine flew to Georgia, flew to Tbilisi, where I have spent significant amount of time with a great young president, Misha Saakashvili.",338,115,259,13,28,"(Obama, Russian, Georgia, first, Russia, Georgia, Russia, petro-dollars, KGB, Putin, three, Georgia, the Cold War, Georgia, Russia, Caspian, Georgia, Turkey, Russians, Europe, Latvia, Estonia, Lithuania, Poland, Ukraine, Georgia, Tbilisi, Misha Saakashvili)",102,"{'which', 'president', 'bolster', 'bit', 'amount', 'sure', 'into', 'acceptable', 'had', 'a', 'there', 'between', 'spent', 'is', 'aggression', 'just', 'his', 'g', 'it', 'show', 'need', 'understand', 'saw', 'the', 'sides', 'where', 'interested', 'russia', 'k', 'go', 'ought', 'reaction', 'but', 'cold', 'everything', 'georgia', 'flew', 'believe', 'war', 'going', 'become', 'nation', 'back', 'little', 'control', 'pipeline', 'allies', 'significant', 'by', 'now', 'again', 'was', 'russian', 'that', 'government', 'am', 'great', 't', 'both', 'problem', 'their', 'against', 'don', 'used', 'know', 'with', 'and', 'course', 'of', 'serious', 'young', 'not', 'do', 'behavior', 'statement', 'have', 'our', 'they', 'about', 'three', 'happen', 'senator', 'energy', 'he', 'well', 'other', 'will', 'i', 'turkey', 'basically', 'to', 'first', 'time', 're', 'naivete', 'we', 'in', 's', 'through', 'accidental', 'from', 'caspian'}",402,7.8,4.2,8.5,empty,empty,empty,1.6833333333333333,676.7,23468,38708.2,The speaker establishes credibility by showing experience with and understanding of the geopolitics involved in the Russia-Georgia conflict.,The anecdote about looking into Putin's eyes and seeing 'KGB' evokes fear but has limited overall emotional appeal.,The speaker demonstrates solid reasoning by linking Russia's aggression to energy politics and detailing its potential regional consequences.
338,MCCAIN,"And they showed solidarity with them, but, also, they are very concerned about the Russian threats to regain their status of the old Russian to regain their status of the old Russian empire. Now, I think the Russians ought to understand that we will support — we, the United States — will support the inclusion of Georgia and Ukraine in the natural process, inclusion into NATO. We also ought to make it very clear that the Russians are in violation of their cease-fire agreement. They have stationed additional troops in Abkhazia and South Ossetia. By the way, I went there once, and we went inside and drove in, and there was a huge poster. And this is — this is Georgian territory. And there was a huge poster of Vladimir Putin, and it said, “Vladimir Putin, our president.” It was very clear, the Russian intentions towards Georgia. They were just waiting to seize the opportunity. So, this is a very difficult situation. We want to work with the Russians. But we also have every right to expect the Russians to behave in a fashion and keeping with a — with a — with a country who respects international boundaries and the norms of international behavior. And watch Ukraine. This whole thing has got a lot to do with Ukraine, Crimea, the base of the Russian fleet in Sevastopol. And the breakdown of the political process in Ukraine between Tymoshenko and Yushchenko is a very serious problem. So watch Ukraine, and let’s make sure that we — that the Ukrainians understand that we are their friend and ally.",339,116,303,15,28,"(Russian, Russian, Russian, Russians, the United States, Georgia, Ukraine, NATO, Russians, Abkhazia, South Ossetia, Georgian, Vladimir Putin, Vladimir Putin, Russian, Georgia, Russians, Russians, Ukraine, Ukraine, Crimea, Russian, Sevastopol, Ukraine, Tymoshenko, Yushchenko, Ukraine, Ukrainians)",102,"{'status', 'empire', 'ally', 'think', 'watch', 'sure', 'into', 'very', 'south', 'waiting', 'a', 'there', 'between', 'is', 'just', 'it', 'difficult', 'understand', 'drove', 'the', 'right', 'friend', 'make', 'sevastopol', 'solidarity', 'were', 'towards', 'regain', 'ought', 'political', 'got', 'old', 'but', 'georgian', 'lot', 'georgia', 'so', 'are', 'behave', 'thing', 'clear', 'support', 'by', 'now', 'every', 'was', 'russian', 'that', 'opportunity', 'went', 'fashion', 'poster', 'violation', 'problem', 'them', 'once', 'expect', 'breakdown', 'territory', 'their', 'said', 'with', 'concerned', 'work', 'and', 'agreement', 'inclusion', 'of', 'serious', 'process', 'do', 'want', 'behavior', 'way', 'have', 'our', 'they', 'about', 'situation', 'who', 'international', 'additional', 'united', 'will', 'i', 'seize', 'to', 'we', 'let', 'inside', 'in', 's', 'whole', 'this', 'vladimir', 'base', 'country', 'also', 'huge', 'natural', 'keeping', 'fleet'}",448,7.1,3.2,8.0,empty,empty,empty,1.6099999999999999,721.28,23916,39429.479999999996,The speaker demonstrates credibility by sharing a personal experience and mentioning specific locations and leaders.,The snippet emphasizes the concern about Russian threats which evoke a sense of urgency.,"The speaker outlines a comprehensive analysis of the situation, citing historical context, specific events, and political ramifications."
339,LEHRER,You see any — do you have a major difference with what he just said?,340,112,16,1,0,(),13,"{'with', 'you', 'do', 'just', 'difference', 'any', 'he', 'what', 'have', 'said', 'a', 'major', 'see'}",30,3.5,1.5,2.0,empty,empty,empty,1.2333333333333334,37.0,5351,7042.9366666666665,The speaker establishes credibility by comparing positions to reach an understanding.,Limited emotional appeal is present in trying to identify differences.,"The question encourages a logical response, but lacks sufficient context to explore the topic deeply."
340,OBAMA,"No, actually, I think Senator McCain and I agree for the most part on these issues. Obviously, I disagree with this notion that somehow we did not forcefully object to Russians going into Georgia. I immediately said that this was illegal and objectionable. And, absolutely, I wanted a cessation of the violence, because it put an enormous strain on Georgia, and that’s why I was the first to say that we have to rebuild the Georgian economy and called for a billion dollars that has now gone in to help them rebuild. Because part of Russia’s intentions here was to weaken the economy to the point where President Saakashvili was so weakened that he might be replaced by somebody that Putin favored more. Two points I think are important to think about when it comes to Russia. Number one is we have to have foresight and anticipate some of these problems. So back in April, I warned the administration that you had Russian peacekeepers in Georgian territory. That made no sense whatsoever. And what we needed to do was replace them with international peacekeepers and a special envoy to resolve the crisis before it boiled over. That wasn’t done. But had it been done, it’s possible we could have avoided the issue. The second point I want to make is — is the issue of energy. Russia is in part resurgent and Putin is feeling powerful because of petro-dollars, as Senator McCain mentioned. That means that we, as one of the biggest consumers of oil — 25 percent of the world’s oil — have to have an energy strategy not just to deal with Russia, but to deal with many of the rogue states we’ve talked about, Iran, Venezuela. And that means, yes, increasing domestic production and off-shore drilling, but we only have 3 percent of the world’s oil supplies and we use 25 percent of the world’s oil. So we can’t simply drill our way out of the problem. What we’re going to have to do is to approach it through alternative energy, like solar, and wind, and biodiesel, and, yes, nuclear energy, clean-coal technology. And, you know, I’ve got a plan for us to make a significant investment over the next 10 years to do that. And I have to say, Senator McCain and I, I think agree on the importance of energy, but Senator McCain mentioned earlier the importance of looking at a record. Over 26 years, Senator McCain voted 23 times against alternative energy, like solar, and wind, and biodiesel. And so we — we — we’ve got to walk the walk and not just talk the talk when it comes to energy independence, because this is probably going to be just as vital for our economy and the pain that people are feeling at the pump — and, you know, winter’s coming and home heating oil — as it is our national security and the issue of climate change that’s so important.",341,113,583,22,32,"(McCain, Russians, Georgia, Georgia, first, Georgian, a billion dollars, Russia, Saakashvili, Putin, Two, Russia, April, Russian, Georgian, second, Russia, Putin, McCain, 25 percent, Russia, Iran, Venezuela, 3 percent, 25 percent, the next 10 years, McCain, McCain, 26 years, McCain, 23, winter)",183,"{'billion', 'comes', 'administration', 'president', 'drill', 'envoy', 'think', 'technology', 'immediately', 'percent', 'special', 'solar', 'coming', 'strain', 'into', 'a', 'had', 'you', 'is', 'on', 'replace', 'just', 'it', 'crisis', 'times', 'these', 'before', 'the', 'april', 'where', 'because', 'make', 'russia', 'deal', 'biggest', 'strategy', 'got', 'but', 'heating', 'actually', 'georgian', 'did', 'georgia', 'possible', 'so', 'world', 'are', 'feeling', 'weaken', 'important', 'going', 'as', 'plan', 'back', 'people', 'iran', 'objectionable', 'only', 'made', 'second', 'somebody', 'over', 'investment', 'change', 'here', 'many', 'drilling', 'nuclear', 'powerful', 'us', 'significant', 'agree', 'by', 'next', 'domestic', 'now', 'walk', 'enormous', 'say', 'use', 'resurgent', 'was', 'rebuild', 'that', 'russian', 'oil', 'out', 'illegal', 'approach', 'at', 'security', 'put', 'whatsoever', 't', 'problem', 'production', 'them', 'be', 'territory', 'anticipate', 'pain', 'favored', 'somehow', 'against', 'home', 'foresight', 'rogue', 'know', 'said', 'vital', 'with', 'violence', 'and', 'been', 'pump', 'notion', 'of', 'boiled', 'not', 'disagree', 'like', 'climate', 'might', 'do', 'want', 'independence', 'object', 'what', 'have', 'our', 'way', 'two', 'why', 'economy', 'about', 'absolutely', 'senator', 'wind', 'energy', 'could', 'most', 'he', 'one', 'gone', 'international', 'issue', 'winter', 'cessation', 'sense', 'i', 'for', 'done', 'an', 'record', 'to', 'first', 'number', 'forcefully', 'talk', 're', 'we', 'alternative', 'in', 's', 'simply', 'this', 'national', 'through', 'increasing', 'no', 'obviously', 'part', 'more', 'looking', 'yes', 'point', 'importance', 'probably', 'can', 'some', 'help', 'when', 'resolve'}",820,8.3,5.0,8.5,empty,empty,empty,1.7266666666666666,1415.8666666666666,25611,44113.65,"The speaker establishes credibility by citing specific examples of their experience, consistent position on issues, and foresight on potential conflicts.","The speaker appeals to the audience's emotions by discussing the pain people feel at the pump, the upcoming winter, and home heating oil concerns.","The speaker presents a logical argument by discussing the relationship between global energy dynamics and the need for alternative energy sources, while highlighting the inadequacy of relying solely on domestic production and drilling."
341,LEHRER,We’ve got time for one more lead question segment. We’re way out of… (CROSSTALK),342,113,21,2,2,"(one, CROSSTALK)",12,"{'re', 'question', 'got', 'more', 'out', 'one', 'way', 'lead', 'time', 'segment', 'we', 'for'}",37,0.0,0.0,0.0,empty,empty,empty,1.0,37.0,5388,7079.9366666666665,,,
342,LEHRER,Quick response and then… (CROSSTALK),343,114,7,1,1,"(CROSSTALK,)",3,"{'response', 'quick', 'and'}",12,0.0,0.0,0.0,empty,empty,empty,1.0,12.0,5400,7091.9366666666665,,,
343,MCCAIN,"No one from Arizona is against solar. And Senator Obama says he’s for nuclear, but he’s against reprocessing and he’s against storing. So…",344,117,32,3,2,"(Arizona, Obama)",14,"{'is', 'senator', 's', 'arizona', 'but', 'and', 'solar', 'one', 'he', 'from', 'no', 'nuclear', 'against', 'for'}",51,6.0,4.0,3.0,empty,empty,empty,1.4333333333333333,73.1,23967,39502.58,The speaker appeals to credibility by mentioning Senator Obama's stance on nuclear energy.,The mention of Arizona and solar evokes a sense of identity and regional pride.,There is a logical inconsistency in the claim that Senator Obama is both for and against nuclear energy.
344,OBAMA,"That’s just not true, John. John, I’m sorry, but that’s not true.",345,114,23,2,2,"(John, John)",10,"{'s', 'that', 'true', 'just', 'but', 'sorry', 'john', 'm', 'not', 'i'}",37,2.4,2.7,6.0,empty,empty,empty,1.37,50.690000000000005,25648,44164.34,The speaker tries to maintain credibility by sympathizing with John while disagreeing.,There is a mild attempt to stir empathy for John by apologizing before proceeding.,The statement provides a logical refutation but doesn't offer any additional evidence to support the claim.
345,MCCAIN,"… it’s hard to get there from here. And off-shore drilling is also something that is very important and it is a bridge. And we know that, if we drill off-shore and exploit a lot of these reserves, it will help, at temporarily, relieve our energy requirements. And it will have, I think, an important effect on the price of a barrel of oil.",346,118,76,4,0,(),43,"{'effect', 'that', 'oil', 'at', 'if', 'energy', 'drill', 'think', 'will', 'i', 'lot', 'an', 'bridge', 'exploit', 'important', 'relieve', 'price', 'to', 'very', 'a', 'we', 'something', 'there', 'know', 's', 'is', 'on', 'temporarily', 'barrel', 'and', 'it', 'here', 'get', 'drilling', 'of', 'these', 'also', 'the', 'from', 'our', 'have', 'help', 'hard'}",123,4.5,6.0,7.5,empty,empty,empty,1.6,196.8,24090,39699.38,The speaker has some authority on the topic but lacks strong credibility.,The snippet appeals to the listeners' concern for energy requirements and the impact on oil prices.,The argument includes logical reasoning connecting off-shore drilling to a temporary alleviation of energy needs and a potential effect on oil prices.
346,OBAMA,"I just have to respond very quickly, just to correct — just to correct the record.",347,115,18,1,0,(),10,"{'correct', 'the', 'quickly', 'just', 'record', 'have', 'to', 'very', 'respond', 'i'}",29,2.5,0.0,6.0,empty,empty,empty,1.2833333333333332,37.21666666666666,25677,44201.556666666664,The speaker mildly establishes credibility by showing a desire for accuracy.,,The statement logically refers to correcting misinformation and providing accurate information.
347,MCCAIN,"So I want to say that, with the Nunn-Lugar thing…",348,119,11,1,0,(),8,"{'with', 'the', 'that', 'so', 'want', 'to', 'say', 'i'}",20,2.0,0.0,1.5,empty,empty,empty,1.1166666666666667,22.333333333333336,24110,39721.71333333333,"The speaker references the Nunn-Lugar program, suggesting some knowledge or expertise in the subject.",,"The snippet merely mentions the Nunn-Lugar program without providing any logical argument, so it scores low on Logos."
348,LEHRER,"Excuse me, Senator.",349,115,5,1,0,(),3,"{'excuse', 'me', 'senator'}",9,0.0,0.0,0.0,empty,empty,empty,1.0,9.0,5409,7100.9366666666665,,,
349,OBAMA,John?,350,116,2,1,1,"(John,)",1,{'john'},5,0.0,0.0,0.0,empty,empty,empty,1.0,5.0,25682,44206.556666666664,,,
350,MCCAIN,… I supported Nunn-Lugar back in the early 1990s when a lot of my colleagues didn’t. That was the key legislation at the time and put us on the road to eliminating this issue of nuclear waste and the nuclear fuel that has to be taken care of.,351,120,52,2,3,"(Nunn-Lugar, the early 1990s, n’t)",31,"{'was', 'that', 'at', 'legislation', 'issue', 'put', 'taken', 't', 'i', 'lot', 'be', 'my', 'early', 'key', 'fuel', 'to', 'time', 'back', 'a', 'road', 'in', 'on', 'this', 'and', 'care', 'of', 'nuclear', 'waste', 'us', 'the', 'when'}",88,7.5,2.0,8.2,empty,empty,empty,1.5899999999999999,139.92,24198,39861.63333333333,The speaker establishes their credibility by citing their support for a key legislation and differentiating themselves from those who didn't.,The speaker mildly evokes concern about nuclear waste and the need to address it.,The speaker provides a logical argument by referring to the Nunn-Lugar legislation as a significant solution for the issue of nuclear waste management.
351,OBAMA,"I — I just have to correct the record here. I have never said that I object to nuclear waste. What I’ve said is that we have to store it safely. And, Senator McCain, he says — he talks about Arizona.",352,117,49,4,2,"(McCain, Arizona)",25,"{'about', 'that', 'never', 'senator', 'arizona', 'he', 'i', 'store', 'record', 'to', 'we', 'said', 'is', 'just', 'and', 'it', 'here', 'nuclear', 'waste', 'correct', 'the', 'object', 'what', 'have', 'safely'}",80,4.5,3.5,7.0,empty,empty,empty,1.5,120.0,25762,44326.556666666664,The speaker establishes credibility by correcting the record on their stance.,Mentions of safety concerns and appropriate storage may elicit an emotional response.,The argument uses logical reasoning to differentiate their position from Senator McCain's and highlights the importance of safe nuclear waste storage.
352,LEHRER,All right.,353,116,3,1,0,(),2,"{'all', 'right'}",6,0.0,0.0,0.0,empty,empty,empty,1.0,6.0,5415,7106.9366666666665,,,
353,OBAMA,"I’ve got to make this point, Jim.",354,118,11,1,1,"(Jim,)",7,"{'got', 'this', 'jim', 'make', 'point', 'to', 'i'}",20,0.0,2.0,0.0,empty,empty,empty,1.0666666666666667,21.333333333333332,25782,44347.89,,"There is a mild appeal to emotion, demonstrating the urgency to make an important point.",
354,LEHRER,OK.,355,117,2,1,0,(),1,{'ok'},4,0.0,0.0,0.0,empty,empty,empty,1.0,4.0,5419,7110.9366666666665,,,
355,OBAMA,He objects…,356,119,2,1,0,(),1,{'he'},4,0.0,0.0,0.0,empty,empty,empty,1.0,4.0,25786,44351.89,,,
356,MCCAIN,I have voted for alternate fuel all of my time…,357,121,10,1,0,(),8,"{'my', 'all', 'fuel', 'have', 'of', 'alternate', 'i', 'for'}",19,7.5,0.0,3.2,empty,empty,empty,1.3566666666666667,25.776666666666667,24217,39887.409999999996,A reference to the speaker's past voting history helps establish credibility.,,"Although the fact of voting for alternate fuel indicates a certain logical stance, it does not provide substantial supporting evidence."
357,OBAMA,He — he — he objects… (CROSSTALK),358,120,9,1,1,"(CROSSTALK,)",1,{'he'},12,0.0,0.0,0.0,empty,empty,empty,1.0,12.0,25798,44363.89,,,
358,LEHRER,"One at a time, please.",359,118,7,1,1,"(One,)",5,"{'at', 'one', 'please', 'time', 'a'}",14,4.0,2.5,6.5,empty,empty,empty,1.4333333333333333,20.066666666666666,5433,7131.003333333333,This enforces the authority and credibility of the speaker to maintain order in the discussion.,"The emotional appeal here is minimal, with a slight implication of exasperation.",The statement uses clear and logical language to organize speakers and maintain structure in the debate.
359,OBAMA,He objected…,360,121,2,1,0,(),1,{'he'},4,1.0,0.0,0.0,empty,empty,empty,1.0333333333333334,4.133333333333334,25802,44368.02333333333,The brief mention of an objection shows a degree of credibility as it implies the speaker's knowledge about an ongoing conversation.,,
360,LEHRER,One at a time.,361,119,5,1,1,"(One,)",4,"{'one', 'time', 'a', 'at'}",11,0.0,0.0,0.0,empty,empty,empty,1.0,11.0,5444,7142.003333333333,,,
361,MCCAIN,No one can be opposed to alternate energy.,362,122,9,1,0,(),8,"{'be', 'energy', 'one', 'opposed', 'can', 'no', 'to', 'alternate'}",18,6.0,8.4,5.1,empty,empty,empty,1.65,29.7,24235,39917.11,"The speaker assumes authority all-knowingly, claiming that opposition is impossible.",This statement appeals to the audience's emotions by presenting a universal positive outlook on alternate energy.,"Although not presenting any explicit argument or evidence, the statement relies on the assumption that alternate energy is logically unopposable."
362,OBAMA,"All right, fair enough. Let’s move on. You’ve got one more energy — you’ve got one more question.",363,122,28,3,2,"(one, one)",14,"{'let', 'you', 'question', 's', 'right', 'on', 'got', 'move', 'more', 'all', 'energy', 'one', 'enough', 'fair'}",47,4.0,2.0,5.5,empty,empty,empty,1.3833333333333333,65.01666666666667,25849,44433.04,The speaker shows respect in being fair and moving along in the discussion.,The snippet slightly appeals to the emotions by getting ready to provide answers to questions.,The speaker presents a moderate structure in transitioning and acknowledging the next question.
363,LEHRER,"This is the last — last lead question. You have two minutes each. And the question is this, beginning with you, Senator McCain. What do you think the likelihood is that there would be another 9/11-type attack on the continental United States?",364,120,48,4,4,"(two minutes, McCain, 9/11, United States)",27,"{'that', 'senator', 'beginning', 'another', 'think', 'united', 'likelihood', 'be', 'question', 'continental', 'each', 'there', 'with', 'you', 'is', 'attack', 'on', 'this', 'and', 'would', 'the', 'do', 'last', 'what', 'lead', 'have', 'two'}",83,1.5,2.0,4.0,empty,empty,empty,1.25,103.75,5527,7245.753333333333,Asking the candidates demonstrates a degree of trust in their opinions.,Mentioning 'another 9/11-type attack' evokes an emotional response.,The phrasing of the question invites candidates to provide logical reasoning for their answers.
364,MCCAIN,"I think it’s much less than it was the day after 9/11. I think it — that we have a safer nation, but we are a long way from safe. And I want to tell you that one of the things I’m most proud of, among others, because I have worked across the aisle. I have a long record on that, on a long series of reforms. But after 9/11, Senator Joe Lieberman and I decided that we needed a commission, and that was a commission to investigate 9/11, and find out what happened, and fix it. And we were — we were opposed by the administration, another area where I differed with this administration. And we were stymied until the families of 9/11 came, and they descended on Washington, and we got that legislation passed. And there were a series of recommendations, as I recall, more than 40. And I’m happy to say that we’ve gotten written into law most of those reforms recommended by that commission. I’m proud of that work, again, bipartisan, reaching across the aisle, working together, Democrat and Republican alike. So we have a long way to go in our intelligence services. We have to do a better job in human intelligence. And we’ve got to — to make sure that we have people who are trained interrogators so that we don’t ever torture a prisoner ever again. We have to make sure that our technological and intelligence capabilities are better. We have to work more closely with our allies. I know our allies, and I can work much more closely with them. But I can tell you that I think America is safer today than it was on 9/11. But that doesn’t mean that we don’t have a long way to go. And I’d like to remind you, also, as a result of those recommendations, we’ve probably had the largest reorganization of government since we established the Defense Department. And I think that those men and women in those agencies are doing a great job. But we still have a long way to go before we can declare America safe, and that means doing a better job along our borders, as well.",365,123,435,21,13,"(the day after, 9/11, Joe Lieberman, 9/11, 9/11, Washington, more than 40, Democrat, Republican, America, today, the Defense Department, America)",133,"{'administration', 'legislation', 'those', 'think', 'gotten', 'ever', 'technological', 'than', 'prisoner', 'sure', 'into', 'a', 'there', 'had', 'you', 'is', 'on', 'investigate', 'washington', 'america', 'doing', 'men', 'it', 'closely', 'before', 'the', 'where', 'because', 'make', 'were', 'go', 'tell', 'today', 'got', 'worked', 'defense', 'day', 'but', 'job', 'so', 'are', 'as', 'nation', 'came', 'working', 'people', 'result', 'remind', 'allies', 'recall', 'since', 'by', 'trained', 'again', 'still', 'say', 'commission', 'was', 'out', 'that', 'reorganization', 'government', 'area', 'great', 'aisle', 'another', 'together', 'better', 'human', 't', 'd', 'them', 'along', 'don', 'know', 'across', 'with', 'work', 'bipartisan', 'and', 'of', 'written', 'much', 'happy', 'like', 'do', 'want', 'way', 'what', 'have', 'our', 'they', 'department', 'senator', 'alike', 'who', 'republican', 'torture', 'one', 'most', 'well', 'fix', 'until', 'safe', 'find', 'i', 'joe', 'decided', 'series', 'democrat', 'less', 'record', 'to', 'm', 'long', 'we', 'reaching', 'mean', 'in', 's', 'this', 'intelligence', 'among', 'after', 'law', 'declare', 'also', 'more', 'opposed', 'from', 'can', 'probably', 'established'}",602,7.3,4.4,8.0,empty,empty,empty,1.6566666666666667,997.3133333333334,24837,40914.42333333333,The speaker establishes credibility by sharing their experience working across the aisle and their efforts with Senator Lieberman after 9/11.,The reference to the families of 9/11 victims creates an emotional connection and highlights the importance of ensuring safety for the country.,"The speaker effectively uses logical reasoning by discussing specific improvements made, such as intelligence services, working with allies, and government reorganization, to argue that the nation is safer but still has progress to make."
365,LEHRER,"Two minutes, Senator Obama.",366,121,6,1,2,"(Two minutes, Obama)",2,"{'two', 'senator'}",11,0.0,0.0,0.0,empty,empty,empty,1.0,11.0,5538,7256.753333333333,,,
366,OBAMA,"Well, first of all, I think that we are safer in some ways. Obviously, we’ve poured billions of dollars into airport security. We have done some work in terms of securing potential targets, but we still have a long way to go. We’ve got to make sure that we’re hardening our chemical sites. We haven’t done enough in terms of transit; we haven’t done enough in terms of ports. And the biggest threat that we face right now is not a nuclear missile coming over the skies. It’s in a suitcase. This is why the issue of nuclear proliferation is so important. It is the — the biggest threat to the United States is a terrorist getting their hands on nuclear weapons. And we — we are spending billions of dollars on missile defense. And I actually believe that we need missile defense, because of Iran and North Korea and the potential for them to obtain or to launch nuclear weapons, but I also believe that, when we are only spending a few hundred million dollars on nuclear proliferation, then we’re making a mistake. The other thing that we have to focus on, though, is Al Qaida. They are now operating in 60 countries. We can’t simply be focused on Iraq. We have to go to the root cause, and that is in Afghanistan and Pakistan. That’s going to be critical. We are going to need more cooperation with our allies. And one last point I want to make. It is important for us to understand that the way we are perceived in the world is going to make a difference, in terms of our capacity to get cooperation and root out terrorism. And one of the things that I intend to do as president is to restore America’s standing in the world. We are less respected now than we were eight years ago or even four years ago.",367,123,373,21,18,"(first, billions of dollars, n’t, the United States, billions of dollars, Iran, North Korea, a few hundred million dollars, Al Qaida, 60, Iraq, Afghanistan, Pakistan, one, one, America, eight years ago, four years ago)",132,"{'even', 'president', 'think', 'hundred', 'north', 'or', 'coming', 'than', 'sure', 'into', 'a', 'is', 'on', 'america', 'making', 'it', 'need', 'understand', 'the', 'right', 'all', 'because', 'make', 'difference', 'al', 'ways', 'were', 'go', 'biggest', 'got', 'defense', 'but', 'actually', 'eight', 'standing', 'so', 'world', 'are', 'believe', 'proliferation', 'important', 'capacity', 'getting', 'million', 'going', 'as', 'restore', 'skies', 'iran', 'thing', 'only', 'over', 'spending', 'enough', 'nuclear', 'allies', 'launch', 'us', 'haven', 'last', 'now', 'still', 'mistake', 'obtain', 'security', 'that', 'out', 'then', 't', 'transit', 'them', 'be', 'terrorist', 'suitcase', 'their', 'operating', 'terrorism', 'face', 'with', 'critical', 'potential', 'work', 'root', 'airport', 'and', 'four', 'chemical', 'of', 'not', 'ago', 'do', 'want', 'focus', 'way', 'have', 'our', 'they', 'why', 'iraq', 'intend', 'few', 'one', 'issue', 'well', 'other', 'united', 'i', 'for', 'done', 'less', 'cause', 'to', 'first', 'long', 're', 'we', 'threat', 'in', 's', 'simply', 'this', 'obviously', 'get', 'missile', 'also', 'more', 'point', 'hardening', 'can', 'some', 'though', 'when'}",544,7.5,6.5,8.5,empty,empty,empty,1.75,952.0,26393,45385.04,The speaker demonstrates credibility through their knowledge of various aspects of national security and international relations.,"There is an appeal to the audience's fears and concerns about terrorism and nuclear threats, which drives the audience to emotionally connect with the speaker's points.","The speaker uses logical arguments, such as budget allocation, the growth of Al Qaida, and international perceptions, to support their stance on security issues."
367,OBAMA,"And this is the greatest country on Earth. But because of some of the mistakes that have been made — and I give Senator McCain great credit on the torture issue, for having identified that as something that undermines our long-term security — because of those things, we, I think, are going to have a lot of work to do in the next administration to restore that sense that America is that shining beacon on a hill.",368,124,83,2,3,"(Earth, McCain, America)",46,"{'security', 'that', 'senator', 'administration', 'but', 'torture', 'issue', 'great', 'those', 'think', 'sense', 'i', 'for', 'lot', 'are', 'hill', 'going', 'as', 'to', 'restore', 'shining', 'beacon', 'a', 'we', 'something', 'in', 'is', 'on', 'work', 'earth', 'this', 'made', 'america', 'and', 'been', 'of', 'give', 'country', 'the', 'do', 'next', 'because', 'have', 'credit', 'some', 'our'}",134,7.5,7.2,6.8,empty,empty,empty,1.7166666666666668,230.03333333333336,26527,45615.073333333334,"The speaker acknowledges Senator McCain's efforts, demonstrating credibility and goodwill.",The phrase 'shining beacon on a hill' emotionally resonates and appeals to national pride.,"The argument is logically structured, admitting mistakes and proposing that work must be done to restore America's image."
368,LEHRER,Do you agree there’s much to be done in a new administration to restore… (CROSSTALK),369,122,19,1,1,"(CROSSTALK,)",13,"{'you', 'be', 's', 'agree', 'done', 'do', 'in', 'administration', 'new', 'to', 'much', 'a', 'there'}",34,0.0,0.0,0.0,empty,empty,empty,1.0,34.0,5572,7290.753333333333,,,
369,MCCAIN,"But in the case of missile defense, Senator Obama said it had to be, quote, “proven.” That wasn’t proven when Ronald Reagan said we would do SDI, which is missile defense. And it was major — a major factor in bringing about the end of the Cold War. We seem to come full circle again. Senator Obama still doesn’t quite understand — or doesn’t get it — that if we fail in Iraq, it encourages Al Qaida. They would establish a base in Iraq. The consequences of defeat, which would result from his plan of withdrawal and according to date certain, regardless of conditions, according to our military leaders, according to every expert, would lead to defeat — possible defeat, loss of all the fragile sacrifice that we’ve made of American blood and treasure, which grieves us all. All of that would be lost if we followed Senator Obama’s plan to have specific dates with withdrawal, regardless of conditions on the ground. And General Petraeus says we have had great success, but it’s very fragile. And we can’t do what Senator Obama wants to do. That is the central issue of our time. And I think Americans will judge very seriously as to whether that’s the right path or the wrong path and who should be the next president of the United States.",370,124,266,11,13,"(Obama, Ronald Reagan, the Cold War, Obama, Iraq, Al Qaida, Iraq, American, Obama, General Petraeus, Obama, Americans, the United States)",106,"{'which', 'president', 'expert', 'circle', 'think', 'or', 'sacrifice', 'judge', 'very', 'had', 'a', 'case', 'is', 'on', 'his', 'it', 'understand', 'the', 'right', 'all', 'success', 'al', 'withdrawal', 'military', 'defense', 'but', 'ronald', 'ground', 'treasure', 'cold', 'wrong', 'possible', 'war', 'as', 'plan', 'according', 'certain', 'defeat', 'made', 'result', 'general', 'us', 'next', 'every', 'again', 'still', 'major', 'was', 'loss', 'that', 'fail', 'lost', 'great', 't', 'be', 'date', 'proven', 'specific', 'establish', 'said', 'with', 'quote', 'and', 'end', 'of', 'seem', 'do', 'what', 'come', 'lead', 'our', 'have', 'they', 'should', 'about', 'iraq', 'senator', 'who', 'if', 'blood', 'issue', 'full', 'united', 'will', 'i', 'factor', 'regardless', 'central', 'quite', 'to', 'time', 'we', 'in', 's', 'get', 'path', 'missile', 'would', 'base', 'whether', 'american', 'from', 'can', 'seriously', 'when', 'fragile'}",396,6.5,4.9,6.7,empty,empty,empty,1.6033333333333335,634.9200000000001,25233,41549.34333333333,The speaker refers to their own experience and rules proposed by Senator Obama to establish authority.,The appeal to the sacrifice of American lives and treasure elicits an emotional response and concern about the consequences.,Citing General Petraeus's statement and results as well as the consequences of the withdrawal plan demonstrates logical reasoning.
370,LEHRER,You see the same connections that Senator McCain does?,371,123,10,1,1,"(McCain,)",7,"{'you', 'the', 'that', 'senator', 'same', 'does', 'see'}",19,1.5,0.0,2.5,empty,empty,empty,1.1333333333333333,21.53333333333333,5591,7312.286666666667,The speaker's authority is weakly implied through their questioning of someone else's position without necessarily establishing their own credibility.,,The speaker is making a logical inquiry but fails to provide clear reasoning or evidence.
371,OBAMA,"Oh, there’s no doubt. Look, over the last eight years, this administration, along with Senator McCain, have been solely focused on Iraq. That has been their priority. That has been where all our resources have gone. In the meantime, bin Laden is still out there. He is not captured. He is not killed. Al Qaida is resurgent. In the meantime, we’ve got challenges, for example, with China, where we are borrowing billions of dollars. They now hold a trillion dollars’ worth of our debt. And they are active in countries like — in regions like Latin America, and Asia, and Africa. They are — the conspicuousness of their presence is only matched by our absence, because we’ve been focused on Iraq. We have weakened our capacity to project power around the world because we have viewed everything through this single lens, not to mention, look at our economy. We are now spending $10 billion or more every month. And that means we can’t provide health care to people who need it. We can’t invest in science and technology, which will determine whether or not we are going to be competitive in the long term. There has never been a country on Earth that saw its economy decline and yet maintained its military superiority. So this is a national security issue. We haven’t adequately funded veterans’ care. I sit on the Veterans Affairs Committee, and we’ve got — I meet veterans all across the country who are trying to figure out, “How can I get disability payments? I’ve got post-traumatic stress disorder, and yet I can’t get treatment.” So we have put all chips in, right there, and nobody is talking about losing this war. What we are talking about is recognizing that the next president has to have a broader strategic vision about all the challenges that we face. That’s been missing over the last eight years. That sense is something that I want to restore.",372,125,396,24,16,"(the last eight years, McCain, Iraq, bin Laden, Al Qaida, China, billions of dollars, a trillion dollars, Latin America, Asia, Africa, Iraq, $10 billion, Earth, the Veterans Affairs Committee, the last eight years)",150,"{'billion', 'doubt', 'administration', 'missing', 'which', 'president', 'strategic', 'technology', 'or', 'latin', 'debt', 'absence', 'health', 'laden', 'a', 'there', 'is', 'superiority', 'on', 'earth', 'america', 'it', 'need', 'saw', 'funded', 'the', 'right', 'where', 'all', 'because', 'al', 'disability', 'borrowing', 'military', 'got', 'invest', 'figure', 'sit', 'eight', 'everything', 'so', 'world', 'are', 'war', 'capacity', 'going', 'restore', 'people', 'conspicuousness', 'single', 'yet', 'only', 'over', 'spending', 'determine', 'science', 'by', 'haven', 'next', 'chips', 'last', 'now', 'every', 'still', 'lens', 'losing', 'resurgent', 'out', 'that', 'security', 'at', 'stress', 'solely', 'put', 'disorder', 't', 'be', 'priority', 'around', 'competitive', 'along', 'their', 'active', 'face', 'provide', 'with', 'across', 'power', 'meet', 'example', 'trillion', 'and', 'been', 'bin', 'look', 'care', 'of', 'not', 'like', 'china', 'want', 'oh', 'what', 'have', 'our', 'they', 'economy', 'about', 'iraq', 'worth', 'senator', 'never', 'who', 'vision', 'he', 'issue', 'gone', 'nobody', 'presence', 'month', 'will', 'i', 'for', 'sense', 'project', 'talking', 'mention', 'to', 'long', 'we', 'something', 'how', 'in', 's', 'this', 'national', 'through', 'trying', 'no', 'get', 'whether', 'country', 'committee', 'more', 'decline', 'adequately', 'can', 'its', 'hold', 'term'}",586,7.1,8.3,7.5,empty,empty,empty,1.7633333333333332,1033.3133333333333,27113,46648.386666666665,The speaker establishes credibility by mentioning their position in the Veterans Affairs Committee.,"The speaker appeals to emotions by discussing challenges faced by veterans, healthcare needs, and the struggles in the economy.","The speaker presents logical arguments highlighting the consequences of prioritizing Iraq and the challenges in various aspects, like economy and global presence."
372,MCCAIN,"I’ve been involved, as I mentioned to you before, in virtually every major national security challenge we’ve faced in the last 20-some years. There are some advantages to experience, and knowledge, and judgment. And I — and I honestly don’t believe that Senator Obama has the knowledge or experience and has made the wrong judgments in a number of areas, including his initial reaction to Russian invasion — aggression in Georgia, to his — you know, we’ve seen this stubbornness before in this administration to cling to a belief that somehow the surge has not succeeded and failing to acknowledge that he was wrong about the surge is — shows to me that we — that — that we need more flexibility in a president of the United States than that. As far as our other issues that he brought up are concerned, I know the veterans. I know them well. And I know that they know that I’ll take care of them. And I’ve been proud of their support and their recognition of my service to the veterans. And I love them. And I’ll take care of them. And they know that I’ll take care of them. And that’s going to be my job. But, also, I have the ability, and the knowledge, and the background to make the right judgments, to keep this country safe and secure. Reform, prosperity, and peace, these are major challenges to the United States of America. I don’t think I need any on-the-job training. I’m ready to go at it right now.",373,125,312,15,6,"(20-some years, Obama, Russian, Georgia, the United States, the United States of America)",113,"{'flexibility', 'judgment', 'administration', 'president', 'initial', 'secure', 'think', 'or', 'honestly', 'than', 'take', 'a', 'there', 'you', 'is', 'aggression', 'experience', 'his', 'america', 'it', 'need', 'these', 'before', 'the', 'right', 'belief', 'make', 'any', 'go', 'reaction', 'background', 'training', 'but', 'prosperity', 'wrong', 'virtually', 'job', 'georgia', 'far', 'are', 'believe', 'involved', 'as', 'failing', 'going', 'brought', 'challenge', 'made', 'support', 'ready', 'last', 'now', 'every', 'recognition', 'major', 'ability', 'was', 'reform', 'security', 'that', 'russian', 'at', 'seen', 'peace', 't', 'them', 'be', 'my', 'their', 'somehow', 'faced', 'don', 'know', 'knowledge', 'concerned', 'cling', 'service', 'up', 'and', 'been', 'keep', 'care', 'of', 'not', 'me', 'stubbornness', 'acknowledge', 'have', 'our', 'they', 'about', 'surge', 'senator', 'he', 'well', 'other', 'united', 'safe', 'i', 'to', 'number', 'm', 'we', 'in', 's', 'this', 'national', 'country', 'also', 'more', 'invasion', 'love', 'some'}",446,8.5,7.2,8.1,empty,empty,empty,1.7933333333333332,799.8266666666666,25679,42349.17,The speaker effectively establishes credibility by citing their extensive experience and involvement in national security challenges.,The speaker appeals to emotions by expressing love for veterans and promising to take care of them.,The speaker provides logical arguments highlighting Senator Obama's lack of experience and inflexibility in acknowledging the success of the surge.
373,OBAMA,"Well, let me just make a closing point. You know, my father came from Kenya. That’s where I get my name. And in the ’60s, he wrote letter after letter to come to college here in the United States because the notion was that there was no other country on Earth where you could make it if you tried. The ideals and the values of the United States inspired the entire world. I don’t think any of us can say that our standing in the world now, the way children around the world look at the United States, is the same. And part of what we need to do, what the next president has to do — and this is part of our judgment, this is part of how we’re going to keep America safe — is to — to send a message to the world that we are going to invest in issues like education, we are going to invest in issues that — that relate to how ordinary people are able to live out their dreams. And that is something that I’m going to be committed to as president of the United States.",374,126,220,8,7,"(Kenya, the United States, Earth, the United States, the United States, America, the United States)",96,"{'judgment', 'president', 'live', 'think', 'message', 'a', 'there', 'able', 'father', 'you', 'ordinary', 'is', 'on', 'relate', 'earth', 'just', 'name', 'america', 'it', 'need', 'the', 'where', 'because', 'make', 'any', 'invest', 'standing', 'world', 'are', 'going', 'as', 'came', 'people', 'college', 'here', 'us', 'next', 'now', 'say', 'tried', 'send', 'was', 'out', 'that', 'at', 't', 'be', 'my', 'around', 'their', 'don', 'know', 'entire', 'and', 'notion', 'look', 'keep', 'of', 'like', 'me', 'do', 'way', 'come', 'what', 'our', 'same', 'if', 'could', 'he', 'well', 'wrote', 'other', 'united', 'safe', 'i', 'inspired', 'to', 'm', 're', 'we', 'something', 'let', 'how', 'in', 's', 'this', 'letter', 'education', 'no', 'get', 'after', 'part', 'country', 'point', 'from', 'can'}",331,8.5,7.0,6.2,empty,empty,empty,1.7233333333333332,570.4233333333333,27444,47218.81,"The speaker establishes credibility by sharing their personal connection to the American dream, emphasizing their father's journey from Kenya to the United States.",The snippet invokes emotions by discussing how the ideals and values of the United States inspire the world and the importance of education in helping people achieve their dreams.,The speaker provides a logical argument for investing in education and addressing the needs of ordinary people to improve the United States' global standing.
374,LEHRER,Few seconds. We’re almost finished.,375,124,9,2,0,(),5,"{'finished', 'almost', 'few', 're', 'we'}",16,0.0,0.0,0.0,empty,empty,empty,1.0,16.0,5607,7328.286666666667,,,
375,MCCAIN,"Jim, when I came home from prison, I saw our veterans being very badly treated, and it made me sad. And I embarked on an effort to resolve the POW-MIA issue, which we did in a bipartisan fashion, and then I worked on normalization of relations between our two countries so that our veterans could come all the way home. I guarantee you, as president of the United States, I know how to heal the wounds of war, I know how to deal with our adversaries, and I know how to deal with our friends.",376,126,107,3,4,"(Jim, MIA, two, the United States)",55,"{'that', 'worked', 'jim', 'which', 'then', 'could', 'president', 'issue', 'fashion', 'did', 'sad', 'united', 'i', 'wounds', 'prison', 'badly', 'so', 'being', 'an', 'normalization', 'war', 'as', 'to', 'very', 'came', 'home', 'we', 'a', 'between', 'effort', 'know', 'how', 'you', 'in', 'with', 'on', 'bipartisan', 'heal', 'made', 'and', 'it', 'of', 'saw', 'me', 'the', 'all', 'way', 'come', 'from', 'our', 'deal', 'two', 'when', 'guarantee', 'resolve'}",169,7.5,8.2,6.3,empty,empty,empty,1.7333333333333334,292.93333333333334,25848,42642.10333333333,The speaker establishes credibility by mentioning their own personal experience and bipartisan work on the POW-MIA issue.,"The speaker invokes sadness in their experience and empathy for veterans' struggles, relating social issues to the emotional trauma caused by war.","The speaker provides examples of their work on the POW-MIA issue and normalization of relations between countries, showcasing logical reasoning for their ability to heal wounds and work with others."
376,LEHRER,"And that ends this debate tonight. On October 2nd, next Thursday, also at 9:00 p.m. Eastern time, the two vice presidential candidates will debate at Washington University in St. Louis. My PBS colleague, Gwen Ifill, will be the moderator. For now, from Oxford, Mississippi, thank you, senators, both. I’m Jim Lehrer. Thank you, and good night. (APPLAUSE)",377,125,78,7,13,"(tonight, October 2nd, next Thursday, 9:00 p.m. Eastern time, two, Washington University, St. Louis, PBS, Gwen Ifill, Oxford, Mississippi, Jim Lehrer, APPLAUSE)",41,"{'that', 'at', 'jim', 'debate', 'gwen', 'louis', 'thursday', 'both', 'will', 'i', 'for', 'be', 'vice', 'mississippi', 'my', 'eastern', 'night', 'october', 'm', 'time', 'colleague', 'good', 'you', 'in', 'on', 'this', 'washington', 'and', 'university', 'oxford', 'presidential', 'thank', 'also', 'the', 'tonight', 'next', 'now', 'applause', 'from', 'moderator', 'two'}",139,7.8,0.0,0.0,empty,empty,empty,1.26,175.14000000000001,5746,7503.426666666666,"The moderator, Jim Lehrer references his PBS colleague, Gwen Ifill, and the upcoming vice presidential debate to establish credibility and trustworthiness.",,
